t,x,y,yaw,dist,plano_n,rumo_alvo,erro_rumo,raw_v,raw_wz,saida_v,saida_wz,mux_v,mux_wz,key_v
0.0,-0.0432,-0.0343,-0.0132,2.0434,34,-0.0132,0.0,0.0,0.0,0.0,0.0,0.0,0.0,0.0
0.05,-0.05,-0.0346,-0.0131,2.0503,34,0.0222,0.0353,0.4997,0.0842,0.0,0.0,0.0,0.0,0.0
0.1,-0.05,-0.0346,-0.0131,2.0503,34,0.0225,0.0356,0.4997,0.0844,0.0,0.0,0.0,0.0,0.0
0.15,-0.0509,-0.0344,-0.0141,2.0512,34,0.0225,0.0366,0.4997,0.0844,0.0,0.0,0.0,0.0,0.0
0.2,-0.0509,-0.0344,-0.0141,2.0512,34,0.0221,0.0363,0.4997,0.0852,0.4997,0.0842,0.4997,0.0842,0.0
0.25,-0.0562,-0.0345,-0.0118,2.0565,34,0.0221,0.0339,0.4997,0.0852,0.4997,0.0842,0.4997,0.0842,0.0
0.3,-0.0562,-0.0345,-0.0118,2.0565,34,0.0221,0.0339,0.4997,0.0823,0.4997,0.0844,0.4997,0.0844,0.0
0.35,-0.0536,-0.0341,-0.0099,2.0538,34,0.0221,0.032,0.4997,0.0823,0.4997,0.0844,0.4997,0.0844,0.0
0.4,-0.0536,-0.0341,-0.0099,2.0538,34,0.0212,0.0311,0.4998,0.0789,0.4997,0.0852,0.4997,0.0852,0.0
0.45,-0.0509,-0.0345,-0.0095,2.0512,34,0.0212,0.0307,0.4998,0.0789,0.4997,0.0823,0.4997,0.0823,0.0
0.5,-0.0509,-0.0345,-0.0095,2.0512,34,0.0224,0.0319,0.4997,0.0798,0.4997,0.0823,0.4997,0.0823,0.0
0.55,-0.0361,-0.0351,-0.0032,2.0364,34,0.0224,0.0256,0.4997,0.0798,0.4998,0.0789,0.4998,0.0789,0.0
0.6,-0.0361,-0.0351,-0.0032,2.0364,34,0.0245,0.0277,0.4993,0.0745,0.4998,0.0789,0.4998,0.0789,0.0
0.65,-0.0093,-0.0358,0.0021,2.0097,34,0.0245,0.0224,0.4993,0.0745,0.4997,0.0798,0.4997,0.0798,0.0
0.7,-0.0093,-0.0358,0.0021,2.0097,34,0.0282,0.0261,0.4991,0.0723,0.4997,0.0798,0.4997,0.0798,0.0
0.75,0.0191,-0.0386,0.0044,1.9813,34,0.0282,0.0238,0.4991,0.0723,0.4993,0.0745,0.4993,0.0745,0.0
0.8,0.0191,-0.0386,0.0044,1.9813,34,0.0336,0.0292,0.4979,0.0764,0.4993,0.0745,0.4993,0.0745,0.0
0.85,0.0456,-0.0415,0.0073,1.9548,34,0.0336,0.0263,0.4979,0.0764,0.4993,0.0745,0.4993,0.0745,0.0
0.9,0.0456,-0.0415,0.0073,1.9548,34,0.0434,0.0361,0.4947,0.085,0.4991,0.0723,0.4991,0.0723,0.0
0.95,0.0758,-0.0424,0.0077,1.9247,34,0.0434,0.0357,0.4947,0.085,0.4991,0.0723,0.4991,0.0723,0.0
1.0,0.0758,-0.0424,0.0077,1.9247,32,0.0434,0.0358,0.4964,0.0846,0.4979,0.0764,0.4979,0.0764,0.0
1.05,0.1046,-0.0433,0.0085,1.8959,32,0.0434,0.0349,0.4964,0.0846,0.4979,0.0764,0.4979,0.0764,0.0
1.1,0.1046,-0.0433,0.0085,1.8959,32,0.0436,0.0351,0.4986,0.0837,0.4947,0.085,0.4947,0.085,0.0
1.15,0.1291,-0.0429,0.0038,1.8714,32,0.0436,0.0398,0.4986,0.0837,0.4964,0.0846,0.4964,0.0846,0.0
1.2,0.1291,-0.0429,0.0038,1.8714,32,0.0452,0.0414,0.499,0.091,0.4964,0.0846,0.4964,0.0846,0.0
1.25,0.1566,-0.0434,0.0042,1.8439,32,0.0452,0.0411,0.499,0.091,0.4986,0.0837,0.4986,0.0837,0.0
1.3,0.1566,-0.0434,0.0042,1.8439,32,0.0439,0.0398,0.4995,0.0892,0.4986,0.0837,0.4986,0.0837,0.0
1.35,0.1863,-0.0445,0.0064,1.8142,32,0.0439,0.0375,0.4995,0.0892,0.499,0.091,0.499,0.091,0.0
1.4,0.1863,-0.0445,0.0064,1.8142,32,0.0501,0.0436,0.4985,0.0934,0.499,0.091,0.499,0.091,0.0
1.45,0.2134,-0.0497,0.0086,1.7873,32,0.0501,0.0415,0.4985,0.0934,0.4995,0.0892,0.4995,0.0892,0.0
1.5,0.2134,-0.0497,0.0086,1.7873,32,0.06,0.0514,0.4927,0.1013,0.4995,0.0892,0.4995,0.0892,0.0
1.55,0.2451,-0.0442,0.0053,1.7555,32,0.06,0.0547,0.4927,0.1013,0.4995,0.0892,0.4995,0.0892,0.0
1.6,0.2451,-0.0442,0.0053,1.7555,32,0.0505,0.0452,0.4991,0.0951,0.4985,0.0934,0.4985,0.0934,0.0
1.65,0.2718,-0.0439,0.0065,1.7288,32,0.0505,0.0439,0.4991,0.0951,0.4985,0.0934,0.4985,0.0934,0.0
1.7,0.2718,-0.0439,0.0065,1.7288,32,0.0536,0.0471,0.4994,0.097,0.4927,0.1013,0.4927,0.1013,0.0
1.75,0.3012,-0.0414,0.0041,1.6993,32,0.0536,0.0495,0.4994,0.097,0.4927,0.1013,0.4927,0.1013,0.0
1.8,0.3012,-0.0414,0.0041,1.6993,32,0.0387,0.0346,0.4997,0.0831,0.4991,0.0951,0.4991,0.0951,0.0
1.85,0.3298,-0.0408,0.0078,1.6707,32,0.0387,0.0308,0.4997,0.0831,0.4991,0.0951,0.4991,0.0951,0.0
1.9,0.3298,-0.0408,0.0078,1.6707,32,0.0398,0.032,0.4997,0.08,0.4994,0.097,0.4994,0.097,0.0
1.95,0.3298,-0.0408,0.0078,1.6707,32,0.0398,0.032,0.4997,0.08,0.4994,0.097,0.4994,0.097,0.0
2.0,0.3565,-0.0372,0.0025,1.644,32,0.0398,0.0373,0.4997,0.0864,0.4997,0.0831,0.4997,0.0831,0.0
2.05,0.3812,-0.0352,0.0046,1.6192,26,0.0331,0.0284,0.4995,0.0781,0.4997,0.08,0.4997,0.08,0.0
2.1,0.3812,-0.0352,0.0046,1.6192,26,0.0258,0.0211,0.4993,0.065,0.4997,0.08,0.4997,0.08,0.0
2.15,0.4082,-0.0359,0.0014,1.5922,26,0.0258,0.0243,0.4993,0.065,0.4995,0.0781,0.4995,0.0781,0.0
2.2,0.4082,-0.0359,0.0014,1.5922,26,0.0261,0.0247,0.4997,0.0703,0.4995,0.0781,0.4995,0.0781,0.0
2.25,0.4327,-0.0343,0.0014,1.5677,26,0.0261,0.0247,0.4997,0.0703,0.4995,0.0781,0.4995,0.0781,0.0
2.3,0.4327,-0.0343,0.0014,1.5677,26,0.0236,0.0222,0.4999,0.0666,0.4993,0.065,0.4993,0.065,0.0
2.35,0.4559,-0.036,0.0009,1.5445,26,0.0236,0.0227,0.4999,0.0666,0.4993,0.065,0.4993,0.065,0.0
2.4,0.4559,-0.036,0.0009,1.5445,26,0.0263,0.0254,0.4996,0.0713,0.4997,0.0703,0.4997,0.0703,0.0
2.45,0.4822,-0.0394,0.0053,1.5183,26,0.0263,0.021,0.4996,0.0713,0.4997,0.0703,0.4997,0.0703,0.0
2.5,0.4822,-0.0394,0.0053,1.5183,26,0.0366,0.0312,0.4983,0.0791,0.4999,0.0666,0.4999,0.0666,0.0
2.55,0.5067,-0.0446,0.0057,1.4939,26,0.0366,0.0309,0.4983,0.0791,0.4999,0.0666,0.4999,0.0666,0.0
2.6,0.5067,-0.0446,0.0057,1.4939,26,0.0469,0.0412,0.4914,0.0907,0.4996,0.0713,0.4996,0.0713,0.0
2.65,0.5352,-0.0512,0.008,1.4657,26,0.0469,0.0389,0.4914,0.0907,0.4983,0.0791,0.4983,0.0791,0.0
2.7,0.5352,-0.0512,0.008,1.4657,26,0.0672,0.0593,0.4836,0.1089,0.4983,0.0791,0.4983,0.0791,0.0
2.75,0.5631,-0.0578,0.0031,1.4381,26,0.0672,0.0641,0.4836,0.1089,0.4914,0.0907,0.4914,0.0907,0.0
2.8,0.5631,-0.0578,0.0031,1.4381,26,0.0904,0.0873,0.4745,0.1322,0.4914,0.0907,0.4914,0.0907,0.0
2.85,0.5907,-0.0632,0.0056,1.4107,26,0.0904,0.0848,0.4745,0.1322,0.4836,0.1089,0.4836,0.1089,0.0
2.9,0.5907,-0.0632,0.0056,1.4107,26,0.0877,0.0821,0.4777,0.1281,0.4836,0.1089,0.4836,0.1089,0.0
2.95,0.6197,-0.0667,0.0032,1.3819,26,0.0877,0.0845,0.4777,0.1281,0.4745,0.1322,0.4836,0.1089,0.0
3.0,0.6197,-0.0667,0.0032,1.3819,26,0.1024,0.0993,0.4836,0.1409,0.4745,0.1322,0.4745,0.1322,0.0
3.05,0.6505,-0.0645,0.004,1.3511,26,0.1024,0.0984,0.4836,0.1409,0.4745,0.1322,0.4745,0.1322,0.0
3.1,0.6505,-0.0645,0.004,1.3511,27,0.105,0.101,0.4919,0.1421,0.4777,0.1281,0.4777,0.1281,0.0
3.15,0.6769,-0.0663,0.0039,1.3248,27,0.0129,0.0089,0.5,0.0,0.4777,0.1281,0.4777,0.1281,0.0
3.2,0.6769,-0.0663,0.0039,1.3248,27,0.0182,0.0143,0.5,0.0,0.4836,0.1409,0.4836,0.1409,0.0
3.25,0.7057,-0.0675,0.0124,1.2961,27,0.0182,0.0058,0.5,0.0,0.4836,0.1409,0.4836,0.1409,0.0
3.3,0.7057,-0.0675,0.0124,1.2961,27,0.0251,0.0127,0.5,0.0,0.5,0.0,0.5,0.0,0.0
3.35,0.7338,-0.0679,0.0102,1.268,27,0.0251,0.0149,0.5,0.0,0.5,0.0,0.5,0.0,0.0
3.4,0.7338,-0.0679,0.0102,1.268,27,0.0278,0.0176,0.5,0.0,0.5,0.0,0.5,0.0,0.0
3.45,0.7639,-0.0644,0.0094,1.2378,27,0.0278,0.0184,0.5,0.0,0.5,0.0,0.5,0.0,0.0
3.5,0.7639,-0.0644,0.0094,1.2378,27,0.0229,0.0135,0.5,0.0,0.5,0.0,0.5,0.0,0.0
3.55,0.7919,-0.0592,0.0085,1.2095,27,0.0229,0.0144,0.5,0.0,0.5,0.0,0.5,0.0,0.0
3.6,0.7919,-0.0592,0.0085,1.2095,27,0.011,0.0025,0.5,0.0,0.5,0.0,0.5,0.0,0.0
3.65,0.8207,-0.0536,0.0114,1.1805,27,0.011,-0.0004,0.5,0.0,0.5,0.0,0.5,0.0,0.0
3.7,0.8207,-0.0536,0.0114,1.1805,27,0.0014,-0.01,0.5,0.0,0.5,0.0,0.5,0.0,0.0
3.75,0.8466,-0.05,0.012,1.1544,27,0.0014,-0.0106,0.5,0.0,0.5,0.0,0.5,0.0,0.0
3.8,0.8466,-0.05,0.012,1.1544,27,-0.008,-0.02,0.5,0.0,0.5,0.0,0.5,0.0,0.0
3.85,0.8708,-0.0463,0.0051,1.1302,27,-0.008,-0.0131,0.5,0.0,0.5,0.0,0.5,0.0,0.0
3.9,0.8708,-0.0463,0.0051,1.1302,27,-0.0116,-0.0168,0.5,0.0,0.5,0.0,0.5,0.0,0.0
3.95,0.8933,-0.0412,0.0018,1.1074,27,-0.0116,-0.0134,0.5,0.0,0.5,0.0,0.5,0.0,0.0
4.0,0.8933,-0.0412,0.0018,1.1074,27,-0.0256,-0.0274,0.4906,-0.074,0.5,0.0,0.5,0.0,0.0
4.05,0.9205,-0.0446,0.0059,1.0805,27,-0.0256,-0.0315,0.4906,-0.074,0.5,0.0,0.5,0.0,0.0
4.1,0.9205,-0.0446,0.0059,1.0805,27,-0.011,-0.0169,0.5,0.0,0.5,0.0,0.5,0.0,0.0
4.15,0.945,-0.0477,0.004,1.0561,18,-0.011,-0.015,0.5,0.0,0.4906,-0.074,0.4906,-0.074,0.0
4.2,0.945,-0.0477,0.004,1.0561,18,0.0596,0.0555,0.4917,0.1054,0.4906,-0.074,0.4906,-0.074,0.0
4.25,0.9673,-0.0519,0.0007,1.034,18,0.0596,0.0589,0.4917,0.1054,0.5,0.0,0.5,0.0,0.0
4.3,0.9673,-0.0519,0.0007,1.034,18,0.0659,0.0652,0.4891,0.1142,0.5,0.0,0.5,0.0,0.0
4.35,0.9933,-0.0596,-0.0032,1.0085,18,0.0659,0.0691,0.4891,0.1142,0.4917,0.1054,0.4917,0.1054,0.0
4.4,0.9933,-0.0596,-0.0032,1.0085,18,0.0905,0.0937,0.4785,0.1369,0.4917,0.1054,0.4917,0.1054,0.0
4.45,1.0182,-0.0656,-0.0052,0.984,18,0.0905,0.0957,0.4785,0.1369,0.4917,0.1054,0.4917,0.1054,0.0
4.5,1.0182,-0.0656,-0.0052,0.984,18,0.0994,0.1046,0.4675,0.1446,0.4891,0.1142,0.4891,0.1142,0.0
4.55,1.0443,-0.068,-0.0127,0.9581,18,0.0994,0.1121,0.4675,0.1446,0.4891,0.1142,0.4891,0.1142,0.0
4.6,1.0443,-0.068,-0.0127,0.9581,18,0.1125,0.1251,0.4813,0.1582,0.4785,0.1369,0.4785,0.1369,0.0
4.65,1.0693,-0.0704,-0.0214,0.9334,18,0.1125,0.1339,0.4813,0.1582,0.4785,0.1369,0.4785,0.1369,0.0
4.7,1.0693,-0.0704,-0.0214,0.9334,18,0.1115,0.1329,0.4841,0.163,0.4675,0.1446,0.4675,0.1446,0.0
4.75,1.1012,-0.0697,-0.0278,0.9015,18,0.1115,0.1393,0.4841,0.163,0.4675,0.1446,0.4675,0.1446,0.0
4.8,1.1012,-0.0697,-0.0278,0.9015,18,0.1191,0.1468,0.4944,0.1714,0.4813,0.1582,0.4813,0.1582,0.0
4.85,1.1263,-0.074,-0.0308,0.8768,18,0.1191,0.1499,0.4944,0.1714,0.4841,0.163,0.4841,0.163,0.0
4.9,1.1263,-0.074,-0.0308,0.8768,18,0.1088,0.1396,0.4927,0.1671,0.4841,0.163,0.4841,0.163,0.0
4.95,1.1558,-0.0725,-0.0375,0.8473,18,0.1088,0.1462,0.4927,0.1671,0.4944,0.1714,0.4944,0.1714,0.0
5.0,1.1558,-0.0725,-0.0375,0.8473,18,0.1128,0.1503,0.4933,0.1734,0.4944,0.1714,0.4944,0.1714,0.0
5.05,1.183,-0.0727,-0.044,0.8202,18,0.1128,0.1568,0.4933,0.1734,0.4927,0.1671,0.4927,0.1671,0.0
5.1,1.183,-0.0727,-0.044,0.8202,18,0.121,0.165,0.4932,0.1816,0.4927,0.1671,0.4927,0.1671,0.0
5.15,1.2086,-0.0729,-0.0446,0.7947,17,0.121,0.1655,0.4932,0.1816,0.4933,0.1734,0.4927,0.1671,0.0
5.2,1.2086,-0.0729,-0.0446,0.7947,17,0.067,0.1115,0.4969,0.1493,0.4933,0.1734,0.4933,0.1734,0.0
5.25,1.2337,-0.0712,-0.0466,0.7696,17,0.067,0.1135,0.4969,0.1493,0.4933,0.1734,0.4933,0.1734,0.0
5.3,1.2337,-0.0712,-0.0466,0.7696,17,0.0668,0.1134,0.4968,0.1506,0.4932,0.1816,0.4932,0.1816,0.0
5.35,1.2586,-0.0711,-0.0424,0.7448,17,0.0668,0.1092,0.4968,0.1506,0.4932,0.1816,0.4932,0.1816,0.0
5.4,1.2586,-0.0711,-0.0424,0.7448,17,0.0707,0.113,0.4968,0.1504,0.4969,0.1493,0.4969,0.1493,0.0
5.45,1.2832,-0.0721,-0.0439,0.7205,17,0.0707,0.1146,0.4968,0.1504,0.4969,0.1493,0.4969,0.1493,0.0
5.5,1.2832,-0.0721,-0.0439,0.7205,17,0.0775,0.1215,0.4963,0.1559,0.4968,0.1506,0.4968,0.1506,0.0
5.55,1.3074,-0.076,-0.0423,0.6968,17,0.0775,0.1199,0.4963,0.1559,0.4968,0.1504,0.4968,0.1504,0.0
5.6,1.3074,-0.076,-0.0423,0.6968,17,0.09,0.1323,0.4911,0.1627,0.4968,0.1504,0.4968,0.1504,0.0
5.65,1.3335,-0.0767,-0.0456,0.6709,17,0.09,0.1356,0.4911,0.1627,0.4963,0.1559,0.4963,0.1559,0.0
5.7,1.3335,-0.0767,-0.0456,0.6709,17,0.0977,0.1433,0.4912,0.1693,0.4963,0.1559,0.4963,0.1559,0.0
5.75,1.3611,-0.0794,-0.0433,0.6438,17,0.0977,0.1409,0.4912,0.1693,0.4911,0.1627,0.4911,0.1627,0.0
5.8,1.3611,-0.0794,-0.0433,0.6438,17,0.1071,0.1503,0.4927,0.1734,0.4911,0.1627,0.4911,0.1627,0.0
5.85,1.3886,-0.0782,-0.0432,0.6164,17,0.1071,0.1502,0.4927,0.1734,0.4912,0.1693,0.4911,0.1627,0.0
5.9,1.3886,-0.0782,-0.0432,0.6164,17,0.1114,0.1546,0.494,0.1758,0.4912,0.1693,0.4912,0.1693,0.0
5.95,1.4203,-0.0786,-0.0429,0.585,17,0.1114,0.1543,0.494,0.1758,0.4912,0.1693,0.4912,0.1693,0.0
6.0,1.4203,-0.0786,-0.0429,0.585,17,0.1155,0.1584,0.4937,0.178,0.4927,0.1734,0.4927,0.1734,0.0
6.05,1.4488,-0.0802,-0.041,0.557,17,0.1155,0.1566,0.4937,0.178,0.4927,0.1734,0.4927,0.1734,0.0
6.1,1.4488,-0.0802,-0.041,0.557,17,0.1285,0.1695,0.4928,0.1841,0.494,0.1758,0.494,0.1758,0.0
6.15,1.4753,-0.0805,-0.0388,0.5309,17,0.1285,0.1672,0.4928,0.1841,0.494,0.1758,0.494,0.1758,0.0
6.2,1.4753,-0.0805,-0.0388,0.5309,11,0.13,0.1688,0.4929,0.1837,0.4937,0.178,0.4937,0.178,0.0
6.25,1.4953,-0.0836,-0.0429,0.5116,11,0.1244,0.1673,0.4934,0.1806,0.4928,0.1841,0.4928,0.1841,0.0
6.3,1.4953,-0.0836,-0.0429,0.5116,11,0.139,0.1819,0.4894,0.1907,0.4928,0.1841,0.4928,0.1841,0.0
6.35,1.5134,-0.0835,-0.0394,0.4937,11,0.139,0.1784,0.4894,0.1907,0.4934,0.1806,0.4934,0.1806,0.0
6.4,1.5134,-0.0835,-0.0394,0.4937,11,0.1411,0.1805,0.4881,0.19,0.4934,0.1806,0.4934,0.1806,0.0
6.45,1.5286,-0.0871,-0.0412,0.4794,11,0.1411,0.1823,0.4881,0.19,0.4894,0.1907,0.4894,0.1907,0.0
6.5,1.5286,-0.0871,-0.0412,0.4794,11,0.1554,0.1966,0.4807,0.1983,0.4894,0.1907,0.4894,0.1907,0.0
6.55,1.5495,-0.0917,-0.0379,0.4597,11,0.1554,0.1933,0.4807,0.1983,0.4881,0.19,0.4881,0.19,0.0
6.6,1.5495,-0.0917,-0.0379,0.4597,11,0.1759,0.2138,0.4739,0.2068,0.4881,0.19,0.4881,0.19,0.0
6.65,1.5753,-0.094,-0.0393,0.4349,11,0.1759,0.2152,0.4739,0.2068,0.4881,0.19,0.4881,0.19,0.0
6.7,1.5753,-0.094,-0.0393,0.4349,11,0.1709,0.2101,0.4652,0.205,0.4807,0.1983,0.4807,0.1983,0.0
6.75,1.5753,-0.094,-0.0393,0.4349,11,0.1709,0.2101,0.4652,0.205,0.4807,0.1983,0.4807,0.1983,0.0
6.8,1.5996,-0.0974,-0.034,0.412,11,0.1709,0.2049,0.4737,0.2024,0.4739,0.2068,0.4739,0.2068,0.0
6.85,1.6228,-0.1028,-0.0304,0.3909,11,0.1905,0.2209,0.4572,0.2119,0.4739,0.2068,0.4739,0.2068,0.0
6.9,1.6228,-0.1028,-0.0304,0.3909,11,0.2173,0.2477,0.4343,0.2226,0.4652,0.205,0.4652,0.205,0.0
6.95,1.6473,-0.1115,-0.0229,0.3699,11,0.2173,0.2402,0.4343,0.2226,0.4572,0.2119,0.4572,0.2119,0.0
7.0,1.6473,-0.1115,-0.0229,0.3699,11,0.2581,0.281,0.3853,0.2371,0.4572,0.2119,0.4572,0.2119,0.0
7.05,1.6741,-0.1161,-0.0137,0.3459,11,0.2581,0.2718,0.3853,0.2371,0.4343,0.2226,0.4343,0.2226,0.0
7.1,1.6741,-0.1161,-0.0137,0.3459,11,0.2939,0.3075,0.3726,0.248,0.4343,0.2226,0.4343,0.2226,0.0
7.15,1.7047,-0.1194,-0.0054,0.3185,11,0.2939,0.2993,0.3726,0.248,0.3853,0.2371,0.3853,0.2371,0.0
7.2,1.7047,-0.1194,-0.0054,0.3185,11,0.336,0.3414,0.3563,0.2613,0.3853,0.2371,0.3853,0.2371,0.0
7.25,1.7336,-0.1171,0.0035,0.291,6,0.336,0.3325,0.3563,0.2613,0.3726,0.248,0.3853,0.2371,0.0
7.3,1.7336,-0.1171,0.0035,0.291,6,0.3646,0.3611,0.3653,0.2687,0.3726,0.248,0.3726,0.248,0.0
7.35,1.7627,-0.1106,0.014,0.2618,6,0.3646,0.3506,0.3653,0.2687,0.3726,0.248,0.3726,0.248,0.0
7.4,1.7627,-0.1106,0.014,0.2618,6,0.014,0.0,0.0,0.0,0.3563,0.2613,0.3563,0.2613,0.0
7.45,1.79,-0.106,0.0223,0.2353,6,0.014,-0.0083,0.0,0.0,0.3563,0.2613,0.3563,0.2613,0.0
7.5,1.79,-0.106,0.0223,0.2353,6,0.0223,0.0,0.0,0.0,0.3653,0.2687,0.3653,0.2687,0.0
7.55,1.8142,-0.096,0.0302,0.2091,6,0.0223,-0.0079,0.0,0.0,0.3653,0.2687,0.3653,0.2687,0.0
7.6,1.8142,-0.096,0.0302,0.2091,6,0.0302,0.0,0.0,0.0,0.0,0.0,0.0,0.0,0.0
7.65,1.8364,-0.0927,0.0399,0.1881,6,0.0302,-0.0097,0.0,0.0,0.0,0.0,0.0,0.0,0.0
7.7,1.8364,-0.0927,0.0399,0.1881,6,0.0399,0.0,0.0,0.0,0.0,0.0,0.0,0.0,0.0
7.75,1.8662,-0.0922,0.0515,0.1625,6,0.0399,-0.0117,0.0,0.0,0.0,0.0,0.0,0.0,0.0
7.8,1.8662,-0.0922,0.0515,0.1625,6,0.0515,0.0,0.0,0.0,0.0,0.0,0.0,0.0,0.0
7.85,1.8894,-0.0926,0.0667,0.1442,6,0.0515,-0.0152,0.0,0.0,0.0,0.0,0.0,0.0,0.0
7.9,1.8894,-0.0926,0.0667,0.1442,6,0.0667,0.0,0.0,0.0,0.0,0.0,0.0,0.0,0.0
7.95,1.9131,-0.0948,0.0807,0.1286,6,0.0667,-0.0139,0.0,0.0,0.0,0.0,0.0,0.0,0.0
8.0,1.9131,-0.0948,0.0807,0.1286,6,0.0807,0.0,0.0,0.0,0.0,0.0,0.0,0.0,0.0
8.05,1.9307,-0.0996,0.0924,0.1213,6,0.0807,-0.0117,0.0,0.0,0.0,0.0,0.0,0.0,0.0
8.1,1.9307,-0.0996,0.0924,0.1213,6,0.0924,0.0,0.0,0.0,0.0,0.0,0.0,0.0,0.0
8.15,1.9555,-0.1026,0.0993,0.1118,6,0.0924,-0.0069,0.0,0.0,0.0,0.0,0.0,0.0,0.0
8.2,1.9555,-0.1026,0.0993,0.1118,6,0.0993,0.0,0.0,0.0,0.0,0.0,0.0,0.0,0.0
8.25,1.9723,-0.0977,0.1008,0.1016,6,0.0993,-0.0015,0.0,0.0,0.0,0.0,0.0,0.0,0.0
8.3,1.9723,-0.0977,0.1008,0.1016,6,0.1008,0.0,0.0,0.0,0.0,0.0,0.0,0.0,0.0
8.35,1.9828,-0.0987,0.1057,0.1002,6,0.1008,-0.0049,0.0,0.0,0.0,0.0,0.0,0.0,0.0
8.4,1.9828,-0.0987,0.1057,0.1002,6,0.1057,0.0,0.0,0.0,0.0,0.0,0.0,0.0,0.0
8.45,1.9935,-0.091,0.1033,0.0912,6,0.1057,0.0024,0.0,0.0,0.0,0.0,0.0,0.0,0.0
8.5,1.9935,-0.091,0.1033,0.0912,6,0.1033,0.0,0.0,0.0,0.0,0.0,0.0,0.0,0.0
8.55,2.0041,-0.09,0.0935,0.0901,6,0.1033,0.0098,0.0,0.0,0.0,0.0,0.0,0.0,0.0
8.6,2.0041,-0.09,0.0935,0.0901,6,0.0935,0.0,0.0,0.0,0.0,0.0,0.0,0.0,0.0
8.65,2.0084,-0.0864,0.0834,0.0869,6,0.0935,0.0101,0.0,0.0,0.0,0.0,0.0,0.0,0.0
8.7,2.0084,-0.0864,0.0834,0.0869,6,0.0834,0.0,0.0,0.0,0.0,0.0,0.0,0.0,0.0
8.75,2.0124,-0.0869,0.0726,0.0878,6,0.0834,0.0108,0.0,0.0,0.0,0.0,0.0,0.0,0.0
8.8,2.0124,-0.0869,0.0726,0.0878,6,0.0726,0.0,0.0,0.0,0.0,0.0,0.0,0.0,0.0
8.85,2.0124,-0.0869,0.0726,0.0878,6,0.0726,0.0,0.0,0.0,0.0,0.0,0.0,0.0,0.0
8.9,2.0179,-0.0917,0.061,0.0935,6,0.0726,0.0116,0.0,0.0,0.0,0.0,0.0,0.0,0.0
8.95,2.0212,-0.0961,0.0592,0.0984,6,0.061,0.0019,0.0,0.0,0.0,0.0,0.0,0.0,0.0
9.0,2.0212,-0.0961,0.0592,0.0984,6,0.0592,0.0,0.0,0.0,0.0,0.0,0.0,0.0,0.0
9.05,2.0205,-0.103,0.0608,0.1051,6,0.0592,-0.0016,0.0,0.0,0.0,0.0,0.0,0.0,0.0
9.1,2.0205,-0.103,0.0608,0.1051,6,0.0608,0.0,0.0,0.0,0.0,0.0,0.0,0.0,0.0
9.15,2.0264,-0.1023,0.0634,0.1056,6,0.0608,-0.0027,0.0,0.0,0.0,0.0,0.0,0.0,0.0
9.2,2.0264,-0.1023,0.0634,0.1056,6,0.0634,0.0,0.0,0.0,0.0,0.0,0.0,0.0,0.0
9.25,2.0266,-0.1078,0.0629,0.1111,6,0.0634,0.0005,0.0,0.0,0.0,0.0,0.0,0.0,0.0
9.3,2.0266,-0.1078,0.0629,0.1111,6,0.0629,0.0,0.0,0.0,0.0,0.0,0.0,0.0,0.0
9.35,2.027,-0.1037,0.0608,0.1072,6,0.0629,0.0021,0.0,0.0,0.0,0.0,0.0,0.0,0.0
9.4,2.027,-0.1037,0.0608,0.1072,6,0.0608,0.0,0.0,0.0,0.0,0.0,0.0,0.0,0.0
9.45,2.0283,-0.1032,0.0618,0.107,6,0.0608,-0.001,0.0,0.0,0.0,0.0,0.0,0.0,0.0
9.5,2.0283,-0.1032,0.0618,0.107,6,0.0618,0.0,0.0,0.0,0.0,0.0,0.0,0.0,0.0
9.55,2.0293,-0.1008,0.0614,0.105,6,0.0618,0.0005,0.0,0.0,0.0,0.0,0.0,0.0,0.0
9.6,2.0293,-0.1008,0.0614,0.105,6,0.0614,0.0,0.0,0.0,0.0,0.0,0.0,0.0,0.0
9.65,2.0286,-0.0968,0.0609,0.1009,6,0.0614,0.0005,0.0,0.0,0.0,0.0,0.0,0.0,0.0
9.7,2.0286,-0.0968,0.0609,0.1009,6,0.0609,0.0,0.0,0.0,0.0,0.0,0.0,0.0,0.0
9.75,2.0293,-0.0923,0.0642,0.0968,6,0.0609,-0.0033,0.0,0.0,0.0,0.0,0.0,0.0,0.0
9.8,2.0293,-0.0923,0.0642,0.0968,6,0.0642,0.0,0.0,0.0,0.0,0.0,0.0,0.0,0.0
9.85,2.0307,-0.0869,0.0644,0.0921,6,0.0642,-0.0002,0.0,0.0,0.0,0.0,0.0,0.0,0.0
9.9,2.0307,-0.0869,0.0644,0.0921,6,0.0644,0.0,0.0,0.0,0.0,0.0,0.0,0.0,0.0
9.95,2.0289,-0.0838,0.058,0.0886,6,0.0644,0.0064,0.0,0.0,0.0,0.0,0.0,0.0,0.0
10.0,2.0289,-0.0838,0.058,0.0886,6,0.058,0.0,0.0,0.0,0.0,0.0,0.0,0.0,0.0
10.05,2.0271,-0.0832,0.0638,0.0875,6,0.058,-0.0058,0.0,0.0,0.0,0.0,0.0,0.0,0.0
10.1,2.0271,-0.0832,0.0638,0.0875,6,0.0638,0.0,0.0,0.0,0.0,0.0,0.0,0.0,0.0
10.15,2.0265,-0.0833,0.0655,0.0874,6,0.0638,-0.0017,0.0,0.0,0.0,0.0,0.0,0.0,0.0
10.2,2.0265,-0.0833,0.0655,0.0874,6,0.0655,0.0,0.0,0.0,0.0,0.0,0.0,0.0,0.0
10.25,2.031,-0.0824,0.0629,0.0881,6,0.0655,0.0026,0.0,0.0,0.0,0.0,0.0,0.0,0.0
10.3,2.031,-0.0824,0.0629,0.0881,6,0.0629,0.0,0.0,0.0,0.0,0.0,0.0,0.0,0.0
10.35,2.027,-0.0823,0.0596,0.0866,6,0.0629,0.0033,0.0,0.0,0.0,0.0,0.0,0.0,0.0
10.4,2.027,-0.0823,0.0596,0.0866,6,0.0596,0.0,0.0,0.0,0.0,0.0,0.0,0.0,0.0
10.45,2.0223,-0.0836,0.0613,0.0865,6,0.0596,-0.0018,0.0,0.0,0.0,0.0,0.0,0.0,0.0
10.5,2.0223,-0.0836,0.0613,0.0865,6,0.0613,0.0,0.0,0.0,0.0,0.0,0.0,0.0,0.0
10.55,2.0208,-0.0843,0.0587,0.0869,6,0.0613,0.0027,0.0,0.0,0.0,0.0,0.0,0.0,0.0
10.6,2.0208,-0.0843,0.0587,0.0869,6,0.0587,0.0,0.0,0.0,0.0,0.0,0.0,0.0,0.0
10.65,2.0188,-0.0861,0.0595,0.0881,6,0.0587,-0.0008,0.0,0.0,0.0,0.0,0.0,0.0,0.0
10.7,2.0188,-0.0861,0.0595,0.0881,6,0.0595,0.0,0.0,0.0,0.0,0.0,0.0,0.0,0.0
10.75,2.0169,-0.0854,0.0619,0.087,6,0.0595,-0.0024,0.0,0.0,0.0,0.0,0.0,0.0,0.0
10.8,2.0169,-0.0854,0.0619,0.087,6,0.0619,0.0,0.0,0.0,0.0,0.0,0.0,0.0,0.0
10.85,2.0182,-0.0889,0.0606,0.0907,6,0.0619,0.0012,0.0,0.0,0.0,0.0,0.0,0.0,0.0
10.9,2.0182,-0.0889,0.0606,0.0907,6,0.0606,0.0,0.0,0.0,0.0,0.0,0.0,0.0,0.0
10.95,2.019,-0.0879,0.058,0.09,6,0.0606,0.0027,0.0,0.0,0.0,0.0,0.0,0.0,0.0
11.0,2.019,-0.0879,0.058,0.09,6,0.058,0.0,0.0,0.0,0.0,0.0,0.0,0.0,0.0
11.05,2.021,-0.0911,0.06,0.0935,6,0.058,-0.002,0.0,0.0,0.0,0.0,0.0,0.0,0.0
11.1,2.021,-0.0911,0.06,0.0935,6,0.06,0.0,0.0,0.0,0.0,0.0,0.0,0.0,0.0
11.15,2.0228,-0.0927,0.0632,0.0955,6,0.06,-0.0032,0.0,0.0,0.0,0.0,0.0,0.0,0.0
11.2,2.0228,-0.0927,0.0632,0.0955,6,0.0632,0.0,0.0,0.0,0.0,0.0,0.0,0.0,0.0
11.25,2.027,-0.0962,0.0627,0.1,6,0.0632,0.0004,0.0,0.0,0.0,0.0,0.0,0.0,0.0
11.3,2.027,-0.0962,0.0627,0.1,6,0.0627,0.0,0.0,0.0,0.0,0.0,0.0,0.0,0.0
11.35,2.0189,-0.0987,0.0596,0.1005,6,0.0627,0.0031,0.0,0.0,0.0,0.0,0.0,0.0,0.0
11.4,2.0189,-0.0987,0.0596,0.1005,6,0.0596,0.0,0.0,0.0,0.0,0.0,0.0,0.0,0.0
11.45,2.0208,-0.0985,0.0603,0.1007,6,0.0596,-0.0006,0.0,0.0,0.0,0.0,0.0,0.0,0.0
11.5,2.0208,-0.0985,0.0603,0.1007,6,0.0603,0.0,0.0,0.0,0.0,0.0,0.0,0.0,0.0
11.55,2.0207,-0.1017,0.0653,0.1038,6,0.0603,-0.0051,0.0,0.0,0.0,0.0,0.0,0.0,0.0
11.6,2.0207,-0.1017,0.0653,0.1038,6,0.0653,0.0,0.0,0.0,0.0,0.0,0.0,0.0,0.0
11.65,2.0215,-0.0986,0.0602,0.1009,6,0.0653,0.0051,0.0,0.0,0.0,0.0,0.0,0.0,0.0
11.7,2.0215,-0.0986,0.0602,0.1009,6,0.0602,0.0,0.0,0.0,0.0,0.0,0.0,0.0,0.0
11.75,2.0176,-0.0983,0.0628,0.0999,6,0.0602,-0.0027,0.0,0.0,0.0,0.0,0.0,0.0,0.0
11.8,2.0176,-0.0983,0.0628,0.0999,6,0.0628,0.0,0.0,0.0,0.0,0.0,0.0,0.0,0.0
11.85,2.0217,-0.0988,0.0636,0.1012,6,0.0628,-0.0008,0.0,0.0,0.0,0.0,0.0,0.0,0.0
11.9,2.0217,-0.0988,0.0636,0.1012,6,0.0636,0.0,0.0,0.0,0.0,0.0,0.0,0.0,0.0
11.95,2.0189,-0.0988,0.06,0.1006,6,0.0636,0.0037,0.0,0.0,0.0,0.0,0.0,0.0,0.0
12.0,2.0189,-0.0988,0.06,0.1006,6,0.06,0.0,0.0,0.0,0.0,0.0,0.0,0.0,0.0
12.05,2.0199,-0.0949,0.0622,0.0969,6,0.06,-0.0023,0.0,0.0,0.0,0.0,0.0,0.0,0.0
12.1,2.0199,-0.0949,0.0622,0.0969,6,0.0622,0.0,0.0,0.0,0.0,0.0,0.0,0.0,0.0
12.15,2.0162,-0.0934,0.0605,0.0948,6,0.0622,0.0017,0.0,0.0,0.0,0.0,0.0,0.0,0.0
12.2,2.0162,-0.0934,0.0605,0.0948,6,0.0605,0.0,0.0,0.0,0.0,0.0,0.0,0.0,0.0
12.25,2.014,-0.088,0.0641,0.0891,6,0.0605,-0.0036,0.0,0.0,0.0,0.0,0.0,0.0,0.0
12.3,2.014,-0.088,0.0641,0.0891,6,0.0641,0.0,0.0,0.0,0.0,0.0,0.0,0.0,0.0
12.35,2.0185,-0.0889,0.0659,0.0908,6,0.0641,-0.0017,0.0,0.0,0.0,0.0,0.0,0.0,0.0
12.4,2.0185,-0.0889,0.0659,0.0908,6,0.0659,0.0,0.0,0.0,0.0,0.0,0.0,0.0,0.0
12.45,2.0215,-0.0911,0.0595,0.0936,6,0.0659,0.0063,0.0,0.0,0.0,0.0,0.0,0.0,0.0
12.5,2.0215,-0.0911,0.0595,0.0936,6,0.0595,0.0,0.0,0.0,0.0,0.0,0.0,0.0,0.0
12.55,2.0274,-0.0896,0.0629,0.0937,6,0.0595,-0.0034,0.0,0.0,0.0,0.0,0.0,0.0,0.0
12.6,2.0274,-0.0896,0.0629,0.0937,6,0.0629,0.0,0.0,0.0,0.0,0.0,0.0,0.0,0.0
12.65,2.0289,-0.0947,0.0612,0.0991,6,0.0629,0.0018,0.0,0.0,0.0,0.0,0.0,0.0,0.0
12.7,2.0289,-0.0947,0.0612,0.0991,6,0.0612,0.0,0.0,0.0,0.0,0.0,0.0,0.0,0.0
12.75,2.0326,-0.0921,0.0604,0.0977,6,0.0612,0.0008,0.0,0.0,0.0,0.0,0.0,0.0,0.0
12.8,2.0326,-0.0921,0.0604,0.0977,6,0.0604,0.0,0.0,0.0,0.0,0.0,0.0,0.0,0.0
12.85,2.0353,-0.0926,0.0656,0.0991,6,0.0604,-0.0052,0.0,0.0,0.0,0.0,0.0,0.0,0.0
12.9,2.0353,-0.0926,0.0656,0.0991,6,0.0656,0.0,0.0,0.0,0.0,0.0,0.0,0.0,0.0
12.95,2.0322,-0.0879,0.0597,0.0936,6,0.0656,0.0059,0.0,0.0,0.0,0.0,0.0,0.0,0.0
13.0,2.0322,-0.0879,0.0597,0.0936,6,0.0597,0.0,0.0,0.0,0.0,0.0,0.0,0.0,0.0
13.05,2.0263,-0.0893,0.0631,0.0931,6,0.0597,-0.0035,0.0,0.0,0.0,0.0,0.0,0.0,0.0
13.1,2.0263,-0.0893,0.0631,0.0931,6,0.0631,0.0,0.0,0.0,0.0,0.0,0.0,0.0,0.0
13.15,2.0263,-0.0908,0.0625,0.0945,6,0.0631,0.0007,0.0,0.0,0.0,0.0,0.0,0.0,0.0
13.2,2.0263,-0.0908,0.0625,0.0945,6,0.0625,0.0,0.0,0.0,0.0,0.0,0.0,0.0,0.0
13.25,2.0237,-0.0908,0.0643,0.0939,6,0.0625,-0.0019,0.0,0.0,0.0,0.0,0.0,0.0,0.0
13.3,2.0237,-0.0908,0.0643,0.0939,6,0.0643,0.0,0.0,0.0,0.0,0.0,0.0,0.0,0.0
13.35,2.0224,-0.0884,0.0599,0.0912,6,0.0643,0.0045,0.0,0.0,0.0,0.0,0.0,0.0,0.0
13.4,2.0224,-0.0884,0.0599,0.0912,6,0.0599,0.0,0.0,0.0,0.0,0.0,0.0,0.0,0.0
13.45,2.0209,-0.0912,0.063,0.0936,6,0.0599,-0.0032,0.0,0.0,0.0,0.0,0.0,0.0,0.0
13.5,2.0209,-0.0912,0.063,0.0936,6,0.063,0.0,0.0,0.0,0.0,0.0,0.0,0.0,0.0
13.55,2.024,-0.093,0.0632,0.0961,6,0.063,-0.0002,0.0,0.0,0.0,0.0,0.0,0.0,0.0
13.6,2.024,-0.093,0.0632,0.0961,6,0.0632,0.0,0.0,0.0,0.0,0.0,0.0,0.0,0.0
13.65,2.0249,-0.0931,0.063,0.0964,6,0.0632,0.0002,0.0,0.0,0.0,0.0,0.0,0.0,0.0
13.7,2.0249,-0.0931,0.063,0.0964,6,0.063,0.0,0.0,0.0,0.0,0.0,0.0,0.0,0.0
13.75,2.0254,-0.0958,0.0611,0.0991,6,0.063,0.002,0.0,0.0,0.0,0.0,0.0,0.0,0.0
13.8,2.0254,-0.0958,0.0611,0.0991,6,0.0611,0.0,0.0,0.0,0.0,0.0,0.0,0.0,0.0
13.85,2.025,-0.0968,0.062,0.1,6,0.0611,-0.0009,0.0,0.0,0.0,0.0,0.0,0.0,0.0
13.9,2.025,-0.0968,0.062,0.1,6,0.062,0.0,0.0,0.0,0.0,0.0,0.0,0.0,0.0
13.95,2.0236,-0.0943,0.0625,0.0972,6,0.062,-0.0005,0.0,0.0,0.0,0.0,0.0,0.0,0.0
14.0,2.0236,-0.0943,0.0625,0.0972,6,0.0625,0.0,0.0,0.0,0.0,0.0,0.0,0.0,0.0
14.05,2.0226,-0.0943,0.0641,0.097,6,0.0625,-0.0016,0.0,0.0,0.0,0.0,0.0,0.0,0.0
14.1,2.0226,-0.0943,0.0641,0.097,6,0.0641,0.0,0.0,0.0,0.0,0.0,0.0,0.0,0.0
14.15,2.0236,-0.0933,0.0577,0.0962,6,0.0641,0.0064,0.0,0.0,0.0,0.0,0.0,0.0,0.0
14.2,2.0236,-0.0933,0.0577,0.0962,6,0.0577,0.0,0.0,0.0,0.0,0.0,0.0,0.0,0.0
14.25,2.0271,-0.0975,0.0624,0.1012,6,0.0577,-0.0047,0.0,0.0,0.0,0.0,0.0,0.0,0.0
14.3,2.0271,-0.0975,0.0624,0.1012,6,0.0624,0.0,0.0,0.0,0.0,0.0,0.0,0.0,0.0
14.35,2.0263,-0.0995,0.0613,0.1029,6,0.0624,0.0012,0.0,0.0,0.0,0.0,0.0,0.0,0.0
14.4,2.0263,-0.0995,0.0613,0.1029,6,0.0613,0.0,0.0,0.0,0.0,0.0,0.0,0.0,0.0
14.45,2.0245,-0.0964,0.0606,0.0994,6,0.0613,0.0007,0.0,0.0,0.0,0.0,0.0,0.0,0.0
14.5,2.0245,-0.0964,0.0606,0.0994,6,0.0606,0.0,0.0,0.0,0.0,0.0,0.0,0.0,0.0
14.55,2.0217,-0.0925,0.058,0.095,6,0.0606,0.0025,0.0,0.0,0.0,0.0,0.0,0.0,0.0
14.6,2.0217,-0.0925,0.058,0.095,6,0.058,0.0,0.0,0.0,0.0,0.0,0.0,0.0,0.0
14.65,2.0209,-0.0898,0.0615,0.0922,6,0.058,-0.0035,0.0,0.0,0.0,0.0,0.0,0.0,0.0
14.7,2.0209,-0.0898,0.0615,0.0922,6,0.0615,0.0,0.0,0.0,0.0,0.0,0.0,0.0,0.0
14.75,2.0192,-0.0893,0.0603,0.0914,6,0.0615,0.0012,0.0,0.0,0.0,0.0,0.0,0.0,0.0
14.8,2.0192,-0.0893,0.0603,0.0914,6,0.0603,0.0,0.0,0.0,0.0,0.0,0.0,0.0,0.0
14.85,2.0174,-0.0893,0.0612,0.091,6,0.0603,-0.0009,0.0,0.0,0.0,0.0,0.0,0.0,0.0
14.9,2.0174,-0.0893,0.0612,0.091,6,0.0612,0.0,0.0,0.0,0.0,0.0,0.0,0.0,0.0
14.95,2.0136,-0.0893,0.0598,0.0904,6,0.0612,0.0014,0.0,0.0,0.0,0.0,0.0,0.0,0.0
15.0,2.0136,-0.0893,0.0598,0.0904,6,0.0598,0.0,0.0,0.0,0.0,0.0,0.0,0.0,0.0
15.05,2.0119,-0.0913,0.063,0.0921,6,0.0598,-0.0032,0.0,0.0,0.0,0.0,0.0,0.0,0.0
15.1,2.0119,-0.0913,0.063,0.0921,6,0.063,0.0,0.0,0.0,0.0,0.0,0.0,0.0,0.0
15.15,2.0126,-0.0964,0.0611,0.0972,6,0.063,0.0019,0.0,0.0,0.0,0.0,0.0,0.0,0.0
15.2,2.0126,-0.0964,0.0611,0.0972,6,0.0611,0.0,0.0,0.0,0.0,0.0,0.0,0.0,0.0
15.25,2.0148,-0.0986,0.064,0.0997,6,0.0611,-0.0028,0.0,0.0,0.0,0.0,0.0,0.0,0.0
15.3,2.0148,-0.0986,0.064,0.0997,6,0.064,0.0,0.0,0.0,0.0,0.0,0.0,0.0,0.0
15.35,2.0135,-0.0989,0.0619,0.0998,6,0.064,0.0021,0.0,0.0,0.0,0.0,0.0,0.0,0.0
15.4,2.0135,-0.0989,0.0619,0.0998,6,0.0619,0.0,0.0,0.0,0.0,0.0,0.0,0.0,0.0
15.45,2.017,-0.097,0.0614,0.0984,6,0.0619,0.0005,0.0,0.0,0.0,0.0,0.0,0.0,0.0
15.5,2.017,-0.097,0.0614,0.0984,6,0.0614,0.0,0.0,0.0,0.0,0.0,0.0,0.0,0.0
15.55,2.0213,-0.096,0.0616,0.0983,6,0.0614,-0.0002,0.0,0.0,0.0,0.0,0.0,0.0,0.0
15.6,2.0213,-0.096,0.0616,0.0983,6,0.0616,0.0,0.0,0.0,0.0,0.0,0.0,0.0,0.0
15.65,2.0224,-0.0915,0.0597,0.0942,6,0.0616,0.0019,0.0,0.0,0.0,0.0,0.0,0.0,0.0
15.7,2.0224,-0.0915,0.0597,0.0942,6,0.0597,0.0,0.0,0.0,0.0,0.0,0.0,0.0,0.0
15.75,2.0201,-0.0913,0.0592,0.0935,6,0.0597,0.0005,0.0,0.0,0.0,0.0,0.0,0.0,0.0
15.8,2.0201,-0.0913,0.0592,0.0935,6,0.0592,0.0,0.0,0.0,0.0,0.0,0.0,0.0,0.0
15.85,2.0185,-0.0904,0.0594,0.0923,6,0.0592,-0.0003,0.0,0.0,0.0,0.0,0.0,0.0,0.0
15.9,2.0185,-0.0904,0.0594,0.0923,6,0.0594,0.0,0.0,0.0,0.0,0.0,0.0,0.0,0.0
15.95,2.0247,-0.0879,0.0611,0.0913,6,0.0594,-0.0016,0.0,0.0,0.0,0.0,0.0,0.0,0.0
16.0,2.0247,-0.0879,0.0611,0.0913,6,0.0611,0.0,0.0,0.0,0.0,0.0,0.0,0.0,0.0
16.05,2.0269,-0.0862,0.061,0.0903,6,0.0611,0.0,0.0,0.0,0.0,0.0,0.0,0.0,0.0
16.1,2.0269,-0.0862,0.061,0.0903,6,0.061,0.0,0.0,0.0,0.0,0.0,0.0,0.0,0.0
16.15,2.0289,-0.0891,0.0603,0.0937,6,0.061,0.0008,0.0,0.0,0.0,0.0,0.0,0.0,0.0
16.2,2.0289,-0.0891,0.0603,0.0937,6,0.0603,0.0,0.0,0.0,0.0,0.0,0.0,0.0,0.0
16.25,2.0304,-0.0876,0.0611,0.0928,6,0.0603,-0.0008,0.0,0.0,0.0,0.0,0.0,0.0,0.0
16.3,2.0304,-0.0876,0.0611,0.0928,6,0.0611,0.0,0.0,0.0,0.0,0.0,0.0,0.0,0.0
16.35,2.0316,-0.0893,0.0641,0.0947,6,0.0611,-0.0031,0.0,0.0,0.0,0.0,0.0,0.0,0.0
16.4,2.0316,-0.0893,0.0641,0.0947,6,0.0641,0.0,0.0,0.0,0.0,0.0,0.0,0.0,0.0
16.45,2.0318,-0.0901,0.0641,0.0955,6,0.0641,0.0,0.0,0.0,0.0,0.0,0.0,0.0,0.0
16.5,2.0318,-0.0901,0.0641,0.0955,6,0.0641,0.0,0.0,0.0,0.0,0.0,0.0,0.0,0.0
16.55,2.0308,-0.0916,0.0665,0.0966,6,0.0641,-0.0024,0.0,0.0,0.0,0.0,0.0,0.0,0.0
16.6,2.0308,-0.0916,0.0665,0.0966,6,0.0665,0.0,0.0,0.0,0.0,0.0,0.0,0.0,0.0
16.65,2.0268,-0.0917,0.0602,0.0955,6,0.0665,0.0063,0.0,0.0,0.0,0.0,0.0,0.0,0.0
16.7,2.0268,-0.0917,0.0602,0.0955,6,0.0602,0.0,0.0,0.0,0.0,0.0,0.0,0.0,0.0
16.75,2.0234,-0.0925,0.0606,0.0954,6,0.0602,-0.0004,0.0,0.0,0.0,0.0,0.0,0.0,0.0
16.8,2.0234,-0.0925,0.0606,0.0954,6,0.0606,0.0,0.0,0.0,0.0,0.0,0.0,0.0,0.0
16.85,2.0208,-0.0953,0.0624,0.0975,6,0.0606,-0.0018,0.0,0.0,0.0,0.0,0.0,0.0,0.0
16.9,2.0208,-0.0953,0.0624,0.0975,6,0.0624,0.0,0.0,0.0,0.0,0.0,0.0,0.0,0.0
16.95,2.0178,-0.0956,0.0624,0.0972,6,0.0624,0.0,0.0,0.0,0.0,0.0,0.0,0.0,0.0
17.0,2.0178,-0.0956,0.0624,0.0972,6,0.0624,0.0,0.0,0.0,0.0,0.0,0.0,0.0,0.0
17.05,2.0178,-0.0942,0.0625,0.0959,6,0.0624,-0.0001,0.0,0.0,0.0,0.0,0.0,0.0,0.0
17.1,2.0178,-0.0942,0.0625,0.0959,6,0.0625,0.0,0.0,0.0,0.0,0.0,0.0,0.0,0.0
17.15,2.018,-0.0929,0.0625,0.0946,6,0.0625,0.0,0.0,0.0,0.0,0.0,0.0,0.0,0.0
17.2,2.018,-0.0929,0.0625,0.0946,6,0.0625,0.0,0.0,0.0,0.0,0.0,0.0,0.0,0.0
17.25,2.0191,-0.0911,0.0596,0.0931,6,0.0625,0.0029,0.0,0.0,0.0,0.0,0.0,0.0,0.0
17.3,2.0191,-0.0911,0.0596,0.0931,6,0.0596,0.0,0.0,0.0,0.0,0.0,0.0,0.0,0.0
17.35,2.019,-0.0902,0.0597,0.0921,6,0.0596,-0.0001,0.0,0.0,0.0,0.0,0.0,0.0,0.0
17.4,2.019,-0.0902,0.0597,0.0921,6,0.0597,0.0,0.0,0.0,0.0,0.0,0.0,0.0,0.0
17.45,2.0211,-0.0903,0.0645,0.0928,6,0.0597,-0.0048,0.0,0.0,0.0,0.0,0.0,0.0,0.0
17.5,2.0211,-0.0903,0.0645,0.0928,6,0.0645,0.0,0.0,0.0,0.0,0.0,0.0,0.0,0.0
17.55,2.0252,-0.0904,0.0624,0.0938,6,0.0645,0.0021,0.0,0.0,0.0,0.0,0.0,0.0,0.0
17.6,2.0252,-0.0904,0.0624,0.0938,6,0.0624,0.0,0.0,0.0,0.0,0.0,0.0,0.0,0.0
17.65,2.0275,-0.0915,0.063,0.0956,6,0.0624,-0.0006,0.0,0.0,0.0,0.0,0.0,0.0,0.0
17.7,2.0275,-0.0915,0.063,0.0956,6,0.063,0.0,0.0,0.0,0.0,0.0,0.0,0.0,0.0
17.75,2.024,-0.0931,0.0608,0.0961,6,0.063,0.0022,0.0,0.0,0.0,0.0,0.0,0.0,0.0
17.8,2.024,-0.0931,0.0608,0.0961,6,0.0608,0.0,0.0,0.0,0.0,0.0,0.0,0.0,0.0
17.85,2.0217,-0.0898,0.0649,0.0924,6,0.0608,-0.0041,0.0,0.0,0.0,0.0,0.0,0.0,0.0
17.9,2.0217,-0.0898,0.0649,0.0924,6,0.0649,0.0,0.0,0.0,0.0,0.0,0.0,0.0,0.0
17.95,2.0192,-0.0904,0.0604,0.0924,6,0.0649,0.0046,0.0,0.0,0.0,0.0,0.0,0.0,0.0
18.0,2.0192,-0.0904,0.0604,0.0924,6,0.0604,0.0,0.0,0.0,0.0,0.0,0.0,0.0,0.0
18.05,2.0157,-0.0914,0.0632,0.0927,6,0.0604,-0.0028,0.0,0.0,0.0,0.0,0.0,0.0,0.0
18.1,2.0157,-0.0914,0.0632,0.0927,6,0.0632,0.0,0.0,0.0,0.0,0.0,0.0,0.0,0.0
18.15,2.017,-0.0935,0.0633,0.095,6,0.0632,-0.0001,0.0,0.0,0.0,0.0,0.0,0.0,0.0
18.2,2.017,-0.0935,0.0633,0.095,6,0.0633,0.0,0.0,0.0,0.0,0.0,0.0,0.0,0.0
18.25,2.0172,-0.0914,0.0603,0.093,6,0.0633,0.0029,0.0,0.0,0.0,0.0,0.0,0.0,0.0
18.3,2.0172,-0.0914,0.0603,0.093,6,0.0603,0.0,0.0,0.0,0.0,0.0,0.0,0.0,0.0
18.35,2.0164,-0.0941,0.0624,0.0955,6,0.0603,-0.002,0.0,0.0,0.0,0.0,0.0,0.0,0.0
18.4,2.0164,-0.0941,0.0624,0.0955,6,0.0624,0.0,0.0,0.0,0.0,0.0,0.0,0.0,0.0
18.45,2.016,-0.0923,0.0617,0.0936,6,0.0624,0.0007,0.0,0.0,0.0,0.0,0.0,0.0,0.0
18.5,2.016,-0.0923,0.0617,0.0936,6,0.0617,0.0,0.0,0.0,0.0,0.0,0.0,0.0,0.0
18.55,2.0197,-0.0927,0.0637,0.0948,6,0.0617,-0.002,0.0,0.0,0.0,0.0,0.0,0.0,0.0
18.6,2.0197,-0.0927,0.0637,0.0948,6,0.0637,0.0,0.0,0.0,0.0,0.0,0.0,0.0,0.0
18.65,2.0206,-0.094,0.0645,0.0963,6,0.0637,-0.0009,0.0,0.0,0.0,0.0,0.0,0.0,0.0
18.7,2.0206,-0.094,0.0645,0.0963,6,0.0645,0.0,0.0,0.0,0.0,0.0,0.0,0.0,0.0
18.75,2.0191,-0.0942,0.0636,0.0962,6,0.0645,0.0009,0.0,0.0,0.0,0.0,0.0,0.0,0.0
18.8,2.0191,-0.0942,0.0636,0.0962,6,0.0636,0.0,0.0,0.0,0.0,0.0,0.0,0.0,0.0
18.85,2.0216,-0.0937,0.0615,0.0962,6,0.0636,0.0021,0.0,0.0,0.0,0.0,0.0,0.0,0.0
18.9,2.0216,-0.0937,0.0615,0.0962,6,0.0615,0.0,0.0,0.0,0.0,0.0,0.0,0.0,0.0
18.95,2.0216,-0.0937,0.0615,0.0962,6,0.0615,0.0,0.0,0.0,0.0,0.0,0.0,0.0,0.0
19.0,2.022,-0.0896,0.0635,0.0923,6,0.0615,-0.002,0.0,0.0,0.0,0.0,0.0,0.0,0.0
19.05,2.0246,-0.0899,0.0611,0.0932,6,0.0635,0.0024,0.0,0.0,0.0,0.0,0.0,0.0,0.0
19.1,2.0246,-0.0899,0.0611,0.0932,6,0.0611,0.0,0.0,0.0,0.0,0.0,0.0,0.0,0.0
19.15,2.0251,-0.0871,0.0617,0.0906,6,0.0611,-0.0005,0.0,0.0,0.0,0.0,0.0,0.0,0.0
19.2,2.0251,-0.0871,0.0617,0.0906,6,0.0617,0.0,0.0,0.0,0.0,0.0,0.0,0.0,0.0
19.25,2.023,-0.0851,0.062,0.0881,6,0.0617,-0.0003,0.0,0.0,0.0,0.0,0.0,0.0,0.0
19.3,2.023,-0.0851,0.062,0.0881,6,0.062,0.0,0.0,0.0,0.0,0.0,0.0,0.0,0.0
19.35,2.0221,-0.087,0.0605,0.0897,6,0.062,0.0016,0.0,0.0,0.0,0.0,0.0,0.0,0.0
19.4,2.0221,-0.087,0.0605,0.0897,6,0.0605,0.0,0.0,0.0,0.0,0.0,0.0,0.0,0.0
19.45,2.0212,-0.0875,0.0599,0.09,6,0.0605,0.0006,0.0,0.0,0.0,0.0,0.0,0.0,0.0
19.5,2.0212,-0.0875,0.0599,0.09,6,0.0599,0.0,0.0,0.0,0.0,0.0,0.0,0.0,0.0
19.55,2.0215,-0.0896,0.0633,0.0922,6,0.0599,-0.0035,0.0,0.0,0.0,0.0,0.0,0.0,0.0
19.6,2.0215,-0.0896,0.0633,0.0922,6,0.0633,0.0,0.0,0.0,0.0,0.0,0.0,0.0,0.0
19.65,2.0202,-0.0909,0.0599,0.0931,6,0.0633,0.0034,0.0,0.0,0.0,0.0,0.0,0.0,0.0
19.7,2.0202,-0.0909,0.0599,0.0931,6,0.0599,0.0,0.0,0.0,0.0,0.0,0.0,0.0,0.0
19.75,2.0235,-0.0965,0.0648,0.0993,6,0.0599,-0.0049,0.0,0.0,0.0,0.0,0.0,0.0,0.0
19.8,2.0235,-0.0965,0.0648,0.0993,6,0.0648,0.0,0.0,0.0,0.0,0.0,0.0,0.0,0.0
19.85,2.0232,-0.0963,0.06,0.099,6,0.0648,0.0048,0.0,0.0,0.0,0.0,0.0,0.0,0.0
19.9,2.0232,-0.0963,0.06,0.099,6,0.06,0.0,0.0,0.0,0.0,0.0,0.0,0.0,0.0
19.95,2.025,-0.0962,0.0631,0.0994,6,0.06,-0.0031,0.0,0.0,0.0,0.0,0.0,0.0,0.0
20.0,2.025,-0.0962,0.0631,0.0994,6,0.0631,0.0,0.0,0.0,0.0,0.0,0.0,0.0,0.0
20.05,2.0248,-0.0942,0.062,0.0974,6,0.0631,0.0011,0.0,0.0,0.0,0.0,0.0,0.0,0.0
20.1,2.0248,-0.0942,0.062,0.0974,6,0.062,0.0,0.0,0.0,0.0,0.0,0.0,0.0,0.0
20.15,2.0268,-0.0965,0.0656,0.1002,6,0.062,-0.0036,0.0,0.0,0.0,0.0,0.0,0.0,0.0
20.2,2.0268,-0.0965,0.0656,0.1002,6,0.0656,0.0,0.0,0.0,0.0,0.0,0.0,0.0,0.0
20.25,2.0253,-0.0999,0.0633,0.1031,6,0.0656,0.0023,0.0,0.0,0.0,0.0,0.0,0.0,0.0
20.3,2.0253,-0.0999,0.0633,0.1031,6,0.0633,0.0,0.0,0.0,0.0,0.0,0.0,0.0,0.0
20.35,2.022,-0.0958,0.0612,0.0983,6,0.0633,0.0022,0.0,0.0,0.0,0.0,0.0,0.0,0.0
20.4,2.022,-0.0958,0.0612,0.0983,6,0.0612,0.0,0.0,0.0,0.0,0.0,0.0,0.0,0.0
20.45,2.0203,-0.0912,0.0617,0.0934,6,0.0612,-0.0005,0.0,0.0,0.0,0.0,0.0,0.0,0.0
20.5,2.0203,-0.0912,0.0617,0.0934,6,0.0617,0.0,0.0,0.0,0.0,0.0,0.0,0.0,0.0
20.55,2.0157,-0.0874,0.0588,0.0888,6,0.0617,0.0029,0.0,0.0,0.0,0.0,0.0,0.0,0.0
20.6,2.0157,-0.0874,0.0588,0.0888,6,0.0588,0.0,0.0,0.0,0.0,0.0,0.0,0.0,0.0
20.65,2.0162,-0.0824,0.0593,0.084,6,0.0588,-0.0006,0.0,0.0,0.0,0.0,0.0,0.0,0.0
20.7,2.0162,-0.0824,0.0593,0.084,6,0.0593,0.0,0.0,0.0,0.0,0.0,0.0,0.0,0.0
20.75,2.0175,-0.0825,0.0599,0.0844,6,0.0593,-0.0005,0.0,0.0,0.0,0.0,0.0,0.0,0.0
20.8,2.0175,-0.0825,0.0599,0.0844,6,0.0599,0.0,0.0,0.0,0.0,0.0,0.0,0.0,0.0
20.85,2.0146,-0.0832,0.0585,0.0845,6,0.0599,0.0014,0.0,0.0,0.0,0.0,0.0,0.0,0.0
20.9,2.0146,-0.0832,0.0585,0.0845,6,0.0585,0.0,0.0,0.0,0.0,0.0,0.0,0.0,0.0
20.95,2.0174,-0.0856,0.0626,0.0874,6,0.0585,-0.0041,0.0,0.0,0.0,0.0,0.0,0.0,0.0
21.0,2.0174,-0.0856,0.0626,0.0874,6,0.0626,0.0,0.0,0.0,0.0,0.0,0.0,0.0,0.0
21.05,2.0152,-0.0877,0.0619,0.089,6,0.0626,0.0008,0.0,0.0,0.0,0.0,0.0,0.0,0.0
21.1,2.0152,-0.0877,0.0619,0.089,6,0.0619,0.0,0.0,0.0,0.0,0.0,0.0,0.0,0.0
21.15,2.0158,-0.0891,0.0607,0.0905,6,0.0619,0.0011,0.0,0.0,0.0,0.0,0.0,0.0,0.0
21.2,2.0158,-0.0891,0.0607,0.0905,6,0.0607,0.0,0.0,0.0,0.0,0.0,0.0,0.0,0.0
21.25,2.0158,-0.0891,0.0607,0.0905,6,0.0607,0.0,0.0,0.0,0.0,0.0,0.0,0.0,0.0
21.3,2.0166,-0.0925,0.062,0.0939,6,0.0607,-0.0013,0.0,0.0,0.0,0.0,0.0,0.0,0.0
21.35,2.0177,-0.0923,0.0613,0.094,6,0.062,0.0007,0.0,0.0,0.0,0.0,0.0,0.0,0.0
21.4,2.0177,-0.0923,0.0613,0.094,6,0.0613,0.0,0.0,0.0,0.0,0.0,0.0,0.0,0.0
21.45,2.0178,-0.096,0.0677,0.0977,6,0.0613,-0.0064,0.0,0.0,0.0,0.0,0.0,0.0,0.0
21.5,2.0178,-0.096,0.0677,0.0977,6,0.0677,0.0,0.0,0.0,0.0,0.0,0.0,0.0,0.0
21.55,2.0181,-0.0976,0.0606,0.0992,6,0.0677,0.0071,0.0,0.0,0.0,0.0,0.0,0.0,0.0
21.6,2.0181,-0.0976,0.0606,0.0992,6,0.0606,0.0,0.0,0.0,0.0,0.0,0.0,0.0,0.0
21.65,2.0184,-0.104,0.064,0.1056,6,0.0606,-0.0034,0.0,0.0,0.0,0.0,0.0,0.0,0.0
21.7,2.0184,-0.104,0.064,0.1056,6,0.064,0.0,0.0,0.0,0.0,0.0,0.0,0.0,0.0
21.75,2.0185,-0.1054,0.0633,0.107,6,0.064,0.0006,0.0,0.0,0.0,0.0,0.0,0.0,0.0
21.8,2.0185,-0.1054,0.0633,0.107,6,0.0633,0.0,0.0,0.0,0.0,0.0,0.0,0.0,0.0
21.85,2.0194,-0.1053,0.0622,0.1071,6,0.0633,0.0011,0.0,0.0,0.0,0.0,0.0,0.0,0.0
21.9,2.0194,-0.1053,0.0622,0.1071,6,0.0622,0.0,0.0,0.0,0.0,0.0,0.0,0.0,0.0
21.95,2.0214,-0.1053,0.0646,0.1074,6,0.0622,-0.0024,0.0,0.0,0.0,0.0,0.0,0.0,0.0
22.0,2.0214,-0.1053,0.0646,0.1074,6,0.0646,0.0,0.0,0.0,0.0,0.0,0.0,0.0,0.0
22.05,2.0179,-0.101,0.0595,0.1026,6,0.0646,0.0051,0.0,0.0,0.0,0.0,0.0,0.0,0.0
22.1,2.0179,-0.101,0.0595,0.1026,6,0.0595,0.0,0.0,0.0,0.0,0.0,0.0,0.0,0.0
22.15,2.0197,-0.1006,0.0651,0.1025,6,0.0595,-0.0056,0.0,0.0,0.0,0.0,0.0,0.0,0.0
22.2,2.0197,-0.1006,0.0651,0.1025,6,0.0651,0.0,0.0,0.0,0.0,0.0,0.0,0.0,0.0
22.25,2.0164,-0.0974,0.0605,0.0987,6,0.0651,0.0046,0.0,0.0,0.0,0.0,0.0,0.0,0.0
22.3,2.0164,-0.0974,0.0605,0.0987,6,0.0605,0.0,0.0,0.0,0.0,0.0,0.0,0.0,0.0
22.35,2.0133,-0.0925,0.0623,0.0934,6,0.0605,-0.0018,0.0,0.0,0.0,0.0,0.0,0.0,0.0
22.4,2.0133,-0.0925,0.0623,0.0934,6,0.0623,0.0,0.0,0.0,0.0,0.0,0.0,0.0,0.0
22.45,2.0157,-0.0844,0.0575,0.0858,6,0.0623,0.0048,0.0,0.0,0.0,0.0,0.0,0.0,0.0
22.5,2.0157,-0.0844,0.0575,0.0858,6,0.0575,0.0,0.0,0.0,0.0,0.0,0.0,0.0,0.0
22.55,2.0174,-0.0824,0.062,0.0842,6,0.0575,-0.0046,0.0,0.0,0.0,0.0,0.0,0.0,0.0
22.6,2.0174,-0.0824,0.062,0.0842,6,0.062,0.0,0.0,0.0,0.0,0.0,0.0,0.0,0.0
22.65,2.019,-0.0833,0.0612,0.0855,6,0.062,0.0008,0.0,0.0,0.0,0.0,0.0,0.0,0.0
22.7,2.019,-0.0833,0.0612,0.0855,6,0.0612,0.0,0.0,0.0,0.0,0.0,0.0,0.0,0.0
22.75,2.0187,-0.085,0.0623,0.087,6,0.0612,-0.0011,0.0,0.0,0.0,0.0,0.0,0.0,0.0
22.8,2.0187,-0.085,0.0623,0.087,6,0.0623,0.0,0.0,0.0,0.0,0.0,0.0,0.0,0.0
22.85,2.0224,-0.0848,0.0612,0.0878,6,0.0623,0.0011,0.0,0.0,0.0,0.0,0.0,0.0,0.0
22.9,2.0224,-0.0848,0.0612,0.0878,6,0.0612,0.0,0.0,0.0,0.0,0.0,0.0,0.0,0.0
22.95,2.0199,-0.0847,0.0614,0.0871,6,0.0612,-0.0002,0.0,0.0,0.0,0.0,0.0,0.0,0.0
23.0,2.0199,-0.0847,0.0614,0.0871,6,0.0614,0.0,0.0,0.0,0.0,0.0,0.0,0.0,0.0
23.05,2.0189,-0.0875,0.0601,0.0895,6,0.0614,0.0013,0.0,0.0,0.0,0.0,0.0,0.0,0.0
23.1,2.0189,-0.0875,0.0601,0.0895,6,0.0601,0.0,0.0,0.0,0.0,0.0,0.0,0.0,0.0
23.15,2.0166,-0.0945,0.0606,0.0959,6,0.0601,-0.0005,0.0,0.0,0.0,0.0,0.0,0.0,0.0
23.2,2.0166,-0.0945,0.0606,0.0959,6,0.0606,0.0,0.0,0.0,0.0,0.0,0.0,0.0,0.0
23.25,2.0175,-0.0953,0.0595,0.0969,6,0.0606,0.0011,0.0,0.0,0.0,0.0,0.0,0.0,0.0
23.3,2.0175,-0.0953,0.0595,0.0969,6,0.0595,0.0,0.0,0.0,0.0,0.0,0.0,0.0,0.0
23.35,2.0135,-0.0995,0.0613,0.1004,6,0.0595,-0.0018,0.0,0.0,0.0,0.0,0.0,0.0,0.0
23.4,2.0135,-0.0995,0.0613,0.1004,6,0.0613,0.0,0.0,0.0,0.0,0.0,0.0,0.0,0.0
23.45,2.0157,-0.0999,0.0633,0.1011,6,0.0613,-0.002,0.0,0.0,0.0,0.0,0.0,0.0,0.0
23.5,2.0157,-0.0999,0.0633,0.1011,6,0.0633,0.0,0.0,0.0,0.0,0.0,0.0,0.0,0.0
23.55,2.0194,-0.0979,0.0629,0.0998,6,0.0633,0.0004,0.0,0.0,0.0,0.0,0.0,0.0,0.0
23.6,2.0194,-0.0979,0.0629,0.0998,6,0.0629,0.0,0.0,0.0,0.0,0.0,0.0,0.0,0.0
23.65,2.0218,-0.0994,0.0652,0.1018,6,0.0629,-0.0024,0.0,0.0,0.0,0.0,0.0,0.0,0.0
23.7,2.0218,-0.0994,0.0652,0.1018,6,0.0652,0.0,0.0,0.0,0.0,0.0,0.0,0.0,0.0
23.75,2.0167,-0.1012,0.0614,0.1026,6,0.0652,0.0038,0.0,0.0,0.0,0.0,0.0,0.0,0.0
23.8,2.0167,-0.1012,0.0614,0.1026,6,0.0614,0.0,0.0,0.0,0.0,0.0,0.0,0.0,0.0
23.85,2.0187,-0.1021,0.0634,0.1038,6,0.0614,-0.002,0.0,0.0,0.0,0.0,0.0,0.0,0.0
23.9,2.0187,-0.1021,0.0634,0.1038,6,0.0634,0.0,0.0,0.0,0.0,0.0,0.0,0.0,0.0
23.95,2.0216,-0.102,0.0653,0.1043,6,0.0634,-0.0018,0.0,0.0,0.0,0.0,0.0,0.0,0.0
24.0,2.0216,-0.102,0.0653,0.1043,6,0.0653,0.0,0.0,0.0,0.0,0.0,0.0,0.0,0.0
24.05,2.0226,-0.0994,0.0605,0.1019,6,0.0653,0.0048,0.0,0.0,0.0,0.0,0.0,0.0,0.0
24.1,2.0226,-0.0994,0.0605,0.1019,6,0.0605,0.0,0.0,0.0,0.0,0.0,0.0,0.0,0.0
24.15,2.0248,-0.1011,0.0619,0.1041,6,0.0605,-0.0015,0.0,0.0,0.0,0.0,0.0,0.0,0.0
24.2,2.0248,-0.1011,0.0619,0.1041,6,0.0619,0.0,0.0,0.0,0.0,0.0,0.0,0.0,0.0
24.25,2.0233,-0.1011,0.0626,0.1038,6,0.0619,-0.0006,0.0,0.0,0.0,0.0,0.0,0.0,0.0
24.3,2.0233,-0.1011,0.0626,0.1038,6,0.0626,0.0,0.0,0.0,0.0,0.0,0.0,0.0,0.0
24.35,2.0221,-0.0972,0.0637,0.0997,6,0.0626,-0.0011,0.0,0.0,0.0,0.0,0.0,0.0,0.0
24.4,2.0221,-0.0972,0.0637,0.0997,6,0.0637,0.0,0.0,0.0,0.0,0.0,0.0,0.0,0.0
24.45,2.0179,-0.0969,0.0601,0.0985,6,0.0637,0.0036,0.0,0.0,0.0,0.0,0.0,0.0,0.0
24.5,2.0179,-0.0969,0.0601,0.0985,6,0.0601,0.0,0.0,0.0,0.0,0.0,0.0,0.0,0.0
24.55,2.0154,-0.0957,0.0635,0.0969,6,0.0601,-0.0034,0.0,0.0,0.0,0.0,0.0,0.0,0.0
24.6,2.0154,-0.0957,0.0635,0.0969,6,0.0635,0.0,0.0,0.0,0.0,0.0,0.0,0.0,0.0
24.65,2.0144,-0.0956,0.0623,0.0967,6,0.0635,0.0012,0.0,0.0,0.0,0.0,0.0,0.0,0.0
24.7,2.0144,-0.0956,0.0623,0.0967,6,0.0623,0.0,0.0,0.0,0.0,0.0,0.0,0.0,0.0
24.75,2.0157,-0.0945,0.0626,0.0958,6,0.0623,-0.0003,0.0,0.0,0.0,0.0,0.0,0.0,0.0
24.8,2.0157,-0.0945,0.0626,0.0958,6,0.0626,0.0,0.0,0.0,0.0,0.0,0.0,0.0,0.0
24.85,2.0172,-0.0908,0.0605,0.0924,6,0.0626,0.0021,0.0,0.0,0.0,0.0,0.0,0.0,0.0
24.9,2.0172,-0.0908,0.0605,0.0924,6,0.0605,0.0,0.0,0.0,0.0,0.0,0.0,0.0,0.0
24.95,2.0182,-0.0917,0.0642,0.0935,6,0.0605,-0.0037,0.0,0.0,0.0,0.0,0.0,0.0,0.0
25.0,2.0182,-0.0917,0.0642,0.0935,6,0.0642,0.0,0.0,0.0,0.0,0.0,0.0,0.0,0.0
25.05,2.0166,-0.0927,0.0601,0.0942,6,0.0642,0.0041,0.0,0.0,0.0,0.0,0.0,0.0,0.0
25.1,2.0166,-0.0927,0.0601,0.0942,6,0.0601,0.0,0.0,0.0,0.0,0.0,0.0,0.0,0.0
25.15,2.0156,-0.092,0.0619,0.0933,6,0.0601,-0.0018,0.0,0.0,0.0,0.0,0.0,0.0,0.0
25.2,2.0156,-0.092,0.0619,0.0933,6,0.0619,0.0,0.0,0.0,0.0,0.0,0.0,0.0,0.0
25.25,2.0148,-0.0885,0.0614,0.0898,6,0.0619,0.0005,0.0,0.0,0.0,0.0,0.0,0.0,0.0
25.3,2.0148,-0.0885,0.0614,0.0898,6,0.0614,0.0,0.0,0.0,0.0,0.0,0.0,0.0,0.0
25.35,2.0134,-0.0895,0.0632,0.0905,6,0.0614,-0.0018,0.0,0.0,0.0,0.0,0.0,0.0,0.0
25.4,2.0134,-0.0895,0.0632,0.0905,6,0.0632,0.0,0.0,0.0,0.0,0.0,0.0,0.0,0.0
25.45,2.0118,-0.0893,0.0631,0.09,6,0.0632,0.0,0.0,0.0,0.0,0.0,0.0,0.0,0.0
25.5,2.0118,-0.0893,0.0631,0.09,6,0.0631,0.0,0.0,0.0,0.0,0.0,0.0,0.0,0.0
25.55,2.0108,-0.0907,0.0622,0.0913,6,0.0631,0.0009,0.0,0.0,0.0,0.0,0.0,0.0,0.0
25.6,2.0108,-0.0907,0.0622,0.0913,6,0.0622,0.0,0.0,0.0,0.0,0.0,0.0,0.0,0.0
25.65,2.0108,-0.0937,0.0603,0.0943,6,0.0622,0.0018,0.0,0.0,0.0,0.0,0.0,0.0,0.0
25.7,2.0108,-0.0937,0.0603,0.0943,6,0.0603,0.0,0.0,0.0,0.0,0.0,0.0,0.0,0.0
25.75,2.0134,-0.0929,0.0601,0.0938,6,0.0603,0.0002,0.0,0.0,0.0,0.0,0.0,0.0,0.0
25.8,2.0134,-0.0929,0.0601,0.0938,6,0.0601,0.0,0.0,0.0,0.0,0.0,0.0,0.0,0.0
25.85,2.0176,-0.093,0.0617,0.0947,6,0.0601,-0.0016,0.0,0.0,0.0,0.0,0.0,0.0,0.0
25.9,2.0176,-0.093,0.0617,0.0947,6,0.0617,0.0,0.0,0.0,0.0,0.0,0.0,0.0,0.0
25.95,2.0203,-0.0921,0.0629,0.0943,6,0.0617,-0.0012,0.0,0.0,0.0,0.0,0.0,0.0,0.0
26.0,2.0203,-0.0921,0.0629,0.0943,6,0.0629,0.0,0.0,0.0,0.0,0.0,0.0,0.0,0.0
26.05,2.0191,-0.0947,0.0635,0.0966,6,0.0629,-0.0006,0.0,0.0,0.0,0.0,0.0,0.0,0.0
26.1,2.0191,-0.0947,0.0635,0.0966,6,0.0635,0.0,0.0,0.0,0.0,0.0,0.0,0.0,0.0
26.15,2.0201,-0.0982,0.0639,0.1003,6,0.0635,-0.0004,0.0,0.0,0.0,0.0,0.0,0.0,0.0
26.2,2.0201,-0.0982,0.0639,0.1003,6,0.0639,0.0,0.0,0.0,0.0,0.0,0.0,0.0,0.0
26.25,2.0195,-0.0981,0.0633,0.1,6,0.0639,0.0006,0.0,0.0,0.0,0.0,0.0,0.0,0.0
26.3,2.0195,-0.0981,0.0633,0.1,6,0.0633,0.0,0.0,0.0,0.0,0.0,0.0,0.0,0.0
26.35,2.0184,-0.0994,0.0594,0.1011,6,0.0633,0.0038,0.0,0.0,0.0,0.0,0.0,0.0,0.0
26.4,2.0184,-0.0994,0.0594,0.1011,6,0.0594,0.0,0.0,0.0,0.0,0.0,0.0,0.0,0.0
26.45,2.0187,-0.0979,0.0623,0.0997,6,0.0594,-0.0028,0.0,0.0,0.0,0.0,0.0,0.0,0.0
26.5,2.0187,-0.0979,0.0623,0.0997,6,0.0623,0.0,0.0,0.0,0.0,0.0,0.0,0.0,0.0
26.55,2.0187,-0.098,0.0621,0.0998,6,0.0623,0.0002,0.0,0.0,0.0,0.0,0.0,0.0,0.0
26.6,2.0187,-0.098,0.0621,0.0998,6,0.0621,0.0,0.0,0.0,0.0,0.0,0.0,0.0,0.0
26.65,2.0185,-0.0992,0.0604,0.1009,6,0.0621,0.0017,0.0,0.0,0.0,0.0,0.0,0.0,0.0
26.7,2.0185,-0.0992,0.0604,0.1009,6,0.0604,0.0,0.0,0.0,0.0,0.0,0.0,0.0,0.0
26.75,2.0177,-0.0987,0.0586,0.1003,6,0.0604,0.0018,0.0,0.0,0.0,0.0,0.0,0.0,0.0
26.8,2.0177,-0.0987,0.0586,0.1003,6,0.0586,0.0,0.0,0.0,0.0,0.0,0.0,0.0,0.0
26.85,2.0204,-0.0991,0.0625,0.1012,6,0.0586,-0.0039,0.0,0.0,0.0,0.0,0.0,0.0,0.0
26.9,2.0204,-0.0991,0.0625,0.1012,6,0.0625,0.0,0.0,0.0,0.0,0.0,0.0,0.0,0.0
26.95,2.0218,-0.1004,0.0615,0.1027,6,0.0625,0.001,0.0,0.0,0.0,0.0,0.0,0.0,0.0
27.0,2.0218,-0.1004,0.0615,0.1027,6,0.0615,0.0,0.0,0.0,0.0,0.0,0.0,0.0,0.0
27.05,2.0212,-0.1017,0.0631,0.1039,6,0.0615,-0.0017,0.0,0.0,0.0,0.0,0.0,0.0,0.0
27.1,2.0212,-0.1017,0.0631,0.1039,6,0.0631,0.0,0.0,0.0,0.0,0.0,0.0,0.0,0.0
27.15,2.0182,-0.102,0.0585,0.1036,6,0.0631,0.0046,0.0,0.0,0.0,0.0,0.0,0.0,0.0
27.2,2.0182,-0.102,0.0585,0.1036,6,0.0585,0.0,0.0,0.0,0.0,0.0,0.0,0.0,0.0
27.25,2.0191,-0.1002,0.0612,0.102,6,0.0585,-0.0027,0.0,0.0,0.0,0.0,0.0,0.0,0.0
27.3,2.0191,-0.1002,0.0612,0.102,6,0.0612,0.0,0.0,0.0,0.0,0.0,0.0,0.0,0.0
27.35,2.0207,-0.0924,0.0607,0.0947,6,0.0612,0.0005,0.0,0.0,0.0,0.0,0.0,0.0,0.0
27.4,2.0207,-0.0924,0.0607,0.0947,6,0.0607,0.0,0.0,0.0,0.0,0.0,0.0,0.0,0.0
27.45,2.0206,-0.0905,0.0644,0.0928,6,0.0607,-0.0037,0.0,0.0,0.0,0.0,0.0,0.0,0.0
27.5,2.0206,-0.0905,0.0644,0.0928,6,0.0644,0.0,0.0,0.0,0.0,0.0,0.0,0.0,0.0
27.55,2.0222,-0.0859,0.0654,0.0887,6,0.0644,-0.001,0.0,0.0,0.0,0.0,0.0,0.0,0.0
27.6,2.0222,-0.0859,0.0654,0.0887,6,0.0654,0.0,0.0,0.0,0.0,0.0,0.0,0.0,0.0
27.65,2.0216,-0.0837,0.061,0.0864,6,0.0654,0.0044,0.0,0.0,0.0,0.0,0.0,0.0,0.0
27.7,2.0216,-0.0837,0.061,0.0864,6,0.061,0.0,0.0,0.0,0.0,0.0,0.0,0.0,0.0
27.75,2.0185,-0.0896,0.0604,0.0915,6,0.061,0.0006,0.0,0.0,0.0,0.0,0.0,0.0,0.0
27.8,2.0185,-0.0896,0.0604,0.0915,6,0.0604,0.0,0.0,0.0,0.0,0.0,0.0,0.0,0.0
27.85,2.0177,-0.0868,0.0596,0.0886,6,0.0604,0.0009,0.0,0.0,0.0,0.0,0.0,0.0,0.0
27.9,2.0177,-0.0868,0.0596,0.0886,6,0.0596,0.0,0.0,0.0,0.0,0.0,0.0,0.0,0.0
27.95,2.0171,-0.0881,0.0658,0.0897,6,0.0596,-0.0062,0.0,0.0,0.0,0.0,0.0,0.0,0.0
28.0,2.0171,-0.0881,0.0658,0.0897,6,0.0658,0.0,0.0,0.0,0.0,0.0,0.0,0.0,0.0
28.05,2.0155,-0.0897,0.0649,0.091,6,0.0658,0.0009,0.0,0.0,0.0,0.0,0.0,0.0,0.0
28.1,2.0155,-0.0897,0.0649,0.091,6,0.0649,0.0,0.0,0.0,0.0,0.0,0.0,0.0,0.0
28.15,2.015,-0.0913,0.0641,0.0926,6,0.0649,0.0008,0.0,0.0,0.0,0.0,0.0,0.0,0.0
28.2,2.015,-0.0913,0.0641,0.0926,6,0.0641,0.0,0.0,0.0,0.0,0.0,0.0,0.0,0.0
28.25,2.0162,-0.0946,0.0637,0.0959,6,0.0641,0.0003,0.0,0.0,0.0,0.0,0.0,0.0,0.0
28.3,2.0162,-0.0946,0.0637,0.0959,6,0.0637,0.0,0.0,0.0,0.0,0.0,0.0,0.0,0.0
28.35,2.0136,-0.0932,0.057,0.0942,6,0.0637,0.0067,0.0,0.0,0.0,0.0,0.0,0.0,0.0
28.4,2.0136,-0.0932,0.057,0.0942,6,0.057,0.0,0.0,0.0,0.0,0.0,0.0,0.0,0.0
28.45,2.0113,-0.0923,0.0598,0.0929,6,0.057,-0.0028,0.0,0.0,0.0,0.0,0.0,0.0,0.0
28.5,2.0113,-0.0923,0.0598,0.0929,6,0.0598,0.0,0.0,0.0,0.0,0.0,0.0,0.0,0.0
28.55,2.0158,-0.0887,0.0594,0.0901,6,0.0598,0.0005,0.0,0.0,0.0,0.0,0.0,0.0,0.0
28.6,2.0158,-0.0887,0.0594,0.0901,6,0.0594,0.0,0.0,0.0,0.0,0.0,0.0,0.0,0.0
28.65,2.0164,-0.088,0.063,0.0895,6,0.0594,-0.0037,0.0,0.0,0.0,0.0,0.0,0.0,0.0
28.7,2.0164,-0.088,0.063,0.0895,6,0.063,0.0,0.0,0.0,0.0,0.0,0.0,0.0,0.0
28.75,2.0152,-0.0885,0.0599,0.0898,6,0.063,0.0031,0.0,0.0,0.0,0.0,0.0,0.0,0.0
28.8,2.0152,-0.0885,0.0599,0.0898,6,0.0599,0.0,0.0,0.0,0.0,0.0,0.0,0.0,0.0
28.85,2.0165,-0.0863,0.061,0.0879,6,0.0599,-0.0011,0.0,0.0,0.0,0.0,0.0,0.0,0.0
28.9,2.0165,-0.0863,0.061,0.0879,6,0.061,0.0,0.0,0.0,0.0,0.0,0.0,0.0,0.0
28.95,2.0167,-0.0882,0.0617,0.0898,6,0.061,-0.0007,0.0,0.0,0.0,0.0,0.0,0.0,0.0
29.0,2.0167,-0.0882,0.0617,0.0898,6,0.0617,0.0,0.0,0.0,0.0,0.0,0.0,0.0,0.0
29.05,2.0184,-0.0866,0.0608,0.0885,6,0.0617,0.0009,0.0,0.0,0.0,0.0,0.0,0.0,0.0
29.1,2.0184,-0.0866,0.0608,0.0885,6,0.0608,0.0,0.0,0.0,0.0,0.0,0.0,0.0,0.0
29.15,2.0174,-0.0861,0.0601,0.0878,6,0.0608,0.0007,0.0,0.0,0.0,0.0,0.0,0.0,0.0
29.2,2.0174,-0.0861,0.0601,0.0878,6,0.0601,0.0,0.0,0.0,0.0,0.0,0.0,0.0,0.0
29.25,2.0189,-0.0889,0.061,0.0909,6,0.0601,-0.0009,0.0,0.0,0.0,0.0,0.0,0.0,0.0
29.3,2.0189,-0.0889,0.061,0.0909,6,0.061,0.0,0.0,0.0,0.0,0.0,0.0,0.0,0.0
29.35,2.0205,-0.0909,0.0627,0.0932,6,0.061,-0.0017,0.0,0.0,0.0,0.0,0.0,0.0,0.0
29.4,2.0205,-0.0909,0.0627,0.0932,6,0.0627,0.0,0.0,0.0,0.0,0.0,0.0,0.0,0.0
29.45,2.0225,-0.094,0.0607,0.0967,6,0.0627,0.002,0.0,0.0,0.0,0.0,0.0,0.0,0.0
29.5,2.0225,-0.094,0.0607,0.0967,6,0.0607,0.0,0.0,0.0,0.0,0.0,0.0,0.0,0.0
29.55,2.0183,-0.0945,0.0586,0.0963,6,0.0607,0.0021,0.0,0.0,0.0,0.0,0.0,0.0,0.0
29.6,2.0183,-0.0945,0.0586,0.0963,6,0.0586,0.0,0.0,0.0,0.0,0.0,0.0,0.0,0.0
29.65,2.0212,-0.0931,0.0628,0.0955,6,0.0586,-0.0042,0.0,0.0,0.0,0.0,0.0,0.0,0.0
29.7,2.0212,-0.0931,0.0628,0.0955,6,0.0628,0.0,0.0,0.0,0.0,0.0,0.0,0.0,0.0
29.75,2.0233,-0.0916,0.0582,0.0945,6,0.0628,0.0046,0.0,0.0,0.0,0.0,0.0,0.0,0.0
29.8,2.0233,-0.0916,0.0582,0.0945,6,0.0582,0.0,0.0,0.0,0.0,0.0,0.0,0.0,0.0
29.85,2.0198,-0.0912,0.0623,0.0934,6,0.0582,-0.0041,0.0,0.0,0.0,0.0,0.0,0.0,0.0
29.9,2.0198,-0.0912,0.0623,0.0934,6,0.0623,0.0,0.0,0.0,0.0,0.0,0.0,0.0,0.0
29.95,2.0199,-0.0918,0.0581,0.0939,6,0.0623,0.0043,0.0,0.0,0.0,0.0,0.0,0.0,0.0
30.0,2.0199,-0.0918,0.0581,0.0939,6,0.0581,0.0,0.0,0.0,0.0,0.0,0.0,0.0,0.0
30.05,2.0156,-0.0923,0.0624,0.0936,6,0.0581,-0.0044,0.0,0.0,0.0,0.0,0.0,0.0,0.0
30.1,2.0156,-0.0923,0.0624,0.0936,6,0.0624,0.0,0.0,0.0,0.0,0.0,0.0,0.0,0.0
30.15,2.0121,-0.0956,0.0607,0.0964,6,0.0624,0.0017,0.0,0.0,0.0,0.0,0.0,0.0,0.0
30.2,2.0121,-0.0956,0.0607,0.0964,6,0.0607,0.0,0.0,0.0,0.0,0.0,0.0,0.0,0.0
30.25,2.0088,-0.1012,0.0614,0.1016,6,0.0607,-0.0006,0.0,0.0,0.0,0.0,0.0,0.0,0.0
30.3,2.0088,-0.1012,0.0614,0.1016,6,0.0614,0.0,0.0,0.0,0.0,0.0,0.0,0.0,0.0
30.35,2.0102,-0.099,0.0603,0.0995,6,0.0614,0.001,0.0,0.0,0.0,0.0,0.0,0.0,0.0
30.4,2.0102,-0.099,0.0603,0.0995,6,0.0603,0.0,0.0,0.0,0.0,0.0,0.0,0.0,0.0
30.45,2.0142,-0.0943,0.0614,0.0954,6,0.0603,-0.0011,0.0,0.0,0.0,0.0,0.0,0.0,0.0
30.5,2.0142,-0.0943,0.0614,0.0954,6,0.0614,0.0,0.0,0.0,0.0,0.0,0.0,0.0,0.0
30.55,2.0152,-0.0926,0.0622,0.0938,6,0.0614,-0.0008,0.0,0.0,0.0,0.0,0.0,0.0,0.0
30.6,2.0152,-0.0926,0.0622,0.0938,6,0.0622,0.0,0.0,0.0,0.0,0.0,0.0,0.0,0.0
30.65,2.0192,-0.0888,0.0631,0.0908,6,0.0622,-0.0009,0.0,0.0,0.0,0.0,0.0,0.0,0.0
30.7,2.0192,-0.0888,0.0631,0.0908,6,0.0631,0.0,0.0,0.0,0.0,0.0,0.0,0.0,0.0
30.75,2.0197,-0.0863,0.0593,0.0886,6,0.0631,0.0038,0.0,0.0,0.0,0.0,0.0,0.0,0.0
30.8,2.0197,-0.0863,0.0593,0.0886,6,0.0593,0.0,0.0,0.0,0.0,0.0,0.0,0.0,0.0
30.85,2.0216,-0.0813,0.0585,0.0841,6,0.0593,0.0008,0.0,0.0,0.0,0.0,0.0,0.0,0.0
30.9,2.0216,-0.0813,0.0585,0.0841,6,0.0585,0.0,0.0,0.0,0.0,0.0,0.0,0.0,0.0
30.95,2.0248,-0.083,0.0599,0.0866,6,0.0585,-0.0014,0.0,0.0,0.0,0.0,0.0,0.0,0.0
31.0,2.0248,-0.083,0.0599,0.0866,6,0.0599,0.0,0.0,0.0,0.0,0.0,0.0,0.0,0.0
31.05,2.025,-0.0859,0.0583,0.0895,6,0.0599,0.0016,0.0,0.0,0.0,0.0,0.0,0.0,0.0
31.1,2.025,-0.0859,0.0583,0.0895,6,0.0583,0.0,0.0,0.0,0.0,0.0,0.0,0.0,0.0
31.15,2.0199,-0.0867,0.06,0.0889,6,0.0583,-0.0018,0.0,0.0,0.0,0.0,0.0,0.0,0.0
31.2,2.0199,-0.0867,0.06,0.0889,6,0.06,0.0,0.0,0.0,0.0,0.0,0.0,0.0,0.0
31.25,2.0188,-0.0884,0.0629,0.0903,6,0.06,-0.0028,0.0,0.0,0.0,0.0,0.0,0.0,0.0
31.3,2.0188,-0.0884,0.0629,0.0903,6,0.0629,0.0,0.0,0.0,0.0,0.0,0.0,0.0,0.0
31.35,2.0188,-0.0895,0.0604,0.0914,6,0.0629,0.0025,0.0,0.0,0.0,0.0,0.0,0.0,0.0
31.4,2.0188,-0.0895,0.0604,0.0914,6,0.0604,0.0,0.0,0.0,0.0,0.0,0.0,0.0,0.0
31.45,2.0172,-0.092,0.0617,0.0936,6,0.0604,-0.0013,0.0,0.0,0.0,0.0,0.0,0.0,0.0
31.5,2.0172,-0.092,0.0617,0.0936,6,0.0617,0.0,0.0,0.0,0.0,0.0,0.0,0.0,0.0
31.55,2.014,-0.0948,0.0624,0.0958,6,0.0617,-0.0007,0.0,0.0,0.0,0.0,0.0,0.0,0.0
31.6,2.014,-0.0948,0.0624,0.0958,6,0.0624,0.0,0.0,0.0,0.0,0.0,0.0,0.0,0.0
31.65,2.0142,-0.0948,0.0609,0.0958,6,0.0624,0.0015,0.0,0.0,0.0,0.0,0.0,0.0,0.0
31.7,2.0142,-0.0948,0.0609,0.0958,6,0.0609,0.0,0.0,0.0,0.0,0.0,0.0,0.0,0.0
31.75,2.0115,-0.095,0.0583,0.0957,6,0.0609,0.0026,0.0,0.0,0.0,0.0,0.0,0.0,0.0
31.8,2.0115,-0.095,0.0583,0.0957,6,0.0583,0.0,0.0,0.0,0.0,0.0,0.0,0.0,0.0
31.85,2.0115,-0.095,0.0583,0.0957,6,0.0583,0.0,0.0,0.0,0.0,0.0,0.0,0.0,0.0
31.9,2.015,-0.0991,0.0656,0.1002,6,0.0583,-0.0073,0.0,0.0,0.0,0.0,0.0,0.0,0.0
31.95,2.0199,-0.095,0.0614,0.0971,6,0.0656,0.0042,0.0,0.0,0.0,0.0,0.0,0.0,0.0
32.0,2.0199,-0.095,0.0614,0.0971,6,0.0614,0.0,0.0,0.0,0.0,0.0,0.0,0.0,0.0
32.05,2.0177,-0.0947,0.0626,0.0964,6,0.0614,-0.0012,0.0,0.0,0.0,0.0,0.0,0.0,0.0
32.1,2.0177,-0.0947,0.0626,0.0964,6,0.0626,0.0,0.0,0.0,0.0,0.0,0.0,0.0,0.0
32.15,2.0177,-0.0947,0.0626,0.0964,6,0.0626,0.0,0.0,0.0,0.0,0.0,0.0,0.0,0.0
32.2,2.0209,-0.0929,0.0605,0.0952,6,0.0605,0.0,0.0,0.0,0.0,0.0,0.0,0.0,0.0
32.25,2.0219,-0.0938,0.0582,0.0963,6,0.0605,0.0023,0.0,0.0,0.0,0.0,0.0,0.0,0.0
32.3,2.0219,-0.0938,0.0582,0.0963,6,0.0582,0.0,0.0,0.0,0.0,0.0,0.0,0.0,0.0
32.35,2.0216,-0.0901,0.0619,0.0927,6,0.0582,-0.0037,0.0,0.0,0.0,0.0,0.0,0.0,0.0
32.4,2.0216,-0.0901,0.0619,0.0927,6,0.0619,0.0,0.0,0.0,0.0,0.0,0.0,0.0,0.0
32.45,2.0192,-0.0883,0.0597,0.0904,6,0.0619,0.0022,0.0,0.0,0.0,0.0,0.0,0.0,0.0
32.5,2.0192,-0.0883,0.0597,0.0904,6,0.0597,0.0,0.0,0.0,0.0,0.0,0.0,0.0,0.0
32.55,2.0216,-0.086,0.0584,0.0887,6,0.0597,0.0013,0.0,0.0,0.0,0.0,0.0,0.0,0.0
32.6,2.0216,-0.086,0.0584,0.0887,6,0.0584,0.0,0.0,0.0,0.0,0.0,0.0,0.0,0.0
32.65,2.0181,-0.0896,0.0617,0.0915,6,0.0584,-0.0033,0.0,0.0,0.0,0.0,0.0,0.0,0.0
32.7,2.0181,-0.0896,0.0617,0.0915,6,0.0617,0.0,0.0,0.0,0.0,0.0,0.0,0.0,0.0
32.75,2.0207,-0.0869,0.0597,0.0893,6,0.0617,0.0019,0.0,0.0,0.0,0.0,0.0,0.0,0.0
32.8,2.0207,-0.0869,0.0597,0.0893,6,0.0597,0.0,0.0,0.0,0.0,0.0,0.0,0.0,0.0
32.85,2.0186,-0.0911,0.0635,0.093,6,0.0597,-0.0037,0.0,0.0,0.0,0.0,0.0,0.0,0.0
32.9,2.0186,-0.0911,0.0635,0.093,6,0.0635,0.0,0.0,0.0,0.0,0.0,0.0,0.0,0.0
32.95,2.019,-0.0925,0.063,0.0944,6,0.0635,0.0005,0.0,0.0,0.0,0.0,0.0,0.0,0.0
33.0,2.019,-0.0925,0.063,0.0944,6,0.063,0.0,0.0,0.0,0.0,0.0,0.0,0.0,0.0
33.05,2.0148,-0.0911,0.0596,0.0923,6,0.063,0.0034,0.0,0.0,0.0,0.0,0.0,0.0,0.0
33.1,2.0148,-0.0911,0.0596,0.0923,6,0.0596,0.0,0.0,0.0,0.0,0.0,0.0,0.0,0.0
33.15,2.0173,-0.0909,0.0621,0.0925,6,0.0596,-0.0026,0.0,0.0,0.0,0.0,0.0,0.0,0.0
33.2,2.0173,-0.0909,0.0621,0.0925,6,0.0621,0.0,0.0,0.0,0.0,0.0,0.0,0.0,0.0
33.25,2.0173,-0.0909,0.0621,0.0925,6,0.0621,0.0,0.0,0.0,0.0,0.0,0.0,0.0,0.0
33.3,2.0172,-0.0904,0.0612,0.092,6,0.0621,0.001,0.0,0.0,0.0,0.0,0.0,0.0,0.0
33.35,2.014,-0.0931,0.0618,0.0942,6,0.0612,-0.0006,0.0,0.0,0.0,0.0,0.0,0.0,0.0
33.4,2.014,-0.0931,0.0618,0.0942,6,0.0618,0.0,0.0,0.0,0.0,0.0,0.0,0.0,0.0
33.45,2.0191,-0.091,0.0628,0.093,6,0.0618,-0.001,0.0,0.0,0.0,0.0,0.0,0.0,0.0
33.5,2.0191,-0.091,0.0628,0.093,6,0.0628,0.0,0.0,0.0,0.0,0.0,0.0,0.0,0.0
33.55,2.0158,-0.0932,0.0608,0.0945,6,0.0628,0.002,0.0,0.0,0.0,0.0,0.0,0.0,0.0
33.6,2.0158,-0.0932,0.0608,0.0945,6,0.0608,0.0,0.0,0.0,0.0,0.0,0.0,0.0,0.0
33.65,2.0175,-0.0949,0.0607,0.0965,6,0.0608,0.0,0.0,0.0,0.0,0.0,0.0,0.0,0.0
33.7,2.0175,-0.0949,0.0607,0.0965,6,0.0607,0.0,0.0,0.0,0.0,0.0,0.0,0.0,0.0
33.75,2.0183,-0.0971,0.06,0.0988,6,0.0607,0.0007,0.0,0.0,0.0,0.0,0.0,0.0,0.0
33.8,2.0183,-0.0971,0.06,0.0988,6,0.06,0.0,0.0,0.0,0.0,0.0,0.0,0.0,0.0
33.85,2.0232,-0.0981,0.0615,0.1008,6,0.06,-0.0015,0.0,0.0,0.0,0.0,0.0,0.0,0.0
33.9,2.0232,-0.0981,0.0615,0.1008,6,0.0615,0.0,0.0,0.0,0.0,0.0,0.0,0.0,0.0
33.95,2.0218,-0.0934,0.06,0.096,6,0.0615,0.0014,0.0,0.0,0.0,0.0,0.0,0.0,0.0
34.0,2.0218,-0.0934,0.06,0.096,6,0.06,0.0,0.0,0.0,0.0,0.0,0.0,0.0,0.0
34.05,2.0197,-0.0924,0.061,0.0944,6,0.06,-0.0009,0.0,0.0,0.0,0.0,0.0,0.0,0.0
34.1,2.0197,-0.0924,0.061,0.0944,6,0.061,0.0,0.0,0.0,0.0,0.0,0.0,0.0,0.0
34.15,2.0192,-0.09,0.0596,0.092,6,0.061,0.0013,0.0,0.0,0.0,0.0,0.0,0.0,0.0
34.2,2.0192,-0.09,0.0596,0.092,6,0.0596,0.0,0.0,0.0,0.0,0.0,0.0,0.0,0.0
34.25,2.0188,-0.086,0.0612,0.0881,6,0.0596,-0.0016,0.0,0.0,0.0,0.0,0.0,0.0,0.0
34.3,2.0188,-0.086,0.0612,0.0881,6,0.0612,0.0,0.0,0.0,0.0,0.0,0.0,0.0,0.0
34.35,2.0119,-0.0884,0.059,0.0892,6,0.0612,0.0022,0.0,0.0,0.0,0.0,0.0,0.0,0.0
34.4,2.0119,-0.0884,0.059,0.0892,6,0.059,0.0,0.0,0.0,0.0,0.0,0.0,0.0,0.0
34.45,2.0122,-0.0892,0.0605,0.09,6,0.059,-0.0015,0.0,0.0,0.0,0.0,0.0,0.0,0.0
34.5,2.0122,-0.0892,0.0605,0.09,6,0.0605,0.0,0.0,0.0,0.0,0.0,0.0,0.0,0.0
34.55,2.0129,-0.0868,0.0577,0.0878,6,0.0605,0.0028,0.0,0.0,0.0,0.0,0.0,0.0,0.0
34.6,2.0129,-0.0868,0.0577,0.0878,6,0.0577,0.0,0.0,0.0,0.0,0.0,0.0,0.0,0.0
34.65,2.0166,-0.0873,0.0608,0.0889,6,0.0577,-0.0031,0.0,0.0,0.0,0.0,0.0,0.0,0.0
34.7,2.0166,-0.0873,0.0608,0.0889,6,0.0608,0.0,0.0,0.0,0.0,0.0,0.0,0.0,0.0
34.75,2.0167,-0.0894,0.0607,0.0909,6,0.0608,0.0001,0.0,0.0,0.0,0.0,0.0,0.0,0.0
34.8,2.0167,-0.0894,0.0607,0.0909,6,0.0607,0.0,0.0,0.0,0.0,0.0,0.0,0.0,0.0
34.85,2.0185,-0.0927,0.0639,0.0946,6,0.0607,-0.0032,0.0,0.0,0.0,0.0,0.0,0.0,0.0
34.9,2.0185,-0.0927,0.0639,0.0946,6,0.0639,0.0,0.0,0.0,0.0,0.0,0.0,0.0,0.0
34.95,2.0196,-0.0911,0.0635,0.0931,6,0.0639,0.0004,0.0,0.0,0.0,0.0,0.0,0.0,0.0
35.0,2.0196,-0.0911,0.0635,0.0931,6,0.0635,0.0,0.0,0.0,0.0,0.0,0.0,0.0,0.0
35.05,2.0223,-0.0905,0.0625,0.0932,6,0.0635,0.001,0.0,0.0,0.0,0.0,0.0,0.0,0.0
35.1,2.0223,-0.0905,0.0625,0.0932,6,0.0625,0.0,0.0,0.0,0.0,0.0,0.0,0.0,0.0
35.15,2.0206,-0.0942,0.0613,0.0964,6,0.0625,0.0012,0.0,0.0,0.0,0.0,0.0,0.0,0.0
35.2,2.0206,-0.0942,0.0613,0.0964,6,0.0613,0.0,0.0,0.0,0.0,0.0,0.0,0.0,0.0
35.25,2.0204,-0.0925,0.0592,0.0947,6,0.0613,0.0021,0.0,0.0,0.0,0.0,0.0,0.0,0.0
35.3,2.0204,-0.0925,0.0592,0.0947,6,0.0592,0.0,0.0,0.0,0.0,0.0,0.0,0.0,0.0
35.35,2.017,-0.0932,0.0642,0.0947,6,0.0592,-0.0051,0.0,0.0,0.0,0.0,0.0,0.0,0.0
35.4,2.017,-0.0932,0.0642,0.0947,6,0.0642,0.0,0.0,0.0,0.0,0.0,0.0,0.0,0.0
35.45,2.0153,-0.0924,0.0585,0.0937,6,0.0642,0.0058,0.0,0.0,0.0,0.0,0.0,0.0,0.0
35.5,2.0153,-0.0924,0.0585,0.0937,6,0.0585,0.0,0.0,0.0,0.0,0.0,0.0,0.0,0.0
35.55,2.0139,-0.0954,0.0602,0.0964,6,0.0585,-0.0018,0.0,0.0,0.0,0.0,0.0,0.0,0.0
35.6,2.0139,-0.0954,0.0602,0.0964,6,0.0602,0.0,0.0,0.0,0.0,0.0,0.0,0.0,0.0
35.65,2.0112,-0.094,0.0564,0.0946,6,0.0602,0.0038,0.0,0.0,0.0,0.0,0.0,0.0,0.0
35.7,2.0112,-0.094,0.0564,0.0946,6,0.0564,0.0,0.0,0.0,0.0,0.0,0.0,0.0,0.0
35.75,2.0107,-0.0908,0.0609,0.0914,6,0.0564,-0.0044,0.0,0.0,0.0,0.0,0.0,0.0,0.0
35.8,2.0107,-0.0908,0.0609,0.0914,6,0.0609,0.0,0.0,0.0,0.0,0.0,0.0,0.0,0.0
35.85,2.0095,-0.0895,0.0625,0.09,6,0.0609,-0.0016,0.0,0.0,0.0,0.0,0.0,0.0,0.0
35.9,2.0095,-0.0895,0.0625,0.09,6,0.0625,0.0,0.0,0.0,0.0,0.0,0.0,0.0,0.0
35.95,2.0075,-0.0936,0.0609,0.0939,6,0.0625,0.0015,0.0,0.0,0.0,0.0,0.0,0.0,0.0
36.0,2.0075,-0.0936,0.0609,0.0939,6,0.0609,0.0,0.0,0.0,0.0,0.0,0.0,0.0,0.0
36.05,2.0099,-0.0918,0.0602,0.0923,6,0.0609,0.0007,0.0,0.0,0.0,0.0,0.0,0.0,0.0
36.1,2.0099,-0.0918,0.0602,0.0923,6,0.0602,0.0,0.0,0.0,0.0,0.0,0.0,0.0,0.0
36.15,2.0128,-0.0915,0.059,0.0924,6,0.0602,0.0012,0.0,0.0,0.0,0.0,0.0,0.0,0.0
36.2,2.0128,-0.0915,0.059,0.0924,6,0.059,0.0,0.0,0.0,0.0,0.0,0.0,0.0,0.0
36.25,2.0169,-0.0907,0.0621,0.0923,6,0.059,-0.0031,0.0,0.0,0.0,0.0,0.0,0.0,0.0
36.3,2.0169,-0.0907,0.0621,0.0923,6,0.0621,0.0,0.0,0.0,0.0,0.0,0.0,0.0,0.0
36.35,2.016,-0.0911,0.0604,0.0925,6,0.0621,0.0017,0.0,0.0,0.0,0.0,0.0,0.0,0.0
36.4,2.016,-0.0911,0.0604,0.0925,6,0.0604,0.0,0.0,0.0,0.0,0.0,0.0,0.0,0.0
36.45,2.0206,-0.0874,0.0604,0.0898,6,0.0604,0.0,0.0,0.0,0.0,0.0,0.0,0.0,0.0
36.5,2.0206,-0.0874,0.0604,0.0898,6,0.0604,0.0,0.0,0.0,0.0,0.0,0.0,0.0,0.0
36.55,2.02,-0.0854,0.0607,0.0877,6,0.0604,-0.0003,0.0,0.0,0.0,0.0,0.0,0.0,0.0
36.6,2.02,-0.0854,0.0607,0.0877,6,0.0607,0.0,0.0,0.0,0.0,0.0,0.0,0.0,0.0
36.65,2.0214,-0.0864,0.0606,0.0891,6,0.0607,0.0001,0.0,0.0,0.0,0.0,0.0,0.0,0.0
36.7,2.0214,-0.0864,0.0606,0.0891,6,0.0606,0.0,0.0,0.0,0.0,0.0,0.0,0.0,0.0
36.75,2.0196,-0.0897,0.0636,0.0919,6,0.0606,-0.0031,0.0,0.0,0.0,0.0,0.0,0.0,0.0
36.8,2.0196,-0.0897,0.0636,0.0919,6,0.0636,0.0,0.0,0.0,0.0,0.0,0.0,0.0,0.0
36.85,2.0199,-0.0859,0.0605,0.0882,6,0.0636,0.0031,0.0,0.0,0.0,0.0,0.0,0.0,0.0
36.9,2.0199,-0.0859,0.0605,0.0882,6,0.0605,0.0,0.0,0.0,0.0,0.0,0.0,0.0,0.0
36.95,2.0208,-0.0888,0.0649,0.0912,6,0.0605,-0.0043,0.0,0.0,0.0,0.0,0.0,0.0,0.0
37.0,2.0208,-0.0888,0.0649,0.0912,6,0.0649,0.0,0.0,0.0,0.0,0.0,0.0,0.0,0.0
37.05,2.0182,-0.0891,0.0628,0.0909,6,0.0649,0.0021,0.0,0.0,0.0,0.0,0.0,0.0,0.0
37.1,2.0182,-0.0891,0.0628,0.0909,6,0.0628,0.0,0.0,0.0,0.0,0.0,0.0,0.0,0.0
37.15,2.0164,-0.0926,0.0629,0.094,6,0.0628,-0.0001,0.0,0.0,0.0,0.0,0.0,0.0,0.0
37.2,2.0164,-0.0926,0.0629,0.094,6,0.0629,0.0,0.0,0.0,0.0,0.0,0.0,0.0,0.0
37.25,2.0176,-0.0929,0.0588,0.0945,6,0.0629,0.0041,0.0,0.0,0.0,0.0,0.0,0.0,0.0
37.3,2.0176,-0.0929,0.0588,0.0945,6,0.0588,0.0,0.0,0.0,0.0,0.0,0.0,0.0,0.0
37.35,2.0156,-0.0942,0.0649,0.0955,6,0.0588,-0.0061,0.0,0.0,0.0,0.0,0.0,0.0,0.0
37.4,2.0156,-0.0942,0.0649,0.0955,6,0.0649,0.0,0.0,0.0,0.0,0.0,0.0,0.0,0.0
37.45,2.0175,-0.0924,0.0593,0.094,6,0.0649,0.0056,0.0,0.0,0.0,0.0,0.0,0.0,0.0
37.5,2.0175,-0.0924,0.0593,0.094,6,0.0593,0.0,0.0,0.0,0.0,0.0,0.0,0.0,0.0
37.55,2.0153,-0.0929,0.0611,0.0941,6,0.0593,-0.0018,0.0,0.0,0.0,0.0,0.0,0.0,0.0
37.6,2.0153,-0.0929,0.0611,0.0941,6,0.0611,0.0,0.0,0.0,0.0,0.0,0.0,0.0,0.0
37.65,2.0183,-0.0916,0.0609,0.0934,6,0.0611,0.0002,0.0,0.0,0.0,0.0,0.0,0.0,0.0
37.7,2.0183,-0.0916,0.0609,0.0934,6,0.0609,0.0,0.0,0.0,0.0,0.0,0.0,0.0,0.0
37.75,2.0228,-0.0914,0.0607,0.0942,6,0.0609,0.0002,0.0,0.0,0.0,0.0,0.0,0.0,0.0
37.8,2.0228,-0.0914,0.0607,0.0942,6,0.0607,0.0,0.0,0.0,0.0,0.0,0.0,0.0,0.0
37.85,2.0213,-0.0948,0.058,0.0971,6,0.0607,0.0027,0.0,0.0,0.0,0.0,0.0,0.0,0.0
37.9,2.0213,-0.0948,0.058,0.0971,6,0.058,0.0,0.0,0.0,0.0,0.0,0.0,0.0,0.0
37.95,2.0192,-0.093,0.0597,0.095,6,0.058,-0.0016,0.0,0.0,0.0,0.0,0.0,0.0,0.0
38.0,2.0192,-0.093,0.0597,0.095,6,0.0597,0.0,0.0,0.0,0.0,0.0,0.0,0.0,0.0
38.05,2.0202,-0.0924,0.0597,0.0946,6,0.0597,-0.0,0.0,0.0,0.0,0.0,0.0,0.0,0.0
38.1,2.0202,-0.0924,0.0597,0.0946,6,0.0597,0.0,0.0,0.0,0.0,0.0,0.0,0.0,0.0
38.15,2.0113,-0.0918,0.0593,0.0924,6,0.0597,0.0004,0.0,0.0,0.0,0.0,0.0,0.0,0.0
38.2,2.0113,-0.0918,0.0593,0.0924,6,0.0593,0.0,0.0,0.0,0.0,0.0,0.0,0.0,0.0
38.25,2.0101,-0.0948,0.0624,0.0954,6,0.0593,-0.0031,0.0,0.0,0.0,0.0,0.0,0.0,0.0
38.3,2.0101,-0.0948,0.0624,0.0954,6,0.0624,0.0,0.0,0.0,0.0,0.0,0.0,0.0,0.0
38.35,2.0124,-0.0972,0.0636,0.098,6,0.0624,-0.0012,0.0,0.0,0.0,0.0,0.0,0.0,0.0
38.4,2.0124,-0.0972,0.0636,0.098,6,0.0636,0.0,0.0,0.0,0.0,0.0,0.0,0.0,0.0
38.45,2.0094,-0.0971,0.0618,0.0975,6,0.0636,0.0017,0.0,0.0,0.0,0.0,0.0,0.0,0.0
38.5,2.0094,-0.0971,0.0618,0.0975,6,0.0618,0.0,0.0,0.0,0.0,0.0,0.0,0.0,0.0
38.55,2.0106,-0.0963,0.0619,0.0969,6,0.0618,-0.0,0.0,0.0,0.0,0.0,0.0,0.0,0.0
38.6,2.0106,-0.0963,0.0619,0.0969,6,0.0619,0.0,0.0,0.0,0.0,0.0,0.0,0.0,0.0
38.65,2.0115,-0.0975,0.0617,0.0982,6,0.0619,0.0002,0.0,0.0,0.0,0.0,0.0,0.0,0.0
38.7,2.0115,-0.0975,0.0617,0.0982,6,0.0617,0.0,0.0,0.0,0.0,0.0,0.0,0.0,0.0
38.75,2.0136,-0.0922,0.0583,0.0932,6,0.0617,0.0034,0.0,0.0,0.0,0.0,0.0,0.0,0.0
38.8,2.0136,-0.0922,0.0583,0.0932,6,0.0583,0.0,0.0,0.0,0.0,0.0,0.0,0.0,0.0
38.85,2.0146,-0.0901,0.0618,0.0912,6,0.0583,-0.0035,0.0,0.0,0.0,0.0,0.0,0.0,0.0
38.9,2.0146,-0.0901,0.0618,0.0912,6,0.0618,0.0,0.0,0.0,0.0,0.0,0.0,0.0,0.0
38.95,2.0119,-0.0872,0.0594,0.0881,6,0.0618,0.0024,0.0,0.0,0.0,0.0,0.0,0.0,0.0
39.0,2.0119,-0.0872,0.0594,0.0881,6,0.0594,0.0,0.0,0.0,0.0,0.0,0.0,0.0,0.0
39.05,2.0134,-0.0905,0.0611,0.0915,6,0.0594,-0.0017,0.0,0.0,0.0,0.0,0.0,0.0,0.0
39.1,2.0134,-0.0905,0.0611,0.0915,6,0.0611,0.0,0.0,0.0,0.0,0.0,0.0,0.0,0.0
39.15,2.0158,-0.0901,0.0634,0.0915,6,0.0611,-0.0023,0.0,0.0,0.0,0.0,0.0,0.0,0.0
39.2,2.0158,-0.0901,0.0634,0.0915,6,0.0634,0.0,0.0,0.0,0.0,0.0,0.0,0.0,0.0
39.25,2.0175,-0.0922,0.0611,0.0938,6,0.0634,0.0023,0.0,0.0,0.0,0.0,0.0,0.0,0.0
39.3,2.0175,-0.0922,0.0611,0.0938,6,0.0611,0.0,0.0,0.0,0.0,0.0,0.0,0.0,0.0
39.35,2.0173,-0.091,0.0628,0.0926,6,0.0611,-0.0016,0.0,0.0,0.0,0.0,0.0,0.0,0.0
39.4,2.0173,-0.091,0.0628,0.0926,6,0.0628,0.0,0.0,0.0,0.0,0.0,0.0,0.0,0.0
39.45,2.0207,-0.0971,0.0662,0.0993,6,0.0628,-0.0034,0.0,0.0,0.0,0.0,0.0,0.0,0.0
39.5,2.0207,-0.0971,0.0662,0.0993,6,0.0662,0.0,0.0,0.0,0.0,0.0,0.0,0.0,0.0
39.55,2.0257,-0.0958,0.0627,0.0991,6,0.0662,0.0035,0.0,0.0,0.0,0.0,0.0,0.0,0.0
39.6,2.0257,-0.0958,0.0627,0.0991,6,0.0627,0.0,0.0,0.0,0.0,0.0,0.0,0.0,0.0
39.65,2.0286,-0.0951,0.0622,0.0993,6,0.0627,0.0005,0.0,0.0,0.0,0.0,0.0,0.0,0.0
39.7,2.0286,-0.0951,0.0622,0.0993,6,0.0622,0.0,0.0,0.0,0.0,0.0,0.0,0.0,0.0
39.75,2.026,-0.0943,0.0595,0.0978,6,0.0622,0.0027,0.0,0.0,0.0,0.0,0.0,0.0,0.0
39.8,2.026,-0.0943,0.0595,0.0978,6,0.0595,0.0,0.0,0.0,0.0,0.0,0.0,0.0,0.0
39.85,2.0271,-0.0954,0.0598,0.0992,6,0.0595,-0.0003,0.0,0.0,0.0,0.0,0.0,0.0,0.0
39.9,2.0271,-0.0954,0.0598,0.0992,6,0.0598,0.0,0.0,0.0,0.0,0.0,0.0,0.0,0.0
39.95,2.0236,-0.0961,0.0592,0.099,6,0.0598,0.0006,0.0,0.0,0.0,0.0,0.0,0.0,0.0
