t,cmd_v,cmd_wz,v_esq,v_dir,x,y,yaw
0.021306991577148438,0.8,0.0,0.0,-0.0,-0.03293714780345647,-0.025113735357487444,-0.030188499044699755
0.02457571029663086,0.8,0.0,0.0,-0.0,-0.03297369928965074,-0.02722944938530667,-0.02961035117163448
0.025725126266479492,0.8,0.0,0.0,-0.0,-0.008123979833761542,-0.022710735132131763,-0.034859066740334704
0.026552200317382812,0.8,0.0,0.0,-0.0,1.3314633791708428,-0.03800233984205429,-0.05214880379569566
0.04733109474182129,0.8,0.0,0.0,-0.0,1.3314633791708428,-0.03800233984205429,-0.05214880379569566
0.06615757942199707,0.8,0.0,0.0,-0.0,1.3314633791708428,-0.03800233984205429,-0.05214880379569566
0.06674504280090332,0.8,0.0,0.0,-0.0,1.3314633791708428,-0.03800233984205429,-0.05214880379569566
0.06750893592834473,0.8,0.0,0.0,-0.0,1.3314633791708428,-0.03800233984205429,-0.05214880379569566
0.06775283813476562,0.8,0.0,0.0,-0.0,1.3314633791708428,-0.03800233984205429,-0.05214880379569566
0.06831979751586914,0.8,0.0,0.0,-0.0,1.3314633791708428,-0.03800233984205429,-0.05214880379569566
0.06854939460754395,0.8,0.0,0.0,-0.0,1.3314633791708428,-0.03800233984205429,-0.05214880379569566
0.0690467357635498,0.8,0.0,0.0,-0.0,1.3314633791708428,-0.03800233984205429,-0.05214880379569566
0.06924152374267578,0.8,0.0,0.0,-0.0,1.3314633791708428,-0.03800233984205429,-0.05214880379569566
0.06970787048339844,0.8,0.0,0.0,-0.0,1.3314633791708428,-0.03800233984205429,-0.05214880379569566
0.06989598274230957,0.8,0.0,0.0,-0.0,1.3314633791708428,-0.03800233984205429,-0.05214880379569566
0.07031416893005371,0.8,0.0,0.0,-0.0,1.3314633791708428,-0.03800233984205429,-0.05214880379569566
0.0704808235168457,0.8,0.0,0.0,-0.0,1.3314633791708428,-0.03800233984205429,-0.05214880379569566
0.07088565826416016,0.8,0.0,0.0,-0.0,1.3314633791708428,-0.03800233984205429,-0.05214880379569566
0.07137298583984375,0.8,0.0,0.0,-0.0,1.3314633791708428,-0.03800233984205429,-0.05214880379569566
0.07200503349304199,0.8,0.0,0.0,-0.0,1.3314633791708428,-0.03800233984205429,-0.05214880379569566
0.07218742370605469,0.8,0.0,0.0,-0.0,1.3314633791708428,-0.03800233984205429,-0.05214880379569566
0.07256889343261719,0.8,0.0,0.0,-0.0,1.3314633791708428,-0.03800233984205429,-0.05214880379569566
0.07271337509155273,0.8,0.0,0.0,-0.0,1.3314633791708428,-0.03800233984205429,-0.05214880379569566
0.0730738639831543,0.8,0.0,0.0,-0.0,1.3314633791708428,-0.03800233984205429,-0.05214880379569566
0.07320904731750488,0.8,0.0,0.0,-0.0,1.3314633791708428,-0.03800233984205429,-0.05214880379569566
0.09387731552124023,0.8,0.0,0.0,-0.0,1.3314633791708428,-0.03800233984205429,-0.05214880379569566
0.11474847793579102,0.8,0.0,0.0,-0.0,1.3314633791708428,-0.03800233984205429,-0.05214880379569566
0.13573384284973145,0.8,0.0,0.0,-0.0,1.3314633791708428,-0.03800233984205429,-0.05214880379569566
0.1542811393737793,0.8,0.0,0.0,-0.0,-0.03275008780067691,-0.023244355511871883,-0.030557657266199842
0.15481925010681152,0.8,0.0,0.0,-0.0,-0.03275008780067691,-0.023244355511871883,-0.030557657266199842
0.15556979179382324,0.8,0.0,0.0,-0.0,-0.03275008780067691,-0.023244355511871883,-0.030557657266199842
0.1564774513244629,0.8,0.0,0.0,-0.0,1.3319114193612875,-0.034835239550293086,-0.04866973557570862
0.15668487548828125,0.8,0.0,0.0,-0.0,1.3319114193612875,-0.034835239550293086,-0.04866973557570862
0.15686893463134766,0.8,0.0,0.0,-0.0,1.3319114193612875,-0.034835239550293086,-0.04866973557570862
0.15740394592285156,0.8,0.0,0.0,-0.0,-0.009715935419292382,-0.02067278688283647,-0.03614322132131616
0.1575765609741211,0.8,0.0,0.0,-0.0,-0.009715935419292382,-0.02067278688283647,-0.03614322132131616
0.15771055221557617,0.8,0.0,0.0,-0.0,-0.009715935419292382,-0.02067278688283647,-0.03614322132131616
0.15812182426452637,0.8,0.0,0.0,-0.0,-0.009715935419292382,-0.02067278688283647,-0.03614322132131616
0.15826797485351562,0.8,0.0,0.0,-0.0,-0.009715935419292382,-0.02067278688283647,-0.03614322132131616
0.15858936309814453,0.8,0.0,0.0,-0.0,-0.009715935419292382,-0.02067278688283647,-0.03614322132131616
0.1588301658630371,0.8,0.0,0.0,-0.0,-0.009715935419292382,-0.02067278688283647,-0.03614322132131616
0.15924072265625,0.8,0.0,0.0,-0.0,-0.009715935419292382,-0.02067278688283647,-0.03614322132131616
0.15937399864196777,0.8,0.0,0.0,-0.0,-0.009715935419292382,-0.02067278688283647,-0.03614322132131616
0.15968990325927734,0.8,0.0,0.0,-0.0,-0.009715935419292382,-0.02067278688283647,-0.03614322132131616
0.15982890129089355,0.8,0.0,0.0,-0.0,-0.009715935419292382,-0.02067278688283647,-0.03614322132131616
0.16013193130493164,0.8,0.0,0.0,-0.0,-0.009715935419292382,-0.02067278688283647,-0.03614322132131616
0.16024327278137207,0.8,0.0,0.0,-0.0,-0.009715935419292382,-0.02067278688283647,-0.03614322132131616
0.1605229377746582,0.8,0.0,0.0,-0.0,-0.009715935419292382,-0.02067278688283647,-0.03614322132131616
0.16063165664672852,0.8,0.0,0.0,-0.0,-0.009715935419292382,-0.02067278688283647,-0.03614322132131616
0.16094970703125,0.8,0.0,0.0,-0.0,-0.009715935419292382,-0.02067278688283647,-0.03614322132131616
0.16106486320495605,0.8,0.0,0.0,-0.0,-0.009715935419292382,-0.02067278688283647,-0.03614322132131616
0.18165040016174316,0.8,0.0,0.0,-0.0,-0.009715935419292382,-0.02067278688283647,-0.03614322132131616
0.20292448997497559,0.8,0.0,0.0,-0.0,-0.009715935419292382,-0.02067278688283647,-0.03614322132131616
0.21687674522399902,0.8,0.0,0.0,-0.0,-0.003208611681721337,-0.023056292507800145,-0.03534347530982129
0.2262430191040039,0.8,0.0,0.0,-0.0,1.337673816840392,-0.029201151026131678,-0.051682566718469145
0.22719407081604004,0.8,0.0,0.0,-0.0,-0.026687789539323648,-0.020526945827443396,-0.032599259460691137
0.23621511459350586,0.8,0.0,0.0,-0.0,-0.026687789539323648,-0.020526945827443396,-0.032599259460691137
0.23651909828186035,0.8,0.0,0.0,-0.0,-0.026687789539323648,-0.020526945827443396,-0.032599259460691137
0.2368757724761963,0.8,0.0,0.0,-0.0,-0.026687789539323648,-0.020526945827443396,-0.032599259460691137
0.23698878288269043,0.8,0.0,0.0,-0.0,-0.026687789539323648,-0.020526945827443396,-0.032599259460691137
0.23723840713500977,0.8,0.0,0.0,-0.0,-0.026687789539323648,-0.020526945827443396,-0.032599259460691137
0.2373363971710205,0.8,0.0,0.0,-0.0,-0.026687789539323648,-0.020526945827443396,-0.032599259460691137
0.23757433891296387,0.8,0.0,0.5236,-0.0,-0.026687789539323648,-0.020526945827443396,-0.032599259460691137
0.23767852783203125,0.8,0.0,0.5236,-0.0,-0.026687789539323648,-0.020526945827443396,-0.032599259460691137
0.23795008659362793,0.8,0.0,0.5236,-0.0,-0.026687789539323648,-0.020526945827443396,-0.032599259460691137
0.23806095123291016,0.8,0.0,0.5236,0.62832,-0.026687789539323648,-0.020526945827443396,-0.032599259460691137
0.2383265495300293,0.8,0.0,0.5236,0.62832,-0.026687789539323648,-0.020526945827443396,-0.032599259460691137
0.2384350299835205,0.8,0.0,0.5236,0.62832,-0.026687789539323648,-0.020526945827443396,-0.032599259460691137
0.23870444297790527,0.8,0.0,0.5236,0.62832,-0.026687789539323648,-0.020526945827443396,-0.032599259460691137
0.23882412910461426,0.8,0.0,0.5236,0.62832,-0.026687789539323648,-0.020526945827443396,-0.032599259460691137
0.23910999298095703,0.8,0.0,0.5236,0.62832,-0.026687789539323648,-0.020526945827443396,-0.032599259460691137
0.23922371864318848,0.8,0.0,0.5236,0.62832,-0.026687789539323648,-0.020526945827443396,-0.032599259460691137
0.23950886726379395,0.8,0.0,1.4660799999999998,0.62832,-0.026687789539323648,-0.020526945827443396,-0.032599259460691137
0.2396233081817627,0.8,0.0,1.4660799999999998,0.62832,-0.026687789539323648,-0.020526945827443396,-0.032599259460691137
0.2603445053100586,0.8,0.0,1.4660799999999998,0.62832,-0.026687789539323648,-0.020526945827443396,-0.032599259460691137
0.2814359664916992,0.8,0.0,1.4660799999999998,0.62832,-0.026687789539323648,-0.020526945827443396,-0.032599259460691137
0.30239343643188477,0.8,0.0,1.4660799999999998,0.62832,-0.026687789539323648,-0.020526945827443396,-0.032599259460691137
0.3235595226287842,0.8,0.0,1.4660799999999998,0.62832,-0.026687789539323648,-0.020526945827443396,-0.032599259460691137
0.32663655281066895,0.8,0.0,1.4660799999999998,0.62832,1.3522774697649724,-0.02363536908093034,-0.06061807350960713
0.32773685455322266,0.8,0.0,1.4660799999999998,0.62832,0.015584396455059718,-0.01955850094047808,-0.04253378266462945
0.3285698890686035,0.8,0.0,1.4660799999999998,0.62832,-0.010586846232190743,-0.022082875622241004,-0.04081922671640996
0.336564302444458,0.8,0.0,1.4660799999999998,0.62832,-0.010586846232190743,-0.022082875622241004,-0.04081922671640996
0.336928129196167,0.8,0.0,1.4660799999999998,1.5708,-0.010586846232190743,-0.022082875622241004,-0.04081922671640996
0.33740758895874023,0.8,0.0,1.4660799999999998,1.5708,-0.010586846232190743,-0.022082875622241004,-0.04081922671640996
0.3375554084777832,0.8,0.0,1.4660799999999998,1.5708,-0.010586846232190743,-0.022082875622241004,-0.04081922671640996
0.33792591094970703,0.8,0.0,2.0944,1.5708,-0.010586846232190743,-0.022082875622241004,-0.04081922671640996
0.3380703926086426,0.8,0.0,2.0944,1.5708,-0.010586846232190743,-0.022082875622241004,-0.04081922671640996
0.338423490524292,0.8,0.0,2.0944,1.5708,-0.010586846232190743,-0.022082875622241004,-0.04081922671640996
0.3385629653930664,0.8,0.0,2.0944,1.5708,-0.010586846232190743,-0.022082875622241004,-0.04081922671640996
0.33890700340270996,0.8,0.0,2.0944,1.5708,-0.010586846232190743,-0.022082875622241004,-0.04081922671640996
0.33904075622558594,0.8,0.0,2.0944,1.88496,-0.010586846232190743,-0.022082875622241004,-0.04081922671640996
0.3393697738647461,0.8,0.0,2.40856,1.88496,-0.010586846232190743,-0.022082875622241004,-0.04081922671640996
0.339508056640625,0.8,0.0,2.40856,1.88496,-0.010586846232190743,-0.022082875622241004,-0.04081922671640996
0.33987975120544434,0.8,0.0,2.40856,1.88496,-0.010586846232190743,-0.022082875622241004,-0.04081922671640996
0.34002113342285156,0.8,0.0,2.40856,1.88496,-0.010586846232190743,-0.022082875622241004,-0.04081922671640996
0.34033989906311035,0.8,0.0,2.40856,1.88496,-0.010586846232190743,-0.022082875622241004,-0.04081922671640996
0.3404660224914551,0.8,0.0,2.40856,2.40856,-0.010586846232190743,-0.022082875622241004,-0.04081922671640996
0.3408017158508301,0.8,0.0,2.51328,2.40856,-0.010586846232190743,-0.022082875622241004,-0.04081922671640996
0.3409430980682373,0.8,0.0,2.51328,2.40856,-0.010586846232190743,-0.022082875622241004,-0.04081922671640996
0.3412623405456543,0.8,0.0,2.51328,2.40856,-0.010586846232190743,-0.022082875622241004,-0.04081922671640996
0.34139537811279297,0.8,0.0,2.51328,2.51328,-0.010586846232190743,-0.022082875622241004,-0.04081922671640996
0.3621063232421875,0.8,0.0,2.51328,2.51328,-0.010586846232190743,-0.022082875622241004,-0.04081922671640996
0.38304567337036133,0.8,0.0,2.51328,2.51328,-0.010586846232190743,-0.022082875622241004,-0.04081922671640996
0.40410375595092773,0.8,0.0,2.51328,2.51328,-0.010586846232190743,-0.022082875622241004,-0.04081922671640996
0.4009227752685547,0.0,0.0,2.51328,2.51328,0.014473309754560355,-0.02791662863651336,-0.0573983168648908
0.4010300636291504,0.0,0.0,3.03688,2.51328,0.014473309754560355,-0.02791662863651336,-0.0573983168648908
0.40110135078430176,0.0,0.0,3.03688,2.51328,0.014473309754560355,-0.02791662863651336,-0.0573983168648908
0.40158939361572266,0.0,0.0,3.03688,2.51328,1.375145610900266,-0.02604840820142816,-0.0775534736106206
0.4016590118408203,0.0,0.0,3.03688,2.51328,1.375145610900266,-0.02604840820142816,-0.0775534736106206
0.4017186164855957,0.0,0.0,3.03688,2.51328,1.375145610900266,-0.02604840820142816,-0.0775534736106206
0.4021296501159668,0.0,0.0,3.03688,2.51328,0.040429098897327966,-0.023986930851132366,-0.061433433536640325
0.4021940231323242,0.0,0.0,2.72272,2.51328,0.040429098897327966,-0.023986930851132366,-0.061433433536640325
0.4022483825683594,0.0,0.0,2.72272,2.3038399999999997,0.040429098897327966,-0.023986930851132366,-0.061433433536640325
0.4026925563812256,0.0,0.0,2.72272,2.3038399999999997,0.041191150682787406,-0.03509464819911009,-0.06948745223432833
0.4027571678161621,0.0,0.0,2.72272,2.3038399999999997,0.041191150682787406,-0.03509464819911009,-0.06948745223432833
0.40281009674072266,0.0,0.0,2.72272,2.3038399999999997,0.041191150682787406,-0.03509464819911009,-0.06948745223432833
0.4031867980957031,0.0,0.0,2.72272,2.3038399999999997,0.0655461737134337,-0.026585536754764258,-0.07479254335990276
0.4032471179962158,0.0,0.0,2.8274399999999997,2.3038399999999997,0.0655461737134337,-0.026585536754764258,-0.07479254335990276
0.4033041000366211,0.0,0.0,2.8274399999999997,2.3038399999999997,0.0655461737134337,-0.026585536754764258,-0.07479254335990276
0.40365123748779297,0.0,0.0,2.8274399999999997,2.3038399999999997,1.3983209948122686,-0.03396515098666902,-0.09174987873443627
0.40370941162109375,0.0,0.0,2.8274399999999997,2.3038399999999997,1.3983209948122686,-0.03396515098666902,-0.09174987873443627
0.40375828742980957,0.0,0.0,2.8274399999999997,2.8274399999999997,1.3983209948122686,-0.03396515098666902,-0.09174987873443627
0.4040060043334961,0.0,0.0,2.8274399999999997,2.8274399999999997,1.3983209948122686,-0.03396515098666902,-0.09174987873443627
0.40405750274658203,0.0,0.0,2.8274399999999997,2.8274399999999997,1.3983209948122686,-0.03396515098666902,-0.09174987873443627
0.4043126106262207,0.0,0.0,3.03688,2.8274399999999997,1.3983209948122686,-0.03396515098666902,-0.09174987873443627
0.40436840057373047,0.0,0.0,3.03688,3.03688,1.3983209948122686,-0.03396515098666902,-0.09174987873443627
0.40460705757141113,0.0,0.0,3.03688,3.03688,1.3983209948122686,-0.03396515098666902,-0.09174987873443627
0.40465712547302246,0.0,0.0,3.03688,3.03688,1.3983209948122686,-0.03396515098666902,-0.09174987873443627
0.404890775680542,0.0,0.0,3.1416,3.03688,1.3983209948122686,-0.03396515098666902,-0.09174987873443627
0.4049417972564697,0.0,0.0,3.1416,2.8274399999999997,1.3983209948122686,-0.03396515098666902,-0.09174987873443627
0.4051785469055176,0.0,0.0,3.1416,2.8274399999999997,1.3983209948122686,-0.03396515098666902,-0.09174987873443627
0.4052283763885498,0.0,0.0,3.1416,2.8274399999999997,1.3983209948122686,-0.03396515098666902,-0.09174987873443627
0.4054703712463379,0.0,0.0,3.24632,2.8274399999999997,1.3983209948122686,-0.03396515098666902,-0.09174987873443627
0.4055204391479492,0.0,0.0,3.24632,2.8274399999999997,1.3983209948122686,-0.03396515098666902,-0.09174987873443627
0.40575551986694336,0.0,0.0,3.4557599999999997,2.8274399999999997,1.3983209948122686,-0.03396515098666902,-0.09174987873443627
0.4058051109313965,0.0,0.0,3.4557599999999997,2.9321599999999997,1.3983209948122686,-0.03396515098666902,-0.09174987873443627
0.40604138374328613,0.0,0.0,3.4557599999999997,2.9321599999999997,1.3983209948122686,-0.03396515098666902,-0.09174987873443627
0.40609169006347656,0.0,0.0,3.4557599999999997,2.9321599999999997,1.3983209948122686,-0.03396515098666902,-0.09174987873443627
0.40633416175842285,0.0,0.0,3.4557599999999997,2.9321599999999997,1.3983209948122686,-0.03396515098666902,-0.09174987873443627
0.40638089179992676,0.0,0.0,3.4557599999999997,3.4557599999999997,1.3983209948122686,-0.03396515098666902,-0.09174987873443627
0.406599760055542,0.0,0.0,3.4557599999999997,3.4557599999999997,1.3983209948122686,-0.03396515098666902,-0.09174987873443627
0.4066438674926758,0.0,0.0,3.4557599999999997,3.4557599999999997,1.3983209948122686,-0.03396515098666902,-0.09174987873443627
0.4068598747253418,0.0,0.0,3.5604799999999996,3.4557599999999997,1.3983209948122686,-0.03396515098666902,-0.09174987873443627
0.406907320022583,0.0,0.0,3.5604799999999996,3.1416,1.3983209948122686,-0.03396515098666902,-0.09174987873443627
0.4071211814880371,0.0,0.0,3.5604799999999996,3.1416,1.3983209948122686,-0.03396515098666902,-0.09174987873443627
0.4071686267852783,0.0,0.0,3.5604799999999996,3.1416,1.3983209948122686,-0.03396515098666902,-0.09174987873443627
0.4074087142944336,0.0,0.0,3.6651999999999996,3.1416,1.3983209948122686,-0.03396515098666902,-0.09174987873443627
0.40746045112609863,0.0,0.0,3.6651999999999996,3.1416,1.3983209948122686,-0.03396515098666902,-0.09174987873443627
0.40768933296203613,0.0,0.0,3.6651999999999996,3.1416,1.3983209948122686,-0.03396515098666902,-0.09174987873443627
0.40774035453796387,0.0,0.0,3.6651999999999996,3.1416,1.3983209948122686,-0.03396515098666902,-0.09174987873443627
0.41393566131591797,0.0,0.0,3.6651999999999996,3.1416,1.4302419401627688,-0.04305452691091815,-0.1136704827574595
0.41455554962158203,0.0,0.0,3.6651999999999996,3.1416,0.0989048067693678,-0.034210219919818,-0.0946538117565788
0.41504931449890137,0.0,0.0,3.6651999999999996,3.1416,0.06596065923983528,-0.037440905081630345,-0.0930921321376654
0.43588948249816895,0.0,0.0,3.6651999999999996,3.1416,0.06596065923983528,-0.037440905081630345,-0.0930921321376654
0.4436032772064209,0.0,0.0,3.6651999999999996,3.1416,0.06596065923983528,-0.037440905081630345,-0.0930921321376654
0.443744421005249,0.0,0.0,3.6651999999999996,3.5604799999999996,0.06596065923983528,-0.037440905081630345,-0.0930921321376654
0.4443857669830322,0.0,0.0,3.6651999999999996,3.5604799999999996,0.06596065923983528,-0.037440905081630345,-0.0930921321376654
0.4444878101348877,0.0,0.0,3.6651999999999996,3.5604799999999996,0.06596065923983528,-0.037440905081630345,-0.0930921321376654
0.44493627548217773,0.0,0.0,3.76992,3.5604799999999996,0.06596065923983528,-0.037440905081630345,-0.0930921321376654
0.44502735137939453,0.0,0.0,3.76992,3.24632,0.06596065923983528,-0.037440905081630345,-0.0930921321376654
0.44544100761413574,0.0,0.0,3.76992,3.24632,0.06596065923983528,-0.037440905081630345,-0.0930921321376654
0.4455273151397705,0.0,0.0,3.76992,3.24632,0.06596065923983528,-0.037440905081630345,-0.0930921321376654
0.44591331481933594,0.0,0.0,3.76992,3.24632,0.06596065923983528,-0.037440905081630345,-0.0930921321376654
0.44599342346191406,0.0,0.0,3.76992,3.35104,0.06596065923983528,-0.037440905081630345,-0.0930921321376654
0.4463672637939453,0.0,0.0,3.76992,3.35104,0.06596065923983528,-0.037440905081630345,-0.0930921321376654
0.4464418888092041,0.0,0.0,3.76992,3.35104,0.06596065923983528,-0.037440905081630345,-0.0930921321376654
0.446791410446167,0.0,0.0,3.76992,3.35104,0.06596065923983528,-0.037440905081630345,-0.0930921321376654
0.446866512298584,0.0,0.0,3.76992,3.4557599999999997,0.06596065923983528,-0.037440905081630345,-0.0930921321376654
0.4472026824951172,0.0,0.0,3.87464,3.4557599999999997,0.06596065923983528,-0.037440905081630345,-0.0930921321376654
0.44727182388305664,0.0,0.0,3.87464,3.4557599999999997,0.06596065923983528,-0.037440905081630345,-0.0930921321376654
0.44759392738342285,0.0,0.0,3.87464,3.4557599999999997,0.06596065923983528,-0.037440905081630345,-0.0930921321376654
0.4476618766784668,0.0,0.0,3.87464,3.35104,0.06596065923983528,-0.037440905081630345,-0.0930921321376654
0.44797658920288086,0.0,0.0,3.87464,3.35104,0.06596065923983528,-0.037440905081630345,-0.0930921321376654
0.4480433464050293,0.0,0.0,3.87464,3.35104,0.06596065923983528,-0.037440905081630345,-0.0930921321376654
0.4687376022338867,0.0,0.0,3.87464,3.35104,0.06596065923983528,-0.037440905081630345,-0.0930921321376654
0.4891808032989502,0.0,0.0,3.87464,3.35104,0.06596065923983528,-0.037440905081630345,-0.0930921321376654
0.5097107887268066,0.0,0.0,3.87464,3.35104,0.06596065923983528,-0.037440905081630345,-0.0930921321376654
0.5190551280975342,0.0,0.0,3.87464,3.35104,0.09819987947340197,-0.03935565212263212,-0.10936376999343408
0.5397753715515137,0.0,0.0,3.87464,3.35104,0.09819987947340197,-0.03935565212263212,-0.10936376999343408
0.5479767322540283,0.0,0.0,3.97936,3.35104,0.09819987947340197,-0.03935565212263212,-0.10936376999343408
0.5481431484222412,0.0,0.0,3.97936,3.4557599999999997,0.09819987947340197,-0.03935565212263212,-0.10936376999343408
0.5491752624511719,0.0,0.0,3.97936,3.4557599999999997,1.46288011249283,-0.05133148829578219,-0.12975320783674796
0.5493111610412598,0.0,0.0,3.97936,3.4557599999999997,1.46288011249283,-0.05133148829578219,-0.12975320783674796
0.5494046211242676,0.0,0.0,3.97936,3.4557599999999997,1.46288011249283,-0.05133148829578219,-0.12975320783674796
0.5498981475830078,0.0,0.0,3.97936,3.4557599999999997,1.46288011249283,-0.05133148829578219,-0.12975320783674796
0.5499944686889648,0.0,0.0,3.97936,3.4557599999999997,1.46288011249283,-0.05133148829578219,-0.12975320783674796
0.550424337387085,0.0,0.0,4.08408,3.4557599999999997,1.46288011249283,-0.05133148829578219,-0.12975320783674796
0.5505075454711914,0.0,0.0,4.08408,3.4557599999999997,1.46288011249283,-0.05133148829578219,-0.12975320783674796
0.5508949756622314,0.0,0.0,4.08408,3.4557599999999997,1.46288011249283,-0.05133148829578219,-0.12975320783674796
0.5509779453277588,0.0,0.0,4.08408,3.4557599999999997,1.46288011249283,-0.05133148829578219,-0.12975320783674796
0.5513429641723633,0.0,0.0,4.08408,3.4557599999999997,1.46288011249283,-0.05133148829578219,-0.12975320783674796
0.5514159202575684,0.0,0.0,4.08408,3.4557599999999997,1.46288011249283,-0.05133148829578219,-0.12975320783674796
0.5517513751983643,0.0,0.0,4.08408,3.4557599999999997,1.46288011249283,-0.05133148829578219,-0.12975320783674796
0.5518243312835693,0.0,0.0,4.08408,3.4557599999999997,1.46288011249283,-0.05133148829578219,-0.12975320783674796
0.5521736145019531,0.0,0.0,4.08408,3.4557599999999997,1.46288011249283,-0.05133148829578219,-0.12975320783674796
0.5522463321685791,0.0,0.0,4.08408,3.4557599999999997,1.46288011249283,-0.05133148829578219,-0.12975320783674796
0.5525658130645752,0.0,0.0,4.1888,3.4557599999999997,1.46288011249283,-0.05133148829578219,-0.12975320783674796
0.5526349544525146,0.0,0.0,4.1888,3.5604799999999996,1.46288011249283,-0.05133148829578219,-0.12975320783674796
0.5529778003692627,0.0,0.0,4.1888,3.5604799999999996,1.46288011249283,-0.05133148829578219,-0.12975320783674796
0.5530440807342529,0.0,0.0,4.1888,3.5604799999999996,1.46288011249283,-0.05133148829578219,-0.12975320783674796
0.5675911903381348,0.0,0.0,4.1888,3.5604799999999996,0.13106914345795823,-0.036365416969518755,-0.11328205203541787
0.5881495475769043,0.0,0.0,4.1888,3.5604799999999996,0.13106914345795823,-0.036365416969518755,-0.11328205203541787
0.6088907718658447,0.0,0.0,4.1888,3.5604799999999996,0.13106914345795823,-0.036365416969518755,-0.11328205203541787
0.6174311637878418,0.0,0.0,4.1888,3.5604799999999996,0.16183109334504645,-0.038613309286336044,-0.1363075760550775
0.6235160827636719,0.0,0.0,4.1888,3.5604799999999996,1.4958757275413317,-0.05476449735781602,-0.14770451899122608
0.6241774559020996,0.0,0.0,4.1888,3.5604799999999996,0.1335527724753787,-0.0462470073366344,-0.12967007841559186
0.6309633255004883,0.0,0.0,4.08408,3.5604799999999996,0.1335527724753787,-0.0462470073366344,-0.12967007841559186
0.6311445236206055,0.0,0.0,4.08408,3.5604799999999996,0.1335527724753787,-0.0462470073366344,-0.12967007841559186
0.6325032711029053,0.0,0.0,4.08408,3.5604799999999996,0.1335527724753787,-0.0462470073366344,-0.12967007841559186
0.6326265335083008,0.0,0.0,4.08408,3.5604799999999996,0.1335527724753787,-0.0462470073366344,-0.12967007841559186
0.6331593990325928,0.0,0.0,4.08408,3.5604799999999996,0.1335527724753787,-0.0462470073366344,-0.12967007841559186
0.6332428455352783,0.0,0.0,4.08408,3.4557599999999997,0.1335527724753787,-0.0462470073366344,-0.12967007841559186
0.6336665153503418,0.0,0.0,4.08408,3.4557599999999997,0.1335527724753787,-0.0462470073366344,-0.12967007841559186
0.6337440013885498,0.0,0.0,4.08408,3.4557599999999997,0.1335527724753787,-0.0462470073366344,-0.12967007841559186
0.634110689163208,0.0,0.0,4.08408,3.4557599999999997,0.1335527724753787,-0.0462470073366344,-0.12967007841559186
0.6341898441314697,0.0,0.0,4.08408,3.4557599999999997,0.1335527724753787,-0.0462470073366344,-0.12967007841559186
0.6345429420471191,0.0,0.0,3.97936,3.4557599999999997,0.1335527724753787,-0.0462470073366344,-0.12967007841559186
0.6346132755279541,0.0,0.0,3.97936,3.4557599999999997,0.1335527724753787,-0.0462470073366344,-0.12967007841559186
0.6349308490753174,0.0,0.0,3.97936,3.4557599999999997,0.1335527724753787,-0.0462470073366344,-0.12967007841559186
0.6350002288818359,0.0,0.0,3.97936,3.4557599999999997,0.1335527724753787,-0.0462470073366344,-0.12967007841559186
0.6353082656860352,0.0,0.0,4.08408,3.4557599999999997,0.1335527724753787,-0.0462470073366344,-0.12967007841559186
0.6353709697723389,0.0,0.0,4.08408,3.4557599999999997,0.1335527724753787,-0.0462470073366344,-0.12967007841559186
0.6360569000244141,0.0,0.0,4.08408,3.4557599999999997,0.1335527724753787,-0.0462470073366344,-0.12967007841559186
0.6361479759216309,0.0,0.0,4.08408,3.03688,0.1335527724753787,-0.0462470073366344,-0.12967007841559186
0.6567940711975098,0.0,0.0,4.08408,3.03688,0.1335527724753787,-0.0462470073366344,-0.12967007841559186
0.677175760269165,0.0,0.0,4.08408,3.03688,0.1335527724753787,-0.0462470073366344,-0.12967007841559186
0.6975574493408203,0.0,0.0,4.08408,3.03688,0.1335527724753787,-0.0462470073366344,-0.12967007841559186
0.7181706428527832,0.0,0.0,4.08408,3.03688,0.1335527724753787,-0.0462470073366344,-0.12967007841559186
0.7327892780303955,0.0,0.0,4.08408,3.03688,1.5252928853407122,-0.059667870004486506,-0.17540741413270708
0.7330060005187988,0.0,0.0,3.97936,3.03688,1.5252928853407122,-0.059667870004486506,-0.17540741413270708
0.73317551612854,0.0,0.0,3.97936,3.03688,1.5252928853407122,-0.059667870004486506,-0.17540741413270708
0.7347066402435303,0.0,0.0,3.97936,3.03688,0.19465164164554963,-0.041367528603690834,-0.15923390021699754
0.7348394393920898,0.0,0.0,3.87464,3.03688,0.19465164164554963,-0.041367528603690834,-0.15923390021699754
0.7349245548248291,0.0,0.0,3.87464,3.03688,0.19465164164554963,-0.041367528603690834,-0.15923390021699754
0.7355673313140869,0.0,0.0,3.87464,3.03688,0.16783360696046182,-0.05202060178163331,-0.1527729775634148
0.735651969909668,0.0,0.0,3.87464,3.03688,0.16783360696046182,-0.05202060178163331,-0.1527729775634148
0.735724925994873,0.0,0.0,3.87464,3.24632,0.16783360696046182,-0.05202060178163331,-0.1527729775634148
0.7360923290252686,0.0,0.0,3.76992,3.24632,0.16783360696046182,-0.05202060178163331,-0.1527729775634148
0.7361655235290527,0.0,0.0,3.76992,3.24632,0.16783360696046182,-0.05202060178163331,-0.1527729775634148
0.7364916801452637,0.0,0.0,3.76992,3.24632,0.16783360696046182,-0.05202060178163331,-0.1527729775634148
0.7365548610687256,0.0,0.0,3.76992,3.1416,0.16783360696046182,-0.05202060178163331,-0.1527729775634148
0.7368545532226562,0.0,0.0,3.6651999999999996,3.1416,0.16783360696046182,-0.05202060178163331,-0.1527729775634148
0.7370343208312988,0.0,0.0,3.6651999999999996,3.1416,0.16783360696046182,-0.05202060178163331,-0.1527729775634148
0.737360954284668,0.0,0.0,3.6651999999999996,3.1416,0.16783360696046182,-0.05202060178163331,-0.1527729775634148
0.7374181747436523,0.0,0.0,3.6651999999999996,3.1416,0.16783360696046182,-0.05202060178163331,-0.1527729775634148
0.7376902103424072,0.0,0.0,3.4557599999999997,3.1416,0.16783360696046182,-0.05202060178163331,-0.1527729775634148
0.7377481460571289,0.0,0.0,3.4557599999999997,2.40856,0.16783360696046182,-0.05202060178163331,-0.1527729775634148
0.7380120754241943,0.0,0.0,3.4557599999999997,2.40856,0.16783360696046182,-0.05202060178163331,-0.1527729775634148
0.7380690574645996,0.0,0.0,3.4557599999999997,2.40856,0.16783360696046182,-0.05202060178163331,-0.1527729775634148
0.7383301258087158,0.0,0.0,3.35104,2.40856,0.16783360696046182,-0.05202060178163331,-0.1527729775634148
0.7383842468261719,0.0,0.0,3.35104,2.40856,0.16783360696046182,-0.05202060178163331,-0.1527729775634148
0.7588932514190674,0.0,0.0,3.35104,2.40856,0.16783360696046182,-0.05202060178163331,-0.1527729775634148
0.7793068885803223,0.0,0.0,3.35104,2.40856,0.16783360696046182,-0.05202060178163331,-0.1527729775634148
0.7997035980224609,0.0,0.0,3.35104,2.40856,0.16783360696046182,-0.05202060178163331,-0.1527729775634148
0.8014342784881592,0.0,0.0,3.35104,2.40856,1.5521144009895258,-0.06336417559214892,-0.19954837043845972
0.8025124073028564,0.0,0.0,3.35104,2.40856,0.19387931965354424,-0.051828929062260755,-0.17942219003291449
0.8109762668609619,0.0,0.0,3.35104,2.40856,0.2187831455036636,-0.04458023510632575,-0.1877619720179683
0.8313536643981934,0.0,0.0,3.35104,2.40856,0.2187831455036636,-0.04458023510632575,-0.1877619720179683
0.8388757705688477,0.0,0.0,3.35104,2.40856,0.2187831455036636,-0.04458023510632575,-0.1877619720179683
0.8389530181884766,0.0,0.0,3.35104,2.72272,0.2187831455036636,-0.04458023510632575,-0.1877619720179683
0.8392651081085205,0.0,0.0,3.35104,2.72272,0.2187831455036636,-0.04458023510632575,-0.1877619720179683
0.8393440246582031,0.0,0.0,3.35104,2.72272,0.2187831455036636,-0.04458023510632575,-0.1877619720179683
0.839611291885376,0.0,0.0,3.1416,2.72272,0.2187831455036636,-0.04458023510632575,-0.1877619720179683
0.8396742343902588,0.0,0.0,3.1416,2.72272,0.2187831455036636,-0.04458023510632575,-0.1877619720179683
0.8399336338043213,0.0,0.0,3.1416,2.72272,0.2187831455036636,-0.04458023510632575,-0.1877619720179683
0.8399956226348877,0.0,0.0,3.1416,2.0944,0.2187831455036636,-0.04458023510632575,-0.1877619720179683
0.8402512073516846,0.0,0.0,2.9321599999999997,2.0944,0.2187831455036636,-0.04458023510632575,-0.1877619720179683
0.8403210639953613,0.0,0.0,2.9321599999999997,2.0944,0.2187831455036636,-0.04458023510632575,-0.1877619720179683
0.840573787689209,0.0,0.0,2.9321599999999997,2.0944,0.2187831455036636,-0.04458023510632575,-0.1877619720179683
0.8406364917755127,0.0,0.0,2.9321599999999997,2.0944,0.2187831455036636,-0.04458023510632575,-0.1877619720179683
0.8408894538879395,0.0,0.0,2.9321599999999997,2.0944,0.2187831455036636,-0.04458023510632575,-0.1877619720179683
0.840951681137085,0.0,0.0,2.9321599999999997,2.0944,0.2187831455036636,-0.04458023510632575,-0.1877619720179683
0.8472588062286377,0.0,0.0,2.51328,2.0944,0.2187831455036636,-0.04458023510632575,-0.1877619720179683
0.8473513126373291,0.0,0.0,2.51328,1.7802399999999998,0.2187831455036636,-0.04458023510632575,-0.1877619720179683
0.8477005958557129,0.0,0.0,2.51328,1.7802399999999998,0.2187831455036636,-0.04458023510632575,-0.1877619720179683
0.847769021987915,0.0,0.0,2.51328,1.7802399999999998,0.2187831455036636,-0.04458023510632575,-0.1877619720179683
0.8480434417724609,0.0,0.0,2.51328,1.7802399999999998,0.2187831455036636,-0.04458023510632575,-0.1877619720179683
0.8481113910675049,0.0,0.0,2.51328,1.7802399999999998,0.2187831455036636,-0.04458023510632575,-0.1877619720179683
0.8688864707946777,0.0,0.0,2.51328,1.7802399999999998,0.2187831455036636,-0.04458023510632575,-0.1877619720179683
0.8896579742431641,0.0,0.0,2.51328,1.7802399999999998,0.2187831455036636,-0.04458023510632575,-0.1877619720179683
0.9100751876831055,0.0,0.0,2.51328,1.7802399999999998,0.2187831455036636,-0.04458023510632575,-0.1877619720179683
0.9254052639007568,0.0,0.0,2.618,1.7802399999999998,0.2187831455036636,-0.04458023510632575,-0.1877619720179683
0.925506591796875,0.0,0.0,2.618,1.7802399999999998,0.2187831455036636,-0.04458023510632575,-0.1877619720179683
0.9259815216064453,0.0,0.0,2.618,1.7802399999999998,0.2187831455036636,-0.04458023510632575,-0.1877619720179683
0.9260592460632324,0.0,0.0,2.618,1.5708,0.2187831455036636,-0.04458023510632575,-0.1877619720179683
0.9264428615570068,0.0,0.0,2.618,1.5708,0.2187831455036636,-0.04458023510632575,-0.1877619720179683
0.9265236854553223,0.0,0.0,2.618,1.5708,0.2187831455036636,-0.04458023510632575,-0.1877619720179683
0.9290914535522461,0.0,0.0,2.0944,1.5708,0.2187831455036636,-0.04458023510632575,-0.1877619720179683
0.9291946887969971,0.0,0.0,2.0944,1.5708,0.2187831455036636,-0.04458023510632575,-0.1877619720179683
0.9296793937683105,0.0,0.0,2.0944,1.5708,0.2187831455036636,-0.04458023510632575,-0.1877619720179683
0.9297571182250977,0.0,0.0,2.0944,1.5708,0.2187831455036636,-0.04458023510632575,-0.1877619720179683
0.9300928115844727,0.0,0.0,2.0944,1.5708,0.2187831455036636,-0.04458023510632575,-0.1877619720179683
0.9303252696990967,0.0,0.0,2.0944,1.5708,0.2187831455036636,-0.04458023510632575,-0.1877619720179683
0.930652379989624,0.0,0.0,2.3038399999999997,1.5708,0.2187831455036636,-0.04458023510632575,-0.1877619720179683
0.9307210445404053,0.0,0.0,2.3038399999999997,1.5708,0.2187831455036636,-0.04458023510632575,-0.1877619720179683
0.9310207366943359,0.0,0.0,2.3038399999999997,1.5708,0.2187831455036636,-0.04458023510632575,-0.1877619720179683
0.9347989559173584,0.0,0.0,2.3038399999999997,1.5708,0.23563308954761142,-0.05006263503817887,-0.21334369993752644
0.9349191188812256,0.0,0.0,2.3038399999999997,1.5708,0.23563308954761142,-0.05006263503817887,-0.21334369993752644
0.934999942779541,0.0,0.0,2.3038399999999997,1.36136,0.23563308954761142,-0.05006263503817887,-0.21334369993752644
0.9356174468994141,0.0,0.0,2.3038399999999997,1.36136,1.5717091935323337,-0.07049826756584615,-0.22752796807948078
0.9357006549835205,0.0,0.0,2.3038399999999997,1.36136,1.5717091935323337,-0.07049826756584615,-0.22752796807948078
0.9357686042785645,0.0,0.0,2.3038399999999997,1.36136,1.5717091935323337,-0.07049826756584615,-0.22752796807948078
0.9362578392028809,0.0,0.0,2.3038399999999997,1.36136,0.20855326620519601,-0.05890916868120632,-0.206271276011752
0.9363613128662109,0.0,0.0,2.3038399999999997,1.36136,0.20855326620519601,-0.05890916868120632,-0.206271276011752
0.9570901393890381,0.0,0.0,2.3038399999999997,1.36136,0.20855326620519601,-0.05890916868120632,-0.206271276011752
0.9778890609741211,0.0,0.0,2.3038399999999997,1.36136,0.20855326620519601,-0.05890916868120632,-0.206271276011752
0.9987301826477051,0.0,0.0,2.3038399999999997,1.36136,0.20855326620519601,-0.05890916868120632,-0.206271276011752
1.0025634765625,0.0,0.0,2.3038399999999997,1.36136,0.24707124561501195,-0.05074367488300506,-0.24252821181904
1.0039238929748535,0.0,0.0,2.3038399999999997,1.36136,1.584444856403203,-0.07725744163142906,-0.25169913284044554
1.0048773288726807,0.0,0.0,2.3038399999999997,1.36136,0.22237239214013504,-0.05787332086468285,-0.23414950850565483
1.025878667831421,0.0,0.0,2.3038399999999997,1.36136,0.22237239214013504,-0.05787332086468285,-0.23414950850565483
1.0468230247497559,0.0,0.0,2.3038399999999997,1.36136,0.22237239214013504,-0.05787332086468285,-0.23414950850565483
1.052666187286377,0.0,0.0,1.7802399999999998,1.36136,0.22237239214013504,-0.05787332086468285,-0.23414950850565483
1.052793264389038,0.0,0.0,1.7802399999999998,1.36136,0.22237239214013504,-0.05787332086468285,-0.23414950850565483
1.0533981323242188,0.0,0.0,1.7802399999999998,1.36136,0.22237239214013504,-0.05787332086468285,-0.23414950850565483
1.0534889698028564,0.0,0.0,1.7802399999999998,1.36136,0.22237239214013504,-0.05787332086468285,-0.23414950850565483
1.053889513015747,0.0,0.0,1.7802399999999998,1.36136,0.22237239214013504,-0.05787332086468285,-0.23414950850565483
1.0539741516113281,0.0,0.0,1.7802399999999998,1.36136,0.22237239214013504,-0.05787332086468285,-0.23414950850565483
1.0543527603149414,0.0,0.0,1.7802399999999998,1.36136,0.22237239214013504,-0.05787332086468285,-0.23414950850565483
1.054433822631836,0.0,0.0,1.7802399999999998,1.36136,0.22237239214013504,-0.05787332086468285,-0.23414950850565483
1.054779291152954,0.0,0.0,1.67552,1.36136,0.22237239214013504,-0.05787332086468285,-0.23414950850565483
1.0548512935638428,0.0,0.0,1.67552,1.36136,0.22237239214013504,-0.05787332086468285,-0.23414950850565483
1.0551998615264893,0.0,0.0,1.67552,1.36136,0.22237239214013504,-0.05787332086468285,-0.23414950850565483
1.0552725791931152,0.0,0.0,1.67552,0.94248,0.22237239214013504,-0.05787332086468285,-0.23414950850565483
1.0555953979492188,0.0,0.0,1.67552,0.94248,0.22237239214013504,-0.05787332086468285,-0.23414950850565483
1.0556628704071045,0.0,0.0,1.67552,0.94248,0.22237239214013504,-0.05787332086468285,-0.23414950850565483
1.0559751987457275,0.0,0.0,1.67552,0.94248,0.22237239214013504,-0.05787332086468285,-0.23414950850565483
1.0560452938079834,0.0,0.0,1.67552,0.94248,0.22237239214013504,-0.05787332086468285,-0.23414950850565483
1.0563607215881348,0.0,0.0,1.5708,0.94248,0.22237239214013504,-0.05787332086468285,-0.23414950850565483
1.0564229488372803,0.0,0.0,1.5708,0.94248,0.22237239214013504,-0.05787332086468285,-0.23414950850565483
1.0567119121551514,0.0,0.0,1.5708,0.94248,0.22237239214013504,-0.05787332086468285,-0.23414950850565483
1.0567731857299805,0.0,0.0,1.5708,0.94248,0.22237239214013504,-0.05787332086468285,-0.23414950850565483
1.0774641036987305,0.0,0.0,1.5708,0.94248,0.22237239214013504,-0.05787332086468285,-0.23414950850565483
1.0980355739593506,0.0,0.0,1.5708,0.94248,0.22237239214013504,-0.05787332086468285,-0.23414950850565483
1.1185226440429688,0.0,0.0,1.5708,0.94248,0.22237239214013504,-0.05787332086468285,-0.23414950850565483
1.139366626739502,0.0,0.0,1.5708,0.94248,0.22237239214013504,-0.05787332086468285,-0.23414950850565483
1.1599934101104736,0.0,0.0,1.5708,0.94248,0.22237239214013504,-0.05787332086468285,-0.23414950850565483
1.1641113758087158,0.0,0.0,1.5708,0.94248,0.22823880037292477,-0.05378946719602558,-0.26868247058080885
1.1642460823059082,0.0,0.0,1.5708,0.94248,0.22823880037292477,-0.05378946719602558,-0.26868247058080885
1.1643579006195068,0.0,0.0,1.5708,0.94248,0.22823880037292477,-0.05378946719602558,-0.26868247058080885
1.1650254726409912,0.0,0.0,1.5708,0.94248,0.2523854977267133,-0.04925476784648057,-0.2754099558058273
1.165121078491211,0.0,0.0,1.5708,0.94248,0.2523854977267133,-0.04925476784648057,-0.2754099558058273
1.1651926040649414,0.0,0.0,1.5708,0.94248,0.2523854977267133,-0.04925476784648057,-0.2754099558058273
1.1657297611236572,0.0,0.0,1.5708,0.94248,1.5919028638437382,-0.07970743187405802,-0.2830183580065659
1.1658117771148682,0.0,0.0,1.5708,0.94248,1.5919028638437382,-0.07970743187405802,-0.2830183580065659
1.1658811569213867,0.0,0.0,1.5708,0.94248,1.5919028638437382,-0.07970743187405802,-0.2830183580065659
1.1662249565124512,0.0,0.0,1.25664,0.94248,1.5919028638437382,-0.07970743187405802,-0.2830183580065659
1.1662983894348145,0.0,0.0,1.25664,0.94248,1.5919028638437382,-0.07970743187405802,-0.2830183580065659
1.1666038036346436,0.0,0.0,1.25664,0.94248,1.5919028638437382,-0.07970743187405802,-0.2830183580065659
1.1666712760925293,0.0,0.0,1.25664,0.94248,1.5919028638437382,-0.07970743187405802,-0.2830183580065659
1.1669645309448242,0.0,0.0,1.25664,0.94248,1.5919028638437382,-0.07970743187405802,-0.2830183580065659
1.1670300960540771,0.0,0.0,1.25664,0.94248,1.5919028638437382,-0.07970743187405802,-0.2830183580065659
1.1673259735107422,0.0,0.0,1.25664,0.94248,1.5919028638437382,-0.07970743187405802,-0.2830183580065659
1.1673862934112549,0.0,0.0,1.25664,0.94248,1.5919028638437382,-0.07970743187405802,-0.2830183580065659
1.1676626205444336,0.0,0.0,1.25664,0.94248,1.5919028638437382,-0.07970743187405802,-0.2830183580065659
1.167722225189209,0.0,0.0,1.25664,-0.0,1.5919028638437382,-0.07970743187405802,-0.2830183580065659
1.1679911613464355,0.0,0.0,1.25664,-0.0,1.5919028638437382,-0.07970743187405802,-0.2830183580065659
1.1680498123168945,0.0,0.0,1.25664,-0.0,1.5919028638437382,-0.07970743187405802,-0.2830183580065659
1.1683237552642822,0.0,0.0,1.1519199999999998,-0.0,1.5919028638437382,-0.07970743187405802,-0.2830183580065659
1.1683788299560547,0.0,0.0,1.1519199999999998,-0.0,1.5919028638437382,-0.07970743187405802,-0.2830183580065659
1.188955307006836,0.0,0.0,1.1519199999999998,-0.0,1.5919028638437382,-0.07970743187405802,-0.2830183580065659
1.2022504806518555,0.0,0.0,1.1519199999999998,-0.0,1.591297460544826,-0.08116092691715593,-0.3203796088616392
1.2032179832458496,0.0,0.0,1.1519199999999998,-0.0,0.25204412073158483,-0.050084742875138775,-0.3102559414612437
1.2071552276611328,0.0,0.0,1.1519199999999998,-0.0,0.23056976409493216,-0.04826188947633075,-0.3025839356967244
1.2277984619140625,0.0,0.0,1.1519199999999998,-0.0,0.23056976409493216,-0.04826188947633075,-0.3025839356967244
1.243626356124878,0.0,0.0,1.1519199999999998,-0.0,0.23056976409493216,-0.04826188947633075,-0.3025839356967244
1.243725299835205,0.0,0.0,1.1519199999999998,-0.0,0.23056976409493216,-0.04826188947633075,-0.3025839356967244
1.2442026138305664,0.0,0.0,1.1519199999999998,-0.0,0.23056976409493216,-0.04826188947633075,-0.3025839356967244
1.2442941665649414,0.0,0.0,1.1519199999999998,-0.0,0.23056976409493216,-0.04826188947633075,-0.3025839356967244
1.2446060180664062,0.0,0.0,1.1519199999999998,-0.0,0.23056976409493216,-0.04826188947633075,-0.3025839356967244
1.2446699142456055,0.0,0.0,1.1519199999999998,-0.0,0.23056976409493216,-0.04826188947633075,-0.3025839356967244
1.2449688911437988,0.0,0.0,1.1519199999999998,-0.0,0.23056976409493216,-0.04826188947633075,-0.3025839356967244
1.245032787322998,0.0,0.0,1.1519199999999998,-0.0,0.23056976409493216,-0.04826188947633075,-0.3025839356967244
1.2453367710113525,0.0,0.0,1.1519199999999998,-0.0,0.23056976409493216,-0.04826188947633075,-0.3025839356967244
1.2453968524932861,0.0,0.0,1.1519199999999998,-0.0,0.23056976409493216,-0.04826188947633075,-0.3025839356967244
1.2456655502319336,0.0,0.0,1.1519199999999998,-0.0,0.23056976409493216,-0.04826188947633075,-0.3025839356967244
1.2457232475280762,0.0,0.0,1.1519199999999998,-0.0,0.23056976409493216,-0.04826188947633075,-0.3025839356967244
1.2459945678710938,0.0,0.0,1.1519199999999998,-0.0,0.23056976409493216,-0.04826188947633075,-0.3025839356967244
1.2460556030273438,0.0,0.0,1.1519199999999998,-0.0,0.23056976409493216,-0.04826188947633075,-0.3025839356967244
1.246333122253418,0.0,0.0,0.83776,-0.0,0.23056976409493216,-0.04826188947633075,-0.3025839356967244
1.2463865280151367,0.0,0.0,0.83776,-0.0,0.23056976409493216,-0.04826188947633075,-0.3025839356967244
1.2467169761657715,0.0,0.0,0.83776,-0.0,0.23056976409493216,-0.04826188947633075,-0.3025839356967244
1.2467758655548096,0.0,0.0,0.83776,-0.0,0.23056976409493216,-0.04826188947633075,-0.3025839356967244
1.267258644104004,0.0,0.0,0.83776,-0.0,0.23056976409493216,-0.04826188947633075,-0.3025839356967244
1.28800630569458,0.0,0.0,0.83776,-0.0,0.23056976409493216,-0.04826188947633075,-0.3025839356967244
1.3084783554077148,0.0,0.0,0.83776,-0.0,0.23056976409493216,-0.04826188947633075,-0.3025839356967244
1.328888177871704,0.0,0.0,0.83776,-0.0,0.23056976409493216,-0.04826188947633075,-0.3025839356967244
1.3491902351379395,0.0,0.0,0.83776,-0.0,0.23056976409493216,-0.04826188947633075,-0.3025839356967244
1.3498234748840332,0.0,0.0,0.83776,-0.0,0.2474436339611913,-0.052648410629229564,-0.3403130709594209
1.3498799800872803,0.0,0.0,0.83776,-0.0,0.2474436339611913,-0.052648410629229564,-0.3403130709594209
1.3499176502227783,0.0,0.0,0.83776,-0.0,0.2474436339611913,-0.052648410629229564,-0.3403130709594209
1.3501806259155273,0.0,0.0,0.83776,-0.0,1.5904637266485884,-0.0801444648297579,-0.3502562004616767
1.3502209186553955,0.0,0.0,0.83776,-0.0,1.5904637266485884,-0.0801444648297579,-0.3502562004616767
1.3502559661865234,0.0,0.0,0.83776,-0.0,1.5904637266485884,-0.0801444648297579,-0.3502562004616767
1.3505125045776367,0.0,0.0,0.83776,-0.0,0.22750253214490515,-0.04646588203407671,-0.334693904966662
1.3505525588989258,0.0,0.0,0.83776,-0.0,0.22750253214490515,-0.04646588203407671,-0.334693904966662
1.3505885601043701,0.0,0.0,0.83776,-0.0,0.22750253214490515,-0.04646588203407671,-0.334693904966662
1.350771427154541,0.0,0.0,0.83776,-0.0,0.22750253214490515,-0.04646588203407671,-0.334693904966662
1.35080885887146,0.0,0.0,0.83776,-0.0,0.22750253214490515,-0.04646588203407671,-0.334693904966662
1.350984811782837,0.0,0.0,0.83776,-0.0,0.22750253214490515,-0.04646588203407671,-0.334693904966662
1.3510231971740723,0.0,0.0,0.83776,-0.0,0.22750253214490515,-0.04646588203407671,-0.334693904966662
1.3511922359466553,0.0,0.0,0.83776,-0.0,0.22750253214490515,-0.04646588203407671,-0.334693904966662
1.3512287139892578,0.0,0.0,0.83776,-0.0,0.22750253214490515,-0.04646588203407671,-0.334693904966662
1.351396083831787,0.0,0.0,0.83776,-0.0,0.22750253214490515,-0.04646588203407671,-0.334693904966662
1.3571891784667969,0.0,0.0,0.83776,-0.0,0.22750253214490515,-0.04646588203407671,-0.334693904966662
1.3573310375213623,0.0,0.0,0.83776,-0.0,0.22750253214490515,-0.04646588203407671,-0.334693904966662
1.3578050136566162,0.0,0.0,0.83776,-0.0,0.22750253214490515,-0.04646588203407671,-0.334693904966662
1.3578824996948242,0.0,0.0,0.83776,-0.0,0.22750253214490515,-0.04646588203407671,-0.334693904966662
1.3582162857055664,0.0,0.0,0.5236,-0.0,0.22750253214490515,-0.04646588203407671,-0.334693904966662
1.358262538909912,0.0,0.0,0.5236,-0.0,0.22750253214490515,-0.04646588203407671,-0.334693904966662
1.3584938049316406,0.0,0.0,0.5236,-0.0,0.22750253214490515,-0.04646588203407671,-0.334693904966662
1.378861904144287,0.0,0.0,0.5236,-0.0,0.22750253214490515,-0.04646588203407671,-0.334693904966662
1.3993422985076904,0.0,0.0,0.5236,-0.0,0.22750253214490515,-0.04646588203407671,-0.334693904966662
1.4199168682098389,0.0,0.0,0.5236,-0.0,0.22750253214490515,-0.04646588203407671,-0.334693904966662
1.4281537532806396,0.0,0.0,0.5236,-0.0,1.5932973297343063,-0.08226947983075816,-0.36962303325549584
1.4289143085479736,0.0,0.0,0.5236,-0.0,0.24794387978665097,-0.05383385981079648,-0.3586133565594259
1.4294850826263428,0.0,0.0,0.5236,-0.0,0.22505959914219265,-0.0528651867811106,-0.35261930232597655
1.4398884773254395,0.0,0.0,0.5236,-0.0,0.22505959914219265,-0.0528651867811106,-0.35261930232597655
1.4400153160095215,0.0,0.0,0.5236,-0.0,0.22505959914219265,-0.0528651867811106,-0.35261930232597655
1.440631628036499,0.0,0.0,0.5236,-0.0,0.22505959914219265,-0.0528651867811106,-0.35261930232597655
1.4407234191894531,0.0,0.0,0.5236,-0.0,0.22505959914219265,-0.0528651867811106,-0.35261930232597655
1.4412002563476562,0.0,0.0,0.5236,-0.0,0.22505959914219265,-0.0528651867811106,-0.35261930232597655
1.4412775039672852,0.0,0.0,0.5236,-0.0,0.22505959914219265,-0.0528651867811106,-0.35261930232597655
1.4416675567626953,0.0,0.0,0.5236,-0.0,0.22505959914219265,-0.0528651867811106,-0.35261930232597655
1.4417450428009033,0.0,0.0,0.5236,-0.0,0.22505959914219265,-0.0528651867811106,-0.35261930232597655
1.4420902729034424,0.0,0.0,0.5236,-0.0,0.22505959914219265,-0.0528651867811106,-0.35261930232597655
1.4421684741973877,0.0,0.0,0.5236,-0.0,0.22505959914219265,-0.0528651867811106,-0.35261930232597655
1.4425091743469238,0.0,0.0,0.5236,-0.0,0.22505959914219265,-0.0528651867811106,-0.35261930232597655
1.4425790309906006,0.0,0.0,0.5236,-0.0,0.22505959914219265,-0.0528651867811106,-0.35261930232597655
1.4428930282592773,0.0,0.0,0.5236,-0.0,0.22505959914219265,-0.0528651867811106,-0.35261930232597655
1.442960262298584,0.0,0.0,0.5236,-0.0,0.22505959914219265,-0.0528651867811106,-0.35261930232597655
1.443277359008789,0.0,0.0,0.5236,-0.0,0.22505959914219265,-0.0528651867811106,-0.35261930232597655
1.4433436393737793,0.0,0.0,0.5236,-0.0,0.22505959914219265,-0.0528651867811106,-0.35261930232597655
1.443636417388916,0.0,0.0,0.5236,-0.0,0.22505959914219265,-0.0528651867811106,-0.35261930232597655
1.4437024593353271,0.0,0.0,0.5236,-0.0,0.22505959914219265,-0.0528651867811106,-0.35261930232597655
1.4439983367919922,0.0,0.0,0.5236,-0.0,0.22505959914219265,-0.0528651867811106,-0.35261930232597655
1.4440624713897705,0.0,0.0,0.5236,-0.0,0.22505959914219265,-0.0528651867811106,-0.35261930232597655
1.464637041091919,0.0,0.0,0.5236,-0.0,0.22505959914219265,-0.0528651867811106,-0.35261930232597655
1.4850304126739502,0.0,0.0,0.5236,-0.0,0.22505959914219265,-0.0528651867811106,-0.35261930232597655
1.5056846141815186,0.0,0.0,0.5236,-0.0,0.22505959914219265,-0.0528651867811106,-0.35261930232597655
1.5261783599853516,0.0,0.0,0.5236,-0.0,0.22505959914219265,-0.0528651867811106,-0.35261930232597655
1.5288517475128174,0.0,0.0,0.5236,-0.0,0.22505959914219265,-0.0528651867811106,-0.35261930232597655
1.5289480686187744,0.0,0.0,0.5236,-0.0,0.22505959914219265,-0.0528651867811106,-0.35261930232597655
1.5294773578643799,0.0,0.0,0.0,-0.0,0.22505959914219265,-0.0528651867811106,-0.35261930232597655
1.5295650959014893,0.0,0.0,0.0,-0.0,0.22505959914219265,-0.0528651867811106,-0.35261930232597655
1.5299477577209473,0.0,0.0,0.0,-0.0,0.22505959914219265,-0.0528651867811106,-0.35261930232597655
1.5300259590148926,0.0,0.0,0.0,-0.0,0.22505959914219265,-0.0528651867811106,-0.35261930232597655
1.5303843021392822,0.0,0.0,0.0,-0.0,0.22505959914219265,-0.0528651867811106,-0.35261930232597655
1.5304572582244873,0.0,0.0,0.0,-0.0,0.22505959914219265,-0.0528651867811106,-0.35261930232597655
1.5307765007019043,0.0,0.0,0.0,-0.0,0.22505959914219265,-0.0528651867811106,-0.35261930232597655
1.530846357345581,0.0,0.0,0.0,-0.0,0.22505959914219265,-0.0528651867811106,-0.35261930232597655
1.5311634540557861,0.0,0.0,0.0,-0.0,0.22505959914219265,-0.0528651867811106,-0.35261930232597655
1.531238317489624,0.0,0.0,0.0,-0.0,0.22505959914219265,-0.0528651867811106,-0.35261930232597655
1.5317277908325195,0.0,0.0,0.0,-0.0,0.22505959914219265,-0.0528651867811106,-0.35261930232597655
1.5318148136138916,0.0,0.0,0.0,-0.0,0.22505959914219265,-0.0528651867811106,-0.35261930232597655
1.5322589874267578,0.0,0.0,0.0,-0.0,0.22505959914219265,-0.0528651867811106,-0.35261930232597655
1.532365083694458,0.0,0.0,0.0,-0.0,0.22505959914219265,-0.0528651867811106,-0.35261930232597655
1.532686471939087,0.0,0.0,0.0,-0.0,0.22505959914219265,-0.0528651867811106,-0.35261930232597655
1.5327484607696533,0.0,0.0,0.0,-0.0,0.22505959914219265,-0.0528651867811106,-0.35261930232597655
1.5330352783203125,0.0,0.0,0.0,-0.0,0.22505959914219265,-0.0528651867811106,-0.35261930232597655
1.5330958366394043,0.0,0.0,0.0,-0.0,0.22505959914219265,-0.0528651867811106,-0.35261930232597655
1.5537655353546143,0.0,0.0,0.0,-0.0,0.22505959914219265,-0.0528651867811106,-0.35261930232597655
1.570601224899292,0.0,0.0,0.0,-0.0,1.5950513129166486,-0.08532145591376125,-0.382518935736112
1.5718181133270264,0.0,0.0,0.0,-0.0,0.22534425696483845,-0.05376031214301211,-0.36215251682964006
1.5727629661560059,0.0,0.0,0.0,-0.0,0.24862877769194242,-0.05307996128962777,-0.37037379844891744
1.5934324264526367,0.0,0.0,0.0,-0.0,0.24862877769194242,-0.05307996128962777,-0.37037379844891744
1.6142325401306152,0.0,0.0,0.0,-0.0,0.24862877769194242,-0.05307996128962777,-0.37037379844891744
1.6314802169799805,0.0,0.0,0.0,-0.0,0.2450041745662908,-0.053767189379101875,-0.373451650150378
1.6316540241241455,0.0,0.0,0.0,-0.0,0.2450041745662908,-0.053767189379101875,-0.373451650150378
1.6317648887634277,0.0,0.0,0.0,-0.0,0.2450041745662908,-0.053767189379101875,-0.373451650150378
1.6326861381530762,0.0,0.0,0.0,-0.0,1.5911468429675888,-0.08689747094318107,-0.3809188297767747
1.632798433303833,0.0,0.0,0.0,-0.0,1.5911468429675888,-0.08689747094318107,-0.3809188297767747
1.6328890323638916,0.0,0.0,0.0,-0.0,1.5911468429675888,-0.08689747094318107,-0.3809188297767747
1.633554458618164,0.0,0.0,0.0,-0.0,0.22146175900852297,-0.05737306615175459,-0.36898723342512546
1.6336517333984375,0.0,0.0,0.0,-0.0,0.22146175900852297,-0.05737306615175459,-0.36898723342512546
1.6337337493896484,0.0,0.0,0.0,-0.0,0.22146175900852297,-0.05737306615175459,-0.36898723342512546
1.634150743484497,0.0,0.0,0.0,-0.0,0.22146175900852297,-0.05737306615175459,-0.36898723342512546
1.6342377662658691,0.0,0.0,0.0,-0.0,0.22146175900852297,-0.05737306615175459,-0.36898723342512546
1.634636640548706,0.0,0.0,0.0,-0.0,0.22146175900852297,-0.05737306615175459,-0.36898723342512546
1.634709358215332,0.0,0.0,0.0,-0.0,0.22146175900852297,-0.05737306615175459,-0.36898723342512546
1.6350598335266113,0.0,0.0,0.0,-0.0,0.22146175900852297,-0.05737306615175459,-0.36898723342512546
1.6351349353790283,0.0,0.0,0.0,-0.0,0.22146175900852297,-0.05737306615175459,-0.36898723342512546
1.6354827880859375,0.0,0.0,0.0,-0.0,0.22146175900852297,-0.05737306615175459,-0.36898723342512546
1.635551929473877,0.0,0.0,0.0,-0.0,0.22146175900852297,-0.05737306615175459,-0.36898723342512546
1.6358652114868164,0.0,0.0,0.0,-0.0,0.22146175900852297,-0.05737306615175459,-0.36898723342512546
1.635934591293335,0.0,0.0,0.0,-0.0,0.22146175900852297,-0.05737306615175459,-0.36898723342512546
1.6362438201904297,0.0,0.0,0.0,-0.0,0.22146175900852297,-0.05737306615175459,-0.36898723342512546
1.6363370418548584,0.0,0.0,0.0,-0.0,0.22146175900852297,-0.05737306615175459,-0.36898723342512546
1.636643886566162,0.0,0.0,0.0,-0.0,0.22146175900852297,-0.05737306615175459,-0.36898723342512546
1.636709451675415,0.0,0.0,0.0,-0.0,0.22146175900852297,-0.05737306615175459,-0.36898723342512546
1.6571390628814697,0.0,0.0,0.0,-0.0,0.22146175900852297,-0.05737306615175459,-0.36898723342512546
1.6776080131530762,0.0,0.0,0.0,-0.0,0.22146175900852297,-0.05737306615175459,-0.36898723342512546
1.697936773300171,0.0,0.0,0.0,-0.0,0.22146175900852297,-0.05737306615175459,-0.36898723342512546
1.7185113430023193,0.0,0.0,0.0,-0.0,0.22146175900852297,-0.05737306615175459,-0.36898723342512546
1.7391736507415771,0.0,0.0,0.0,-0.0,0.22146175900852297,-0.05737306615175459,-0.36898723342512546
1.7597715854644775,0.0,0.0,0.0,-0.0,0.22146175900852297,-0.05737306615175459,-0.36898723342512546
1.7803587913513184,0.0,0.0,0.0,-0.0,0.22146175900852297,-0.05737306615175459,-0.36898723342512546
1.8008615970611572,0.0,0.0,0.0,-0.0,0.22146175900852297,-0.05737306615175459,-0.36898723342512546
1.8214221000671387,0.0,0.0,0.0,-0.0,0.22146175900852297,-0.05737306615175459,-0.36898723342512546
1.8419020175933838,0.0,0.0,0.0,-0.0,0.22146175900852297,-0.05737306615175459,-0.36898723342512546
1.8624825477600098,0.0,0.0,0.0,-0.0,0.22146175900852297,-0.05737306615175459,-0.36898723342512546
1.8680291175842285,0.0,0.0,0.0,-0.0,0.249664480779567,-0.05614529987463644,-0.37096786396661663
1.8689069747924805,0.0,0.0,0.0,-0.0,0.22129283267317124,-0.05901994155366679,-0.3670948794334883
1.8690369129180908,0.0,0.0,0.0,-0.0,0.22129283267317124,-0.05901994155366679,-0.3670948794334883
1.8691318035125732,0.0,0.0,0.0,-0.0,0.22129283267317124,-0.05901994155366679,-0.3670948794334883
1.8697850704193115,0.0,0.0,0.0,-0.0,1.589513376789395,-0.09462463582462644,-0.3792073640027371
1.8698813915252686,0.0,0.0,0.0,-0.0,1.589513376789395,-0.09462463582462644,-0.3792073640027371
1.8699612617492676,0.0,0.0,0.0,-0.0,1.589513376789395,-0.09462463582462644,-0.3792073640027371
1.8705286979675293,0.0,0.0,0.0,-0.0,0.24925359115164047,-0.05776170400460089,-0.37351616256864084
1.870614767074585,0.0,0.0,0.0,-0.0,0.24925359115164047,-0.05776170400460089,-0.37351616256864084
1.8706896305084229,0.0,0.0,0.0,-0.0,0.24925359115164047,-0.05776170400460089,-0.37351616256864084
1.87123703956604,0.0,0.0,0.0,-0.0,0.2175747720700724,-0.06340196404049078,-0.3688535593666013
1.8713352680206299,0.0,0.0,0.0,-0.0,0.2175747720700724,-0.06340196404049078,-0.3688535593666013
1.8714041709899902,0.0,0.0,0.0,-0.0,0.2175747720700724,-0.06340196404049078,-0.3688535593666013
1.8718907833099365,0.0,0.0,0.0,-0.0,1.5908668830055366,-0.09348536415936277,-0.3796704318735349
1.8719704151153564,0.0,0.0,0.0,-0.0,1.5908668830055366,-0.09348536415936277,-0.3796704318735349
1.872039794921875,0.0,0.0,0.0,-0.0,1.5908668830055366,-0.09348536415936277,-0.3796704318735349
1.872387409210205,0.0,0.0,0.0,-0.0,1.5908668830055366,-0.09348536415936277,-0.3796704318735349
1.8728148937225342,0.0,0.0,0.0,-0.0,1.5908668830055366,-0.09348536415936277,-0.3796704318735349
1.8733463287353516,0.0,0.0,0.0,-0.0,1.5908668830055366,-0.09348536415936277,-0.3796704318735349
1.8734245300292969,0.0,0.0,0.0,-0.0,1.5908668830055366,-0.09348536415936277,-0.3796704318735349
1.8737318515777588,0.0,0.0,0.0,-0.0,1.5908668830055366,-0.09348536415936277,-0.3796704318735349
1.8737938404083252,0.0,0.0,0.0,-0.0,1.5908668830055366,-0.09348536415936277,-0.3796704318735349
1.874077320098877,0.0,0.0,0.0,-0.0,1.5908668830055366,-0.09348536415936277,-0.3796704318735349
1.874138355255127,0.0,0.0,0.0,-0.0,1.5908668830055366,-0.09348536415936277,-0.3796704318735349
1.8744232654571533,0.0,0.0,0.0,-0.0,1.5908668830055366,-0.09348536415936277,-0.3796704318735349
1.8744773864746094,0.0,0.0,0.0,-0.0,1.5908668830055366,-0.09348536415936277,-0.3796704318735349
1.8747313022613525,0.0,0.0,0.0,-0.0,1.5908668830055366,-0.09348536415936277,-0.3796704318735349
1.8747870922088623,0.0,0.0,0.0,-0.0,1.5908668830055366,-0.09348536415936277,-0.3796704318735349
1.8750367164611816,0.0,0.0,0.0,-0.0,1.5908668830055366,-0.09348536415936277,-0.3796704318735349
1.8750920295715332,0.0,0.0,0.0,-0.0,1.5908668830055366,-0.09348536415936277,-0.3796704318735349
1.8753578662872314,0.0,0.0,0.0,-0.0,1.5908668830055366,-0.09348536415936277,-0.3796704318735349
1.875413179397583,0.0,0.0,0.0,-0.0,1.5908668830055366,-0.09348536415936277,-0.3796704318735349
1.8756556510925293,0.0,0.0,0.0,-0.0,1.5908668830055366,-0.09348536415936277,-0.3796704318735349
1.8757081031799316,0.0,0.0,0.0,-0.0,1.5908668830055366,-0.09348536415936277,-0.3796704318735349
1.8759403228759766,0.0,0.0,0.0,-0.0,1.5908668830055366,-0.09348536415936277,-0.3796704318735349
1.8759915828704834,0.0,0.0,0.0,-0.0,1.5908668830055366,-0.09348536415936277,-0.3796704318735349
1.8762292861938477,0.0,0.0,0.0,-0.0,1.5908668830055366,-0.09348536415936277,-0.3796704318735349
1.876288652420044,0.0,0.0,0.0,-0.0,1.5908668830055366,-0.09348536415936277,-0.3796704318735349
1.8765242099761963,0.0,0.0,0.0,-0.0,1.5908668830055366,-0.09348536415936277,-0.3796704318735349
1.876573085784912,0.0,0.0,0.0,-0.0,1.5908668830055366,-0.09348536415936277,-0.3796704318735349
1.87679123878479,0.0,0.0,0.0,-0.0,1.5908668830055366,-0.09348536415936277,-0.3796704318735349
1.8768398761749268,0.0,0.0,0.0,-0.0,1.5908668830055366,-0.09348536415936277,-0.3796704318735349
1.8770582675933838,0.0,0.0,0.0,-0.0,1.5908668830055366,-0.09348536415936277,-0.3796704318735349
1.8771076202392578,0.0,0.0,0.0,-0.0,1.5908668830055366,-0.09348536415936277,-0.3796704318735349
1.8773412704467773,0.0,0.0,0.0,-0.0,1.5908668830055366,-0.09348536415936277,-0.3796704318735349
1.877392053604126,0.0,0.0,0.0,-0.0,1.5908668830055366,-0.09348536415936277,-0.3796704318735349
1.8979482650756836,0.0,0.0,0.0,-0.0,1.5908668830055366,-0.09348536415936277,-0.3796704318735349
1.9184470176696777,0.0,0.0,0.0,-0.0,1.5908668830055366,-0.09348536415936277,-0.3796704318735349
1.9265010356903076,0.0,0.0,0.0,-0.0,0.21640940479541124,-0.06264638615514825,-0.37131520475465735
1.9265990257263184,0.0,0.0,0.0,-0.0,0.21640940479541124,-0.06264638615514825,-0.37131520475465735
1.9266600608825684,0.0,0.0,0.0,-0.0,0.21640940479541124,-0.06264638615514825,-0.37131520475465735
1.9271347522735596,0.0,0.0,0.0,-0.0,1.5896881834359367,-0.10330277446055423,-0.37859841885457435
1.9272019863128662,0.0,0.0,0.0,-0.0,1.5896881834359367,-0.10330277446055423,-0.37859841885457435
1.9272563457489014,0.0,0.0,0.0,-0.0,1.5896881834359367,-0.10330277446055423,-0.37859841885457435
1.9276561737060547,0.0,0.0,0.0,-0.0,0.2511593300799077,-0.058715538470393756,-0.37502154328128395
1.9277169704437256,0.0,0.0,0.0,-0.0,0.2511593300799077,-0.058715538470393756,-0.37502154328128395
1.9277722835540771,0.0,0.0,0.0,-0.0,0.2511593300799077,-0.058715538470393756,-0.37502154328128395
1.928044319152832,0.0,0.0,0.0,-0.0,0.2511593300799077,-0.058715538470393756,-0.37502154328128395
1.9280993938446045,0.0,0.0,0.0,-0.0,0.2511593300799077,-0.058715538470393756,-0.37502154328128395
1.9283576011657715,0.0,0.0,0.0,-0.0,0.2511593300799077,-0.058715538470393756,-0.37502154328128395
1.9284069538116455,0.0,0.0,0.0,-0.0,0.2511593300799077,-0.058715538470393756,-0.37502154328128395
1.9286420345306396,0.0,0.0,0.0,-0.0,0.2511593300799077,-0.058715538470393756,-0.37502154328128395
1.9286913871765137,0.0,0.0,0.0,-0.0,0.2511593300799077,-0.058715538470393756,-0.37502154328128395
1.9289312362670898,0.0,0.0,0.0,-0.0,0.2511593300799077,-0.058715538470393756,-0.37502154328128395
1.9289932250976562,0.0,0.0,0.0,-0.0,0.2511593300799077,-0.058715538470393756,-0.37502154328128395
1.9292352199554443,0.0,0.0,0.0,-0.0,0.2511593300799077,-0.058715538470393756,-0.37502154328128395
1.9292936325073242,0.0,0.0,0.0,-0.0,0.2511593300799077,-0.058715538470393756,-0.37502154328128395
1.929520606994629,0.0,0.0,0.0,-0.0,0.2511593300799077,-0.058715538470393756,-0.37502154328128395
1.9295685291290283,0.0,0.0,0.0,-0.0,0.2511593300799077,-0.058715538470393756,-0.37502154328128395
1.9297888278961182,0.0,0.0,0.0,-0.0,0.2511593300799077,-0.058715538470393756,-0.37502154328128395
1.9298367500305176,0.0,0.0,0.0,-0.0,0.2511593300799077,-0.058715538470393756,-0.37502154328128395
1.9502763748168945,0.0,0.0,0.0,-0.0,0.2511593300799077,-0.058715538470393756,-0.37502154328128395
1.9706194400787354,0.0,0.0,0.0,-0.0,0.2511593300799077,-0.058715538470393756,-0.37502154328128395
1.9912490844726562,0.0,0.0,0.0,-0.0,0.2511593300799077,-0.058715538470393756,-0.37502154328128395
2.011732816696167,0.0,0.0,0.0,-0.0,0.2511593300799077,-0.058715538470393756,-0.37502154328128395
2.026620626449585,0.0,0.0,0.0,-0.0,0.2511593300799077,-0.058715538470393756,-0.37502154328128395
2.0266990661621094,0.0,0.0,0.0,-0.0,0.2511593300799077,-0.058715538470393756,-0.37502154328128395
2.0270373821258545,0.0,0.0,0.0,-0.0,0.2511593300799077,-0.058715538470393756,-0.37502154328128395
2.027099609375,0.0,0.0,0.0,-0.0,0.2511593300799077,-0.058715538470393756,-0.37502154328128395
2.027353525161743,0.0,0.0,0.0,-0.0,0.2511593300799077,-0.058715538470393756,-0.37502154328128395
2.027402877807617,0.0,0.0,0.0,-0.0,0.2511593300799077,-0.058715538470393756,-0.37502154328128395
2.027635097503662,0.0,0.0,0.0,-0.0,0.2511593300799077,-0.058715538470393756,-0.37502154328128395
2.027684450149536,0.0,0.0,0.0,-0.0,0.2511593300799077,-0.058715538470393756,-0.37502154328128395
2.0281155109405518,0.0,0.0,0.0,-0.0,0.25127058550265213,-0.0598212823446881,-0.37318037191701364
2.0281741619110107,0.0,0.0,0.0,-0.0,0.25127058550265213,-0.0598212823446881,-0.37318037191701364
2.0282230377197266,0.0,0.0,0.0,-0.0,0.25127058550265213,-0.0598212823446881,-0.37318037191701364
2.028581142425537,0.0,0.0,0.0,-0.0,0.21601389874571283,-0.06242160814569854,-0.3702500532538686
2.028635263442993,0.0,0.0,0.0,-0.0,0.21601389874571283,-0.06242160814569854,-0.3702500532538686
2.0286777019500732,0.0,0.0,0.0,-0.0,0.21601389874571283,-0.06242160814569854,-0.3702500532538686
2.0289053916931152,0.0,0.0,0.0,-0.0,0.21601389874571283,-0.06242160814569854,-0.3702500532538686
2.0289535522460938,0.0,0.0,0.0,-0.0,0.21601389874571283,-0.06242160814569854,-0.3702500532538686
2.0291731357574463,0.0,0.0,0.0,-0.0,0.21601389874571283,-0.06242160814569854,-0.3702500532538686
2.0292210578918457,0.0,0.0,0.0,-0.0,0.21601389874571283,-0.06242160814569854,-0.3702500532538686
2.0294361114501953,0.0,0.0,0.0,-0.0,0.21601389874571283,-0.06242160814569854,-0.3702500532538686
2.02947998046875,0.0,0.0,0.0,-0.0,0.21601389874571283,-0.06242160814569854,-0.3702500532538686
2.0296828746795654,0.0,0.0,0.0,-0.0,0.21601389874571283,-0.06242160814569854,-0.3702500532538686
2.0297324657440186,0.0,0.0,0.0,-0.0,0.21601389874571283,-0.06242160814569854,-0.3702500532538686
2.0318124294281006,0.0,0.0,0.0,-0.0,1.5903422380029302,-0.1049934694736746,-0.38010145931067946
2.0524213314056396,0.0,0.0,0.0,-0.0,1.5903422380029302,-0.1049934694736746,-0.38010145931067946
2.072930097579956,0.0,0.0,0.0,-0.0,1.5903422380029302,-0.1049934694736746,-0.38010145931067946
2.0935678482055664,0.0,0.0,0.0,-0.0,1.5903422380029302,-0.1049934694736746,-0.38010145931067946
2.114091396331787,0.0,0.0,0.0,-0.0,1.5903422380029302,-0.1049934694736746,-0.38010145931067946
2.1346263885498047,0.0,0.0,0.0,-0.0,1.5903422380029302,-0.1049934694736746,-0.38010145931067946
2.1551716327667236,0.0,0.0,0.0,-0.0,1.5903422380029302,-0.1049934694736746,-0.38010145931067946
2.175781488418579,0.0,0.0,0.0,-0.0,1.5903422380029302,-0.1049934694736746,-0.38010145931067946
2.196406841278076,0.0,0.0,0.0,-0.0,1.5903422380029302,-0.1049934694736746,-0.38010145931067946
2.217005729675293,0.0,0.0,0.0,-0.0,1.5903422380029302,-0.1049934694736746,-0.38010145931067946
2.237593173980713,0.0,0.0,0.0,-0.0,1.5903422380029302,-0.1049934694736746,-0.38010145931067946
2.241656541824341,0.0,0.0,0.0,-0.0,0.2559456015140243,-0.05891410307375364,-0.37198178286633715
2.2422664165496826,0.0,0.0,0.0,-0.0,1.589908869759285,-0.1103413558130869,-0.3768390337357901
2.242579936981201,0.0,0.0,0.0,-0.0,1.589908869759285,-0.1103413558130869,-0.3768390337357901
2.242662191390991,0.0,0.0,0.0,-0.0,1.589908869759285,-0.1103413558130869,-0.3768390337357901
2.2432074546813965,0.0,0.0,0.0,-0.0,0.2185931914042743,-0.06162643477367263,-0.3650860036191045
2.243267774581909,0.0,0.0,0.0,-0.0,0.2185931914042743,-0.06162643477367263,-0.3650860036191045
2.2433269023895264,0.0,0.0,0.0,-0.0,0.2185931914042743,-0.06162643477367263,-0.3650860036191045
2.2436649799346924,0.0,0.0,0.0,-0.0,0.21941485555291998,-0.061084295128105676,-0.3678071849888945
2.2437188625335693,0.0,0.0,0.0,-0.0,0.21941485555291998,-0.061084295128105676,-0.3678071849888945
2.2437639236450195,0.0,0.0,0.0,-0.0,0.21941485555291998,-0.061084295128105676,-0.3678071849888945
2.24408221244812,0.0,0.0,0.0,-0.0,0.25407020963267324,-0.05847761267279939,-0.3724072070513565
2.2441351413726807,0.0,0.0,0.0,-0.0,0.25407020963267324,-0.05847761267279939,-0.3724072070513565
2.244182825088501,0.0,0.0,0.0,-0.0,0.25407020963267324,-0.05847761267279939,-0.3724072070513565
2.244584798812866,0.0,0.0,0.0,-0.0,1.5871520920808806,-0.11049070645031871,-0.3815140317131472
2.2446630001068115,0.0,0.0,0.0,-0.0,1.5871520920808806,-0.11049070645031871,-0.3815140317131472
2.244720220565796,0.0,0.0,0.0,-0.0,1.5871520920808806,-0.11049070645031871,-0.3815140317131472
2.2449886798858643,0.0,0.0,0.0,-0.0,1.5871520920808806,-0.11049070645031871,-0.3815140317131472
2.2450366020202637,0.0,0.0,0.0,-0.0,1.5871520920808806,-0.11049070645031871,-0.3815140317131472
2.2452566623687744,0.0,0.0,0.0,-0.0,1.5871520920808806,-0.11049070645031871,-0.3815140317131472
2.245317220687866,0.0,0.0,0.0,-0.0,1.5871520920808806,-0.11049070645031871,-0.3815140317131472
2.245548725128174,0.0,0.0,0.0,-0.0,1.5871520920808806,-0.11049070645031871,-0.3815140317131472
2.245595932006836,0.0,0.0,0.0,-0.0,1.5871520920808806,-0.11049070645031871,-0.3815140317131472
2.245821237564087,0.0,0.0,0.0,-0.0,1.5871520920808806,-0.11049070645031871,-0.3815140317131472
2.2458720207214355,0.0,0.0,0.0,-0.0,1.5871520920808806,-0.11049070645031871,-0.3815140317131472
2.2460968494415283,0.0,0.0,0.0,-0.0,1.5871520920808806,-0.11049070645031871,-0.3815140317131472
2.2461464405059814,0.0,0.0,0.0,-0.0,1.5871520920808806,-0.11049070645031871,-0.3815140317131472
2.246386766433716,0.0,0.0,0.0,-0.0,1.5871520920808806,-0.11049070645031871,-0.3815140317131472
2.2466723918914795,0.0,0.0,0.0,-0.0,1.5871520920808806,-0.11049070645031871,-0.3815140317131472
2.247046709060669,0.0,0.0,0.0,-0.0,1.5871520920808806,-0.11049070645031871,-0.3815140317131472
2.247108221054077,0.0,0.0,0.0,-0.0,1.5871520920808806,-0.11049070645031871,-0.3815140317131472
2.247401714324951,0.0,0.0,0.0,-0.0,1.5871520920808806,-0.11049070645031871,-0.3815140317131472
2.2474613189697266,0.0,0.0,0.0,-0.0,1.5871520920808806,-0.11049070645031871,-0.3815140317131472
2.2477238178253174,0.0,0.0,0.0,-0.0,1.5871520920808806,-0.11049070645031871,-0.3815140317131472
2.2477786540985107,0.0,0.0,0.0,-0.0,1.5871520920808806,-0.11049070645031871,-0.3815140317131472
2.2480340003967285,0.0,0.0,0.0,-0.0,1.5871520920808806,-0.11049070645031871,-0.3815140317131472
2.248089551925659,0.0,0.0,0.0,-0.0,1.5871520920808806,-0.11049070645031871,-0.3815140317131472
2.248347282409668,0.0,0.0,0.0,-0.0,1.5871520920808806,-0.11049070645031871,-0.3815140317131472
2.2484028339385986,0.0,0.0,0.0,-0.0,1.5871520920808806,-0.11049070645031871,-0.3815140317131472
2.2486557960510254,0.0,0.0,0.0,-0.0,1.5871520920808806,-0.11049070645031871,-0.3815140317131472
2.2487118244171143,0.0,0.0,0.0,-0.0,1.5871520920808806,-0.11049070645031871,-0.3815140317131472
2.2489633560180664,0.0,0.0,0.0,-0.0,1.5871520920808806,-0.11049070645031871,-0.3815140317131472
2.2490174770355225,0.0,0.0,0.0,-0.0,1.5871520920808806,-0.11049070645031871,-0.3815140317131472
2.2492642402648926,0.0,0.0,0.0,-0.0,1.5871520920808806,-0.11049070645031871,-0.3815140317131472
2.2493202686309814,0.0,0.0,0.0,-0.0,1.5871520920808806,-0.11049070645031871,-0.3815140317131472
2.269890069961548,0.0,0.0,0.0,-0.0,1.5871520920808806,-0.11049070645031871,-0.3815140317131472
2.2905030250549316,0.0,0.0,0.0,-0.0,1.5871520920808806,-0.11049070645031871,-0.3815140317131472
2.298847198486328,0.0,0.0,0.0,-0.0,1.5877334819637916,-0.10353314066943532,-0.37917499871720023
2.299703359603882,0.0,0.0,0.0,-0.0,0.22112546137411807,-0.061103822112052085,-0.3664873439898492
2.3020877838134766,0.0,0.0,0.0,-0.0,0.2570364712172924,-0.056253076150442304,-0.3722920444723901
2.3225865364074707,0.0,0.0,0.0,-0.0,0.2570364712172924,-0.056253076150442304,-0.3722920444723901
2.3350331783294678,0.0,0.0,0.0,-0.0,0.2570364712172924,-0.056253076150442304,-0.3722920444723901
2.3351471424102783,0.0,0.0,0.0,-0.0,0.2570364712172924,-0.056253076150442304,-0.3722920444723901
2.335679054260254,0.0,0.0,0.0,-0.0,0.2570364712172924,-0.056253076150442304,-0.3722920444723901
2.335779905319214,0.0,0.0,0.0,-0.0,0.2570364712172924,-0.056253076150442304,-0.3722920444723901
2.3361880779266357,0.0,0.0,0.0,-0.0,0.2570364712172924,-0.056253076150442304,-0.3722920444723901
2.336299419403076,0.0,0.0,0.0,-0.0,0.2570364712172924,-0.056253076150442304,-0.3722920444723901
2.3367233276367188,0.0,0.0,0.0,-0.0,0.2570364712172924,-0.056253076150442304,-0.3722920444723901
2.336824893951416,0.0,0.0,0.0,-0.0,0.2570364712172924,-0.056253076150442304,-0.3722920444723901
2.3372397422790527,0.0,0.0,0.0,-0.0,0.2570364712172924,-0.056253076150442304,-0.3722920444723901
2.337345600128174,0.0,0.0,0.0,-0.0,0.2570364712172924,-0.056253076150442304,-0.3722920444723901
2.337733745574951,0.0,0.0,0.0,-0.0,0.2570364712172924,-0.056253076150442304,-0.3722920444723901
2.3378283977508545,0.0,0.0,0.0,-0.0,0.2570364712172924,-0.056253076150442304,-0.3722920444723901
2.338217258453369,0.0,0.0,0.0,-0.0,0.2570364712172924,-0.056253076150442304,-0.3722920444723901
2.3383216857910156,0.0,0.0,0.0,-0.0,0.2570364712172924,-0.056253076150442304,-0.3722920444723901
2.338690757751465,0.0,0.0,0.0,-0.0,0.2570364712172924,-0.056253076150442304,-0.3722920444723901
2.3387794494628906,0.0,0.0,0.0,-0.0,0.2570364712172924,-0.056253076150442304,-0.3722920444723901
2.3461856842041016,0.0,0.0,0.0,-0.0,0.2570364712172924,-0.056253076150442304,-0.3722920444723901
2.34635853767395,0.0,0.0,0.0,-0.0,0.2570364712172924,-0.056253076150442304,-0.3722920444723901
2.3469631671905518,0.0,0.0,0.0,-0.0,0.2570364712172924,-0.056253076150442304,-0.3722920444723901
2.3470752239227295,0.0,0.0,0.0,-0.0,0.2570364712172924,-0.056253076150442304,-0.3722920444723901
2.367540121078491,0.0,0.0,0.0,-0.0,0.2570364712172924,-0.056253076150442304,-0.3722920444723901
2.3878908157348633,0.0,0.0,0.0,-0.0,0.2570364712172924,-0.056253076150442304,-0.3722920444723901
2.408451795578003,0.0,0.0,0.0,-0.0,0.2570364712172924,-0.056253076150442304,-0.3722920444723901
2.4157915115356445,0.0,0.0,0.0,-0.0,0.2545181003397268,-0.05500543529371972,-0.37361020365558356
2.4200901985168457,0.0,0.0,0.0,-0.0,1.5853120011581119,-0.09812204265799805,-0.37864428250842236
2.4213733673095703,0.0,0.0,0.0,-0.0,0.22221293888825627,-0.062166829213270665,-0.3684578733081143
2.4234845638275146,0.0,0.0,0.0,-0.0,0.22221293888825627,-0.062166829213270665,-0.3684578733081143
2.4236533641815186,0.0,0.0,0.0,-0.0,0.22221293888825627,-0.062166829213270665,-0.3684578733081143
2.4245400428771973,0.0,0.0,0.0,-0.0,0.22221293888825627,-0.062166829213270665,-0.3684578733081143
2.4246857166290283,0.0,0.0,0.0,-0.0,0.22221293888825627,-0.062166829213270665,-0.3684578733081143
2.4254701137542725,0.0,0.0,0.0,-0.0,0.22221293888825627,-0.062166829213270665,-0.3684578733081143
2.425610065460205,0.0,0.0,0.0,-0.0,0.22221293888825627,-0.062166829213270665,-0.3684578733081143
2.4263665676116943,0.0,0.0,0.0,-0.0,0.22221293888825627,-0.062166829213270665,-0.3684578733081143
2.426509380340576,0.0,0.0,0.0,-0.0,0.22221293888825627,-0.062166829213270665,-0.3684578733081143
2.427250862121582,0.0,0.0,0.0,-0.0,0.22221293888825627,-0.062166829213270665,-0.3684578733081143
2.427415370941162,0.0,0.0,0.0,-0.0,0.22221293888825627,-0.062166829213270665,-0.3684578733081143
2.4283480644226074,0.0,0.0,0.0,-0.0,0.22221293888825627,-0.062166829213270665,-0.3684578733081143
2.4284839630126953,0.0,0.0,0.0,-0.0,0.22221293888825627,-0.062166829213270665,-0.3684578733081143
2.428941488265991,0.0,0.0,0.0,-0.0,0.22221293888825627,-0.062166829213270665,-0.3684578733081143
2.4290266036987305,0.0,0.0,0.0,-0.0,0.22221293888825627,-0.062166829213270665,-0.3684578733081143
2.4294557571411133,0.0,0.0,0.0,-0.0,0.22221293888825627,-0.062166829213270665,-0.3684578733081143
2.4295387268066406,0.0,0.0,0.0,-0.0,0.22221293888825627,-0.062166829213270665,-0.3684578733081143
2.429929256439209,0.0,0.0,0.0,-0.0,0.22221293888825627,-0.062166829213270665,-0.3684578733081143
2.430014133453369,0.0,0.0,0.0,-0.0,0.22221293888825627,-0.062166829213270665,-0.3684578733081143
2.4304139614105225,0.0,0.0,0.0,-0.0,0.22221293888825627,-0.062166829213270665,-0.3684578733081143
2.430500030517578,0.0,0.0,0.0,-0.0,0.22221293888825627,-0.062166829213270665,-0.3684578733081143
2.4509851932525635,0.0,0.0,0.0,-0.0,0.22221293888825627,-0.062166829213270665,-0.3684578733081143
2.4714136123657227,0.0,0.0,0.0,-0.0,0.22221293888825627,-0.062166829213270665,-0.3684578733081143
2.491769313812256,0.0,0.0,0.0,-0.0,0.22221293888825627,-0.062166829213270665,-0.3684578733081143
2.5120842456817627,0.0,0.0,0.0,-0.0,0.22221293888825627,-0.062166829213270665,-0.3684578733081143
2.5239949226379395,0.0,0.0,0.0,-0.0,1.586512514456831,-0.09240040488023822,-0.3828226045313673
2.5241785049438477,0.0,0.0,0.0,-0.0,1.586512514456831,-0.09240040488023822,-0.3828226045313673
2.524338722229004,0.0,0.0,0.0,-0.0,1.586512514456831,-0.09240040488023822,-0.3828226045313673
2.525259494781494,0.0,0.0,0.0,-0.0,0.2242232445672886,-0.06111610630380003,-0.36913689741745176
2.5254297256469727,0.0,0.0,0.0,-0.0,0.2242232445672886,-0.06111610630380003,-0.36913689741745176
2.5255556106567383,0.0,0.0,0.0,-0.0,0.2242232445672886,-0.06111610630380003,-0.36913689741745176
2.5264065265655518,0.0,0.0,0.0,-0.0,0.2589799390286791,-0.056666495546741004,-0.37502187955352456
2.5265588760375977,0.0,0.0,0.0,-0.0,0.2589799390286791,-0.056666495546741004,-0.37502187955352456
2.52669620513916,0.0,0.0,0.0,-0.0,0.2589799390286791,-0.056666495546741004,-0.37502187955352456
2.527332305908203,0.0,0.0,0.0,-0.0,0.2589799390286791,-0.056666495546741004,-0.37502187955352456
2.5274691581726074,0.0,0.0,0.0,-0.0,0.2589799390286791,-0.056666495546741004,-0.37502187955352456
2.5280447006225586,0.0,0.0,0.0,-0.0,0.2589799390286791,-0.056666495546741004,-0.37502187955352456
2.528179407119751,0.0,0.0,0.0,-0.0,0.2589799390286791,-0.056666495546741004,-0.37502187955352456
2.5287835597991943,0.0,0.0,0.0,-0.0,0.2589799390286791,-0.056666495546741004,-0.37502187955352456
2.5408687591552734,0.0,0.0,0.0,-0.0,0.2589799390286791,-0.056666495546741004,-0.37502187955352456
2.540940761566162,0.0,0.0,0.0,-0.0,0.2589799390286791,-0.056666495546741004,-0.37502187955352456
2.5412793159484863,0.0,0.0,0.0,-0.0,0.2589799390286791,-0.056666495546741004,-0.37502187955352456
2.5413575172424316,0.0,0.0,0.0,-0.0,0.2589799390286791,-0.056666495546741004,-0.37502187955352456
2.5416030883789062,0.0,0.0,0.0,-0.0,0.2589799390286791,-0.056666495546741004,-0.37502187955352456
2.5416531562805176,0.0,0.0,0.0,-0.0,0.2589799390286791,-0.056666495546741004,-0.37502187955352456
2.5418856143951416,0.0,0.0,0.0,-0.0,0.2589799390286791,-0.056666495546741004,-0.37502187955352456
2.541938066482544,0.0,0.0,0.0,-0.0,0.2589799390286791,-0.056666495546741004,-0.37502187955352456
2.542165517807007,0.0,0.0,0.0,-0.0,0.2589799390286791,-0.056666495546741004,-0.37502187955352456
2.5628271102905273,0.0,0.0,0.0,-0.0,0.2589799390286791,-0.056666495546741004,-0.37502187955352456
2.583347797393799,0.0,0.0,0.0,-0.0,0.2589799390286791,-0.056666495546741004,-0.37502187955352456
2.6040122509002686,0.0,0.0,0.0,-0.0,0.2589799390286791,-0.056666495546741004,-0.37502187955352456
2.6077210903167725,0.0,0.0,0.0,-0.0,1.58615997361656,-0.09369648403041361,-0.38190136587345225
2.6085007190704346,0.0,0.0,0.0,-0.0,0.22247938687534724,-0.06036927569669697,-0.3670513134786953
2.6090447902679443,0.0,0.0,0.0,-0.0,0.2568657107323467,-0.05249042803044453,-0.3752904929671137
2.629777431488037,0.0,0.0,0.0,-0.0,0.2568657107323467,-0.05249042803044453,-0.3752904929671137
2.6422550678253174,0.0,0.0,0.0,-0.0,0.2568657107323467,-0.05249042803044453,-0.3752904929671137
2.642436981201172,0.0,0.0,0.0,-0.0,0.2568657107323467,-0.05249042803044453,-0.3752904929671137
2.643040895462036,0.0,0.0,0.0,-0.0,0.2568657107323467,-0.05249042803044453,-0.3752904929671137
2.643143892288208,0.0,0.0,0.0,-0.0,0.2568657107323467,-0.05249042803044453,-0.3752904929671137
2.6435818672180176,0.0,0.0,0.0,-0.0,0.2568657107323467,-0.05249042803044453,-0.3752904929671137
2.6436681747436523,0.0,0.0,0.0,-0.0,0.2568657107323467,-0.05249042803044453,-0.3752904929671137
2.6440629959106445,0.0,0.0,0.0,-0.0,0.2568657107323467,-0.05249042803044453,-0.3752904929671137
2.6441447734832764,0.0,0.0,0.0,-0.0,0.2568657107323467,-0.05249042803044453,-0.3752904929671137
2.6445136070251465,0.0,0.0,0.0,-0.0,0.2568657107323467,-0.05249042803044453,-0.3752904929671137
2.6445937156677246,0.0,0.0,0.0,-0.0,0.2568657107323467,-0.05249042803044453,-0.3752904929671137
2.644946336746216,0.0,0.0,0.0,-0.0,0.2568657107323467,-0.05249042803044453,-0.3752904929671137
2.645024299621582,0.0,0.0,0.0,-0.0,0.2568657107323467,-0.05249042803044453,-0.3752904929671137
2.645373582839966,0.0,0.0,0.0,-0.0,0.2568657107323467,-0.05249042803044453,-0.3752904929671137
2.645444393157959,0.0,0.0,0.0,-0.0,0.2568657107323467,-0.05249042803044453,-0.3752904929671137
2.645761489868164,0.0,0.0,0.0,-0.0,0.2568657107323467,-0.05249042803044453,-0.3752904929671137
2.64582896232605,0.0,0.0,0.0,-0.0,0.2568657107323467,-0.05249042803044453,-0.3752904929671137
2.6507768630981445,0.0,0.0,0.0,-0.0,0.2568657107323467,-0.05249042803044453,-0.3752904929671137
2.6508805751800537,0.0,0.0,0.0,-0.0,0.2568657107323467,-0.05249042803044453,-0.3752904929671137
2.6514155864715576,0.0,0.0,0.0,-0.0,0.2568657107323467,-0.05249042803044453,-0.3752904929671137
2.6515142917633057,0.0,0.0,0.0,-0.0,0.2568657107323467,-0.05249042803044453,-0.3752904929671137
2.6718525886535645,0.0,0.0,0.0,-0.0,0.2568657107323467,-0.05249042803044453,-0.3752904929671137
2.6921298503875732,0.0,0.0,0.0,-0.0,0.2568657107323467,-0.05249042803044453,-0.3752904929671137
2.706730842590332,0.0,0.0,0.0,-0.0,0.25733695037966503,-0.05123411837157429,-0.37220640778292624
2.716367483139038,0.0,0.0,0.0,-0.0,0.22701365445563146,-0.056336756978077177,-0.36856683419817615
2.716780662536621,0.0,0.0,0.0,-0.0,1.5905128390183814,-0.08892037888534236,-0.3817822654614472
2.721877336502075,0.0,0.0,0.0,-0.0,1.5905128390183814,-0.08892037888534236,-0.3817822654614472
2.721909523010254,0.0,0.0,0.0,-0.0,1.5905128390183814,-0.08892037888534236,-0.3817822654614472
2.7220611572265625,0.0,0.0,0.0,-0.0,1.5905128390183814,-0.08892037888534236,-0.3817822654614472
2.72208571434021,0.0,0.0,0.0,-0.0,1.5905128390183814,-0.08892037888534236,-0.3817822654614472
2.722195625305176,0.0,0.0,0.0,-0.0,1.5905128390183814,-0.08892037888534236,-0.3817822654614472
2.7222189903259277,0.0,0.0,0.0,-0.0,1.5905128390183814,-0.08892037888534236,-0.3817822654614472
2.722336530685425,0.0,0.0,0.0,-0.0,1.5905128390183814,-0.08892037888534236,-0.3817822654614472
2.7223596572875977,0.0,0.0,0.0,-0.0,1.5905128390183814,-0.08892037888534236,-0.3817822654614472
2.722463607788086,0.0,0.0,0.0,-0.0,1.5905128390183814,-0.08892037888534236,-0.3817822654614472
2.722485065460205,0.0,0.0,0.0,-0.0,1.5905128390183814,-0.08892037888534236,-0.3817822654614472
2.7225892543792725,0.0,0.0,0.0,-0.0,1.5905128390183814,-0.08892037888534236,-0.3817822654614472
2.7226123809814453,0.0,0.0,0.0,-0.0,1.5905128390183814,-0.08892037888534236,-0.3817822654614472
2.72271728515625,0.0,0.0,0.0,-0.0,1.5905128390183814,-0.08892037888534236,-0.3817822654614472
2.7227399349212646,0.0,0.0,0.0,-0.0,1.5905128390183814,-0.08892037888534236,-0.3817822654614472
2.72284197807312,0.0,0.0,0.0,-0.0,1.5905128390183814,-0.08892037888534236,-0.3817822654614472
2.7228639125823975,0.0,0.0,0.0,-0.0,1.5905128390183814,-0.08892037888534236,-0.3817822654614472
2.722966194152832,0.0,0.0,0.0,-0.0,1.5905128390183814,-0.08892037888534236,-0.3817822654614472
2.7229878902435303,0.0,0.0,0.0,-0.0,1.5905128390183814,-0.08892037888534236,-0.3817822654614472
2.7230894565582275,0.0,0.0,0.0,-0.0,1.5905128390183814,-0.08892037888534236,-0.3817822654614472
2.723112106323242,0.0,0.0,0.0,-0.0,1.5905128390183814,-0.08892037888534236,-0.3817822654614472
2.7434847354888916,0.0,0.0,0.0,-0.0,1.5905128390183814,-0.08892037888534236,-0.3817822654614472
2.7637481689453125,0.0,0.0,0.0,-0.0,1.5905128390183814,-0.08892037888534236,-0.3817822654614472
2.784032106399536,0.0,0.0,0.0,-0.0,1.5905128390183814,-0.08892037888534236,-0.3817822654614472
2.8043928146362305,0.0,0.0,0.0,-0.0,1.5905128390183814,-0.08892037888534236,-0.3817822654614472
2.8231465816497803,0.0,0.0,0.0,-0.0,0.2522856462402795,-0.0481947827271293,-0.37378070582120376
2.8231875896453857,0.0,0.0,0.0,-0.0,0.2522856462402795,-0.0481947827271293,-0.37378070582120376
2.823214054107666,0.0,0.0,0.0,-0.0,0.2522856462402795,-0.0481947827271293,-0.37378070582120376
2.823438882827759,0.0,0.0,0.0,-0.0,1.5851369766761092,-0.08629244557859862,-0.3838086922519734
2.82346773147583,0.0,0.0,0.0,-0.0,1.5851369766761092,-0.08629244557859862,-0.3838086922519734
2.823498010635376,0.0,0.0,0.0,-0.0,1.5851369766761092,-0.08629244557859862,-0.3838086922519734
2.8236594200134277,0.0,0.0,0.0,-0.0,0.2239676454366461,-0.05713549959343987,-0.3707521869126275
2.8236846923828125,0.0,0.0,0.0,-0.0,0.2239676454366461,-0.05713549959343987,-0.3707521869126275
2.823707103729248,0.0,0.0,0.0,-0.0,0.2239676454366461,-0.05713549959343987,-0.3707521869126275
2.8238189220428467,0.0,0.0,0.0,-0.0,0.2239676454366461,-0.05713549959343987,-0.3707521869126275
2.8238425254821777,0.0,0.0,0.0,-0.0,0.2239676454366461,-0.05713549959343987,-0.3707521869126275
2.823946952819824,0.0,0.0,0.0,-0.0,0.2239676454366461,-0.05713549959343987,-0.3707521869126275
2.8239691257476807,0.0,0.0,0.0,-0.0,0.2239676454366461,-0.05713549959343987,-0.3707521869126275
2.824073076248169,0.0,0.0,0.0,-0.0,0.2239676454366461,-0.05713549959343987,-0.3707521869126275
2.8240959644317627,0.0,0.0,0.0,-0.0,0.2239676454366461,-0.05713549959343987,-0.3707521869126275
2.8242008686065674,0.0,0.0,0.0,-0.0,0.2239676454366461,-0.05713549959343987,-0.3707521869126275
2.824223279953003,0.0,0.0,0.0,-0.0,0.2239676454366461,-0.05713549959343987,-0.3707521869126275
2.8243329524993896,0.0,0.0,0.0,-0.0,0.2239676454366461,-0.05713549959343987,-0.3707521869126275
2.8243556022644043,0.0,0.0,0.0,-0.0,0.2239676454366461,-0.05713549959343987,-0.3707521869126275
2.824457883834839,0.0,0.0,0.0,-0.0,0.2239676454366461,-0.05713549959343987,-0.3707521869126275
2.8244802951812744,0.0,0.0,0.0,-0.0,0.2239676454366461,-0.05713549959343987,-0.3707521869126275
2.8245835304260254,0.0,0.0,0.0,-0.0,0.2239676454366461,-0.05713549959343987,-0.3707521869126275
2.824605703353882,0.0,0.0,0.0,-0.0,0.2239676454366461,-0.05713549959343987,-0.3707521869126275
2.844846487045288,0.0,0.0,0.0,-0.0,0.2239676454366461,-0.05713549959343987,-0.3707521869126275
2.8651556968688965,0.0,0.0,0.0,-0.0,0.2239676454366461,-0.05713549959343987,-0.3707521869126275
2.8854587078094482,0.0,0.0,0.0,-0.0,0.2239676454366461,-0.05713549959343987,-0.3707521869126275
2.9057486057281494,0.0,0.0,0.0,-0.0,0.2239676454366461,-0.05713549959343987,-0.3707521869126275
