t,x,y,yaw,erro_trajeto,rumo_plano,folga,raw_v,raw_wz,saida_v,saida_wz,desencalhe,planos,objetivo_ativo,dist_alvo
0.004,-0.0,-0.0,-0.0,0.019,0.0,0.7,0.0,0.0,0.0,0.0,0.0,1,1,7.159
0.035,-0.0,-0.0,-0.0,0.019,0.0,0.7,0.0,0.0,0.0,0.0,0.0,1,1,7.159
0.066,-0.0,-0.0,-0.0,0.019,0.0,0.7,0.0,0.0,0.0,0.0,0.0,1,1,7.159
0.097,-0.0,-0.0,-0.0,0.019,0.0,0.7,0.499,-0.178,0.0,0.0,0.0,1,1,7.159
0.129,-0.0,-0.0,-0.0,0.019,0.0,0.7,0.499,-0.178,0.0,0.0,0.0,1,1,7.159
0.159,-0.0,-0.0,-0.0,0.019,0.0,0.7,0.499,-0.178,0.0,0.0,0.0,1,1,7.159
0.19,-0.0,-0.0,-0.0,0.019,0.0,0.7,0.499,-0.178,0.499,-0.178,0.0,1,1,7.159
0.221,-0.0,-0.0,-0.0,0.019,0.0,0.7,0.499,-0.178,0.499,-0.178,0.0,1,1,7.159
0.252,-0.0,-0.0,-0.0,0.019,0.0,0.7,0.499,-0.178,0.499,-0.178,0.0,1,1,7.159
0.283,-0.0,-0.0,-0.0,0.019,0.0,0.7,0.499,-0.178,0.499,-0.178,0.0,1,1,7.159
0.314,-0.0,-0.0,-0.0,0.019,0.0,0.7,0.499,-0.178,0.499,-0.178,0.0,1,1,7.159
0.344,-0.0,-0.0,-0.0,0.019,0.0,0.7,0.499,-0.178,0.499,-0.178,0.0,1,1,7.159
0.375,-0.0,-0.0,-0.0,0.019,0.0,0.7,0.499,-0.178,0.499,-0.178,0.0,1,1,7.159
0.408,-0.0,-0.0,-0.0,0.019,0.0,0.7,0.499,-0.178,0.499,-0.178,0.0,1,1,7.159
0.438,-0.0,-0.0,-0.0,0.019,0.0,0.7,0.499,-0.178,0.499,-0.178,0.0,1,1,7.159
0.471,-0.0,-0.0,-0.0,0.019,0.0,0.7,0.499,-0.178,0.499,-0.178,0.0,1,1,7.159
0.501,-0.0,-0.0,-0.0,0.019,0.0,0.7,0.499,-0.178,0.499,-0.178,0.0,1,1,7.159
0.532,-0.0,-0.0,-0.0,0.019,0.0,0.7,0.499,-0.178,0.499,-0.178,0.0,1,1,7.159
0.563,-0.0,-0.0,-0.0,0.019,0.0,0.7,0.499,-0.178,0.499,-0.178,0.0,1,1,7.159
0.594,-0.0,-0.0,-0.0,0.019,0.0,0.7,0.499,-0.178,0.499,-0.178,0.0,1,1,7.159
0.624,-0.0,-0.0,-0.0,0.019,0.0,0.7,0.499,-0.178,0.499,-0.178,0.0,1,1,7.159
0.655,-0.0,-0.0,-0.0,0.019,0.0,0.7,0.499,-0.178,0.499,-0.178,0.0,1,1,7.159
0.686,0.0028,0.0003,-0.0037,0.0193,0.0,0.7,0.499,-0.178,0.499,-0.178,0.0,1,1,7.157
0.717,0.0028,0.0003,-0.0037,0.0193,0.0,0.7,0.499,-0.178,0.499,-0.178,0.0,1,1,7.157
0.748,0.0028,0.0003,-0.0037,0.0193,0.0,0.7,0.499,-0.178,0.499,-0.178,0.0,1,1,7.157
0.779,0.0136,0.0015,-0.0203,0.0205,0.0,0.75,0.499,-0.178,0.499,-0.178,0.0,1,1,7.147
0.81,0.0136,0.0015,-0.0203,0.0205,0.0,0.75,0.499,-0.173,0.499,-0.178,0.0,1,1,7.147
0.84,0.0136,0.0015,-0.0203,0.0205,0.0,0.75,0.499,-0.173,0.499,-0.178,0.0,1,1,7.147
0.871,0.0275,0.0029,-0.0423,0.0219,0.0,0.75,0.499,-0.173,0.499,-0.178,0.0,1,1,7.134
0.902,0.0275,0.0029,-0.0423,0.0219,0.0,0.75,0.5,-0.164,0.499,-0.178,0.0,1,1,7.134
0.932,0.0275,0.0029,-0.0423,0.0219,0.0,0.75,0.5,-0.164,0.499,-0.173,0.0,1,1,7.134
0.963,0.0527,0.0045,-0.0821,0.0235,0.0,0.75,0.5,-0.164,0.499,-0.173,0.0,1,1,7.111
0.994,0.0527,0.0045,-0.0821,0.0235,0.0,0.75,0.5,-0.144,0.499,-0.173,0.0,1,1,7.111
1.025,0.0527,0.0045,-0.0821,0.0235,0.0,0.75,0.5,-0.144,0.5,-0.164,0.0,1,1,7.111
1.055,0.0775,0.0049,-0.1176,0.0239,0.0,0.8,0.5,-0.144,0.5,-0.164,0.0,1,1,7.09
1.092,0.0775,0.0049,-0.1176,0.0632,-0.025,0.8,0.5,-0.144,0.5,-0.164,0.0,2,1,7.09
1.122,0.0775,0.0049,-0.1176,0.0632,-0.025,0.8,0.493,-0.119,0.5,-0.164,0.0,2,1,7.09
1.152,0.0775,0.0049,-0.1176,0.0632,-0.025,0.8,0.493,-0.119,0.493,-0.119,0.0,2,1,7.09
1.183,0.1217,0.0031,-0.1742,0.0263,-0.025,0.85,0.493,-0.119,0.493,-0.119,0.0,2,1,7.052
1.214,0.1217,0.0031,-0.1742,0.0263,-0.025,0.85,0.5,0.0,0.493,-0.119,0.0,2,1,7.052
1.244,0.1217,0.0031,-0.1742,0.0263,-0.025,0.85,0.5,0.0,0.5,0.0,0.0,2,1,7.052
1.276,0.1472,0.0003,-0.1994,0.0196,-0.025,0.85,0.5,0.0,0.5,0.0,0.0,2,1,7.031
1.307,0.1472,0.0003,-0.1994,0.0196,-0.025,0.85,0.495,0.134,0.5,0.0,0.0,2,1,7.031
1.337,0.1472,0.0003,-0.1994,0.0196,-0.025,0.85,0.495,0.134,0.496,0.163,0.0,2,1,7.031
1.368,0.1771,-0.0044,-0.2188,0.0156,-0.025,0.9,0.495,0.134,0.496,0.163,0.0,2,1,7.008
1.399,0.1771,-0.0044,-0.2188,0.0156,-0.025,0.9,0.497,0.206,0.496,0.163,0.0,2,1,7.008
1.43,0.1771,-0.0044,-0.2188,0.0156,-0.025,0.9,0.497,0.206,0.497,0.206,0.0,2,1,7.008
1.461,0.1985,-0.0087,-0.2255,0.0119,-0.025,0.9,0.497,0.206,0.497,0.206,0.0,2,1,6.991
1.491,0.1985,-0.0087,-0.2255,0.0119,-0.025,0.9,0.497,0.256,0.497,0.206,0.0,2,1,6.991
1.521,0.1985,-0.0087,-0.2255,0.0119,-0.025,0.9,0.497,0.256,0.497,0.256,0.0,2,1,6.991
1.552,0.2235,-0.0147,-0.2208,0.0064,-0.025,0.95,0.497,0.256,0.497,0.256,0.0,2,1,6.973
1.583,0.2235,-0.0147,-0.2208,0.0064,-0.025,0.95,0.495,0.291,0.497,0.256,0.0,2,1,6.973
1.614,0.2235,-0.0147,-0.2208,0.0064,-0.025,0.95,0.495,0.291,0.495,0.291,0.0,2,1,6.973
1.645,0.2427,-0.0201,-0.2067,0.0016,-0.025,0.95,0.495,0.291,0.495,0.291,0.0,2,1,6.959
1.676,0.2427,-0.0201,-0.2067,0.0016,-0.025,0.95,0.493,0.315,0.495,0.291,0.0,2,1,6.959
1.706,0.2427,-0.0201,-0.2067,0.0016,-0.025,0.95,0.493,0.315,0.493,0.315,0.0,2,1,6.959
1.737,0.2662,-0.027,-0.1787,0.0048,-0.025,1.0,0.493,0.315,0.493,0.315,0.0,2,1,6.942
1.768,0.2662,-0.027,-0.1787,0.0048,-0.025,1.0,0.493,0.322,0.493,0.315,0.0,2,1,6.942
1.798,0.2662,-0.027,-0.1787,0.0048,-0.025,1.0,0.493,0.322,0.492,0.324,0.0,2,1,6.942
1.829,0.2896,-0.0337,-0.1439,0.0109,-0.025,1.0,0.493,0.322,0.492,0.324,0.0,2,1,6.926
1.86,0.2896,-0.0337,-0.1439,0.0109,-0.025,1.0,0.492,0.327,0.492,0.324,0.0,2,1,6.926
1.89,0.2896,-0.0337,-0.1439,0.0109,-0.025,1.0,0.492,0.327,0.492,0.325,0.0,2,1,6.926
1.921,0.3086,-0.0385,-0.116,0.0152,-0.025,1.0,0.492,0.327,0.492,0.325,0.0,2,1,6.912
1.952,0.3086,-0.0385,-0.116,0.0152,-0.025,1.0,0.49,0.324,0.492,0.325,0.0,2,1,6.912
1.984,0.3086,-0.0385,-0.116,0.0152,-0.025,1.0,0.49,0.324,0.49,0.324,0.0,2,1,6.912
2.015,0.3326,-0.0436,-0.0823,0.0197,-0.025,1.05,0.49,0.324,0.49,0.324,0.0,2,1,6.894
2.046,0.3326,-0.0436,-0.0823,0.0197,-0.025,1.05,0.486,0.308,0.49,0.324,0.0,2,1,6.894
2.076,0.3326,-0.0436,-0.0823,0.0197,-0.025,1.05,0.486,0.308,0.486,0.308,0.0,2,1,6.894
2.107,0.3521,-0.0471,-0.056,0.0227,-0.025,1.05,0.486,0.308,0.486,0.308,0.0,2,1,6.879
2.143,0.3521,-0.0471,-0.056,0.0403,-0.0192,1.05,0.486,0.308,0.486,0.308,0.0,3,1,6.879
2.173,0.3521,-0.0471,-0.056,0.0403,-0.0192,1.05,0.482,0.266,0.486,0.308,0.0,3,1,6.879
2.204,0.3521,-0.0471,-0.056,0.0403,-0.0192,1.05,0.482,0.266,0.482,0.266,0.0,3,1,6.879
2.235,0.3867,-0.0519,-0.0119,0.0171,-0.0192,1.1,0.482,0.266,0.482,0.266,0.0,3,1,6.852
2.266,0.3867,-0.0519,-0.0119,0.0171,-0.0192,1.1,0.482,0.258,0.482,0.266,0.0,3,1,6.852
2.297,0.3867,-0.0519,-0.0119,0.0171,-0.0192,1.1,0.482,0.258,0.484,0.235,0.0,3,1,6.852
2.328,0.4068,-0.0538,0.0115,0.0156,-0.0192,1.1,0.482,0.258,0.484,0.235,0.0,3,1,6.836
2.359,0.4068,-0.0538,0.0115,0.0156,-0.0192,1.1,0.485,0.225,0.484,0.235,0.0,3,1,6.836
2.389,0.4068,-0.0538,0.0115,0.0156,-0.0192,1.1,0.485,0.225,0.487,0.203,0.0,3,1,6.836
2.42,0.4323,-0.0554,0.0385,0.0145,-0.0192,1.15,0.485,0.225,0.487,0.203,0.0,3,1,6.815
2.451,0.4323,-0.0554,0.0385,0.0145,-0.0192,1.15,0.488,0.191,0.487,0.203,0.0,3,1,6.815
2.481,0.4323,-0.0554,0.0385,0.0145,-0.0192,1.15,0.488,0.191,0.491,0.157,0.0,3,1,6.815
2.512,0.4531,-0.056,0.0582,0.0143,-0.0192,1.15,0.488,0.191,0.491,0.157,0.0,3,1,6.797
2.543,0.4531,-0.056,0.0582,0.0143,-0.0192,1.15,0.491,0.141,0.491,0.157,0.0,3,1,6.797
2.573,0.4531,-0.056,0.0582,0.0143,-0.0192,1.15,0.491,0.141,0.491,0.141,0.0,3,1,6.797
2.604,0.4796,-0.0558,0.0792,0.0149,-0.0192,1.2,0.491,0.141,0.491,0.141,0.0,3,1,6.775
2.635,0.4796,-0.0558,0.0792,0.0149,-0.0192,1.2,0.499,-0.199,0.491,0.141,0.0,3,1,6.775
2.665,0.4796,-0.0558,0.0792,0.0149,-0.0192,1.2,0.499,-0.199,0.499,-0.199,0.0,3,1,6.775
2.696,0.5017,-0.055,0.0916,0.0163,-0.0192,1.2,0.499,-0.199,0.499,-0.199,0.0,3,1,6.756
2.727,0.5017,-0.055,0.0916,0.0163,-0.0192,1.2,0.498,-0.218,0.499,-0.199,0.0,3,1,6.756
2.758,0.5017,-0.055,0.0916,0.0163,-0.0192,1.2,0.498,-0.218,0.498,-0.231,0.0,3,1,6.756
2.789,0.5318,-0.0524,0.0949,0.0194,-0.0192,1.2,0.498,-0.218,0.498,-0.231,0.0,3,1,6.729
2.819,0.5318,-0.0524,0.0949,0.0194,-0.0192,1.2,0.497,-0.249,0.498,-0.231,0.0,3,1,6.729
2.85,0.5318,-0.0524,0.0949,0.0194,-0.0192,1.2,0.497,-0.249,0.497,-0.261,0.0,3,1,6.729
2.881,0.5651,-0.0485,0.0847,0.0239,-0.0192,1.2,0.497,-0.249,0.497,-0.261,0.0,3,1,6.698
2.912,0.5651,-0.0485,0.0847,0.0239,-0.0192,1.2,0.496,-0.272,0.497,-0.261,0.0,3,1,6.698
2.942,0.5651,-0.0485,0.0847,0.0239,-0.0192,1.2,0.496,-0.272,0.496,-0.282,0.0,3,1,6.698
2.973,0.5913,-0.0452,0.0682,0.0278,-0.0192,1.2,0.496,-0.272,0.496,-0.282,0.0,3,1,6.674
3.004,0.5913,-0.0452,0.0682,0.0278,-0.0192,1.2,0.495,-0.29,0.496,-0.282,0.0,3,1,6.674
3.034,0.5913,-0.0452,0.0682,0.0278,-0.0192,1.2,0.495,-0.29,0.495,-0.29,0.0,3,1,6.674
3.066,0.6238,-0.0409,0.0366,0.0327,-0.0192,1.15,0.495,-0.29,0.495,-0.29,0.0,3,1,6.645
3.097,0.6238,-0.0409,0.0366,0.0327,-0.0192,1.15,0.495,-0.294,0.495,-0.29,0.0,3,1,6.645
3.127,0.6238,-0.0409,0.0366,0.0327,-0.0192,1.15,0.495,-0.294,0.495,-0.294,0.0,3,1,6.645
3.158,0.6499,-0.0381,0.0105,0.0359,-0.0192,1.15,0.495,-0.294,0.495,-0.294,0.0,3,1,6.621
3.194,0.6499,-0.0381,0.0105,0.0409,-0.3218,1.15,0.495,-0.294,0.495,-0.294,0.0,4,1,6.621
3.224,0.6499,-0.0381,0.0105,0.0409,-0.3218,1.15,0.494,-0.291,0.495,-0.294,0.0,4,1,6.621
3.255,0.6499,-0.0381,0.0105,0.0409,-0.3218,1.15,0.494,-0.291,0.493,-0.285,0.0,4,1,6.621
3.286,0.696,-0.0351,-0.0325,0.0121,-0.3218,1.15,0.494,-0.291,0.493,-0.285,0.0,4,1,6.581
3.317,0.696,-0.0351,-0.0325,0.0121,-0.3218,1.15,0.491,-0.272,0.493,-0.285,0.0,4,1,6.581
3.348,0.696,-0.0351,-0.0325,0.0121,-0.3218,1.15,0.491,-0.272,0.49,-0.266,0.0,4,1,6.581
3.379,0.7228,-0.0345,-0.055,0.0031,-0.3218,1.15,0.491,-0.272,0.49,-0.266,0.0,4,1,6.558
3.409,0.7228,-0.0345,-0.055,0.0031,-0.3218,1.15,0.49,-0.243,0.49,-0.266,0.0,4,1,6.558
3.44,0.7228,-0.0345,-0.055,0.0031,-0.3218,1.15,0.49,-0.243,0.49,-0.243,0.0,4,1,6.558
3.471,0.7565,-0.0347,-0.0809,0.0074,-0.3218,1.15,0.49,-0.243,0.49,-0.243,0.0,4,1,6.529
3.502,0.7565,-0.0347,-0.0809,0.0074,-0.3218,1.15,0.49,-0.216,0.49,-0.243,0.0,4,1,6.529
3.533,0.7565,-0.0347,-0.0809,0.0074,-0.3218,1.15,0.49,-0.216,0.49,-0.216,0.0,4,1,6.529
3.563,0.7832,-0.0356,-0.0989,0.015,-0.3218,1.15,0.49,-0.216,0.49,-0.216,0.0,4,1,6.508
3.594,0.7832,-0.0356,-0.0989,0.015,-0.3218,1.15,0.493,-0.175,0.49,-0.216,0.0,4,1,6.508
3.625,0.7832,-0.0356,-0.0989,0.015,-0.3218,1.15,0.493,-0.175,0.493,-0.175,0.0,4,1,6.508
3.656,0.8159,-0.0376,-0.1181,0.0235,-0.3218,1.1,0.493,-0.175,0.493,-0.175,0.0,4,1,6.481
3.687,0.8159,-0.0376,-0.1181,0.0235,-0.3218,1.1,0.487,-0.253,0.493,-0.175,0.0,4,1,6.481
3.717,0.8159,-0.0376,-0.1181,0.0235,-0.3218,1.1,0.487,-0.253,0.491,-0.221,0.0,4,1,6.481
3.749,0.8414,-0.0398,-0.1296,0.0294,-0.3218,1.1,0.487,-0.253,0.491,-0.221,0.0,4,1,6.461
3.78,0.8414,-0.0398,-0.1296,0.0294,-0.3218,1.1,0.492,-0.207,0.491,-0.221,0.0,4,1,6.461
3.81,0.8414,-0.0398,-0.1296,0.0294,-0.3218,1.1,0.492,-0.207,0.493,-0.199,0.0,4,1,6.461
3.841,0.8735,-0.0429,-0.1453,0.0366,-0.3218,1.05,0.492,-0.207,0.493,-0.199,0.0,4,1,6.436
3.872,0.8735,-0.0429,-0.1453,0.0366,-0.3218,1.05,0.495,-0.17,0.493,-0.199,0.0,4,1,6.436
3.902,0.8735,-0.0429,-0.1453,0.0366,-0.3218,1.05,0.495,-0.17,0.496,-0.153,0.0,4,1,6.436
3.934,0.9059,-0.0465,-0.1626,0.0435,-0.3218,1.1,0.495,-0.17,0.496,-0.153,0.0,4,1,6.411
3.965,0.9059,-0.0465,-0.1626,0.0435,-0.3218,1.1,0.497,-0.11,0.496,-0.153,0.0,4,1,6.411
3.996,0.9059,-0.0465,-0.1626,0.0435,-0.3218,1.1,0.497,-0.11,0.5,0.0,0.0,4,1,6.411
4.027,0.931,-0.0498,-0.1731,0.0482,-0.3218,1.05,0.497,-0.11,0.5,0.0,0.0,4,1,6.392
4.058,0.931,-0.0498,-0.1731,0.0482,-0.3218,1.05,0.5,0.0,0.5,0.0,0.0,4,1,6.392
4.089,0.931,-0.0498,-0.1731,0.0482,-0.3218,1.05,0.5,0.0,0.5,0.0,0.0,4,1,6.392
4.12,0.9608,-0.0548,-0.1776,0.053,-0.3218,1.05,0.5,0.0,0.5,0.0,0.0,4,1,6.37
4.151,0.9608,-0.0548,-0.1776,0.053,-0.3218,1.05,0.5,0.0,0.5,0.0,0.0,4,1,6.37
4.181,0.9608,-0.0548,-0.1776,0.053,-0.3218,1.05,0.5,0.0,0.5,0.0,0.0,4,1,6.37
4.213,0.9833,-0.0591,-0.1741,0.056,-0.3218,1.05,0.5,0.0,0.5,0.0,0.0,4,1,6.354
4.248,0.9833,-0.0591,-0.1741,0.0103,0.0,1.05,0.5,0.0,0.5,0.0,0.0,5,1,6.354
4.278,0.9833,-0.0591,-0.1741,0.0103,0.0,1.05,0.5,0.134,0.5,0.0,0.0,5,1,6.354
4.309,0.9833,-0.0591,-0.1741,0.0103,0.0,1.05,0.5,0.134,0.5,0.134,0.0,5,1,6.354
4.34,1.0213,-0.067,-0.1561,0.002,0.0,1.0,0.5,0.134,0.5,0.134,0.0,5,1,6.327
4.371,1.0213,-0.067,-0.1561,0.002,0.0,1.0,0.499,0.178,0.5,0.134,0.0,5,1,6.327
4.401,1.0213,-0.067,-0.1561,0.002,0.0,1.0,0.499,0.178,0.499,0.178,0.0,5,1,6.327
4.433,1.0419,-0.0714,-0.1391,0.0024,0.0,1.0,0.499,0.178,0.499,0.178,0.0,5,1,6.312
4.463,1.0419,-0.0714,-0.1391,0.0024,0.0,1.0,0.499,0.181,0.499,0.178,0.0,5,1,6.312
4.494,1.0419,-0.0714,-0.1391,0.0024,0.0,1.0,0.499,0.181,0.499,0.181,0.0,5,1,6.312
4.525,1.0676,-0.0766,-0.1163,0.0076,0.0,1.0,0.499,0.181,0.499,0.181,0.0,5,1,6.294
4.556,1.0676,-0.0766,-0.1163,0.0076,0.0,1.0,0.499,0.194,0.499,0.181,0.0,5,1,6.294
4.586,1.0676,-0.0766,-0.1163,0.0076,0.0,1.0,0.499,0.194,0.499,0.194,0.0,5,1,6.294
4.618,1.0881,-0.0804,-0.0972,0.0114,0.0,1.0,0.499,0.194,0.499,0.194,0.0,5,1,6.28
4.649,1.0881,-0.0804,-0.0972,0.0114,0.0,1.0,0.498,0.181,0.499,0.194,0.0,5,1,6.28
4.68,1.0881,-0.0804,-0.0972,0.0114,0.0,1.0,0.498,0.181,0.497,0.188,0.0,5,1,6.28
4.711,1.1139,-0.0845,-0.0734,0.0155,0.0,1.0,0.498,0.181,0.497,0.188,0.0,5,1,6.261
4.741,1.1139,-0.0845,-0.0734,0.0155,0.0,1.0,0.49,0.287,0.497,0.188,0.0,5,1,6.261
4.772,1.1139,-0.0845,-0.0734,0.0155,0.0,1.0,0.49,0.287,0.489,0.284,0.0,5,1,6.261
4.803,1.1397,-0.0881,-0.0497,0.0191,0.0,1.0,0.49,0.287,0.489,0.284,0.0,5,1,6.242
4.834,1.1397,-0.0881,-0.0497,0.0191,0.0,1.0,0.488,0.274,0.489,0.284,0.0,5,1,6.242
4.864,1.1397,-0.0881,-0.0497,0.0191,0.0,1.0,0.488,0.274,0.488,0.269,0.0,5,1,6.242
4.895,1.1595,-0.0909,-0.0246,0.0219,0.0,1.0,0.488,0.274,0.488,0.269,0.0,5,1,6.227
4.926,1.1595,-0.0909,-0.0246,0.0219,0.0,1.0,0.488,0.256,0.488,0.269,0.0,5,1,6.227
4.956,1.1595,-0.0909,-0.0246,0.0219,0.0,1.0,0.488,0.256,0.488,0.256,0.0,5,1,6.227
4.987,1.1845,-0.0936,0.0054,0.0246,0.0,1.0,0.488,0.256,0.488,0.256,0.0,5,1,6.208
5.017,1.1845,-0.0936,0.0054,0.0246,0.0,1.0,0.49,0.239,0.488,0.256,0.0,5,1,6.208
5.048,1.1845,-0.0936,0.0054,0.0246,0.0,1.0,0.49,0.239,0.49,0.239,0.0,5,1,6.208
5.079,1.2048,-0.0951,0.0278,0.0261,0.0,1.05,0.49,0.239,0.49,0.239,0.0,5,1,6.193
5.11,1.2048,-0.0951,0.0278,0.0261,0.0,1.05,0.491,0.212,0.49,0.239,0.0,5,1,6.193
5.14,1.2048,-0.0951,0.0278,0.0261,0.0,1.05,0.491,0.212,0.491,0.212,0.0,5,1,6.193
5.171,1.2304,-0.0962,0.0547,0.0272,0.0,1.05,0.491,0.212,0.491,0.212,0.0,5,1,6.173
5.202,1.2304,-0.0962,0.0547,0.0272,0.0,1.05,0.491,0.201,0.491,0.212,0.0,5,1,6.173
5.233,1.2304,-0.0962,0.0547,0.0272,0.0,1.05,0.491,0.201,0.492,0.177,0.0,5,1,6.173
5.264,1.2511,-0.0965,0.0747,0.0275,0.0,1.05,0.491,0.201,0.492,0.177,0.0,5,1,6.156
5.3,1.2511,-0.0965,0.0747,0.0221,0.027,1.05,0.491,0.201,0.492,0.177,0.0,6,1,6.156
5.331,1.2511,-0.0965,0.0747,0.0221,0.027,1.05,0.493,0.126,0.492,0.177,0.0,6,1,6.156
5.361,1.2511,-0.0965,0.0747,0.0221,0.027,1.05,0.493,0.126,0.493,0.126,0.0,6,1,6.156
5.392,1.2881,-0.0956,0.1048,0.022,0.027,1.05,0.493,0.126,0.493,0.126,0.0,6,1,6.125
5.423,1.2881,-0.0956,0.1048,0.022,0.027,1.05,0.5,0.0,0.493,0.126,0.0,6,1,6.125
5.453,1.2881,-0.0956,0.1048,0.022,0.027,1.05,0.5,0.0,0.5,0.0,0.0,6,1,6.125
5.484,1.31,-0.0942,0.1171,0.0228,0.027,1.05,0.5,0.0,0.5,0.0,0.0,6,1,6.107
5.515,1.31,-0.0942,0.1171,0.0228,0.027,1.05,0.497,-0.112,0.5,0.0,0.0,6,1,6.107
5.546,1.31,-0.0942,0.1171,0.0228,0.027,1.05,0.497,-0.112,0.497,-0.112,0.0,6,1,6.107
5.577,1.3389,-0.0911,0.1221,0.0251,0.027,1.0,0.497,-0.112,0.497,-0.112,0.0,6,1,6.082
5.607,1.3389,-0.0911,0.1221,0.0251,0.027,1.0,0.498,-0.131,0.497,-0.112,0.0,6,1,6.082
5.638,1.3389,-0.0911,0.1221,0.0251,0.027,1.0,0.498,-0.131,0.499,-0.157,0.0,6,1,6.082
5.669,1.3635,-0.0876,0.1165,0.0279,0.027,1.0,0.498,-0.131,0.499,-0.157,0.0,6,1,6.06
5.7,1.3635,-0.0876,0.1165,0.0279,0.027,1.0,0.499,-0.178,0.499,-0.157,0.0,6,1,6.06
5.731,1.3635,-0.0876,0.1165,0.0279,0.027,1.0,0.499,-0.178,0.499,-0.178,0.0,6,1,6.06
5.762,1.3954,-0.0829,0.1017,0.0318,0.027,1.0,0.499,-0.178,0.499,-0.178,0.0,6,1,6.032
5.793,1.3954,-0.0829,0.1017,0.0318,0.027,1.0,0.496,-0.281,0.499,-0.178,0.0,6,1,6.032
5.823,1.3954,-0.0829,0.1017,0.0318,0.027,1.0,0.496,-0.281,0.496,-0.281,0.0,6,1,6.032
5.855,1.4212,-0.0789,0.0828,0.0351,0.027,1.0,0.496,-0.281,0.496,-0.281,0.0,6,1,6.008
5.885,1.4212,-0.0789,0.0828,0.0351,0.027,1.0,0.495,-0.288,0.496,-0.281,0.0,6,1,6.008
5.916,1.4212,-0.0789,0.0828,0.0351,0.027,1.0,0.495,-0.288,0.495,-0.288,0.0,6,1,6.008
5.947,1.4538,-0.0742,0.0519,0.0389,0.027,1.0,0.495,-0.288,0.495,-0.288,0.0,6,1,5.98
5.978,1.4538,-0.0742,0.0519,0.0389,0.027,1.0,0.495,-0.289,0.495,-0.288,0.0,6,1,5.98
6.009,1.4538,-0.0742,0.0519,0.0389,0.027,1.0,0.495,-0.289,0.495,-0.289,0.0,6,1,5.98
6.04,1.4865,-0.0704,0.0204,0.0418,0.027,1.0,0.495,-0.289,0.495,-0.289,0.0,6,1,5.951
6.07,1.4865,-0.0704,0.0204,0.0418,0.027,1.0,0.493,-0.277,0.495,-0.289,0.0,6,1,5.951
6.101,1.4865,-0.0704,0.0204,0.0418,0.027,1.0,0.493,-0.277,0.493,-0.277,0.0,6,1,5.951
6.132,1.5129,-0.0683,-0.0037,0.0432,0.027,1.0,0.493,-0.277,0.493,-0.277,0.0,6,1,5.929
6.163,1.5129,-0.0683,-0.0037,0.0432,0.027,1.0,0.492,-0.265,0.493,-0.277,0.0,6,1,5.929
6.193,1.5129,-0.0683,-0.0037,0.0432,0.027,1.0,0.492,-0.265,0.492,-0.252,0.0,6,1,5.929
6.224,1.5463,-0.0666,-0.0311,0.044,0.027,1.0,0.492,-0.265,0.492,-0.252,0.0,6,1,5.901
6.258,1.5463,-0.0666,-0.0311,0.0397,0.0345,1.0,0.492,-0.265,0.492,-0.252,0.0,7,1,5.901
6.288,1.5463,-0.0666,-0.0311,0.0397,0.0345,1.0,0.491,-0.217,0.492,-0.252,0.0,7,1,5.901
6.319,1.5463,-0.0666,-0.0311,0.0397,0.0345,1.0,0.491,-0.217,0.491,-0.217,0.0,7,1,5.901
6.35,1.5867,-0.0661,-0.0601,0.0029,0.0345,1.0,0.491,-0.217,0.491,-0.217,0.0,7,1,5.869
6.381,1.5867,-0.0661,-0.0601,0.0029,0.0345,1.0,0.492,-0.185,0.491,-0.217,0.0,7,1,5.869
6.412,1.5867,-0.0661,-0.0601,0.0029,0.0345,1.0,0.492,-0.185,0.492,-0.185,0.0,7,1,5.869
6.443,1.6194,-0.0668,-0.079,0.001,0.0345,1.0,0.492,-0.185,0.492,-0.185,0.0,7,1,5.843
6.473,1.6194,-0.0668,-0.079,0.001,0.0345,1.0,0.495,-0.133,0.492,-0.185,0.0,7,1,5.843
6.504,1.6194,-0.0668,-0.079,0.001,0.0345,1.0,0.495,-0.133,0.495,-0.133,0.0,7,1,5.843
6.535,1.645,-0.0681,-0.0906,0.0011,0.0345,1.0,0.495,-0.133,0.495,-0.133,0.0,7,1,5.824
6.566,1.645,-0.0681,-0.0906,0.0011,0.0345,1.0,0.5,0.0,0.495,-0.133,0.0,7,1,5.824
6.596,1.645,-0.0681,-0.0906,0.0011,0.0345,1.0,0.5,0.0,0.5,0.0,0.0,7,1,5.824
6.627,1.6758,-0.0703,-0.0987,0.0044,0.0345,1.0,0.5,0.0,0.5,0.0,0.0,7,1,5.801
6.658,1.6758,-0.0703,-0.0987,0.0044,0.0345,1.0,0.5,0.0,0.5,0.0,0.0,7,1,5.801
6.688,1.6758,-0.0703,-0.0987,0.0044,0.0345,1.0,0.5,0.0,0.5,0.0,0.0,7,1,5.801
6.719,1.6984,-0.0727,-0.0966,0.0076,0.0345,1.0,0.5,0.0,0.5,0.0,0.0,7,1,5.785
6.75,1.6984,-0.0727,-0.0966,0.0076,0.0345,1.0,0.499,0.125,0.5,0.0,0.0,7,1,5.785
6.78,1.6984,-0.0727,-0.0966,0.0076,0.0345,1.0,0.499,0.125,0.499,0.125,0.0,7,1,5.785
6.811,1.7267,-0.076,-0.0882,0.0119,0.0345,1.0,0.499,0.125,0.499,0.125,0.0,7,1,5.765
6.842,1.7267,-0.076,-0.0882,0.0119,0.0345,1.0,0.496,0.276,0.499,0.125,0.0,7,1,5.765
6.872,1.7267,-0.076,-0.0882,0.0119,0.0345,1.0,0.496,0.276,0.496,0.276,0.0,7,1,5.765
6.903,1.753,-0.0798,-0.0679,0.0165,0.0345,1.0,0.496,0.276,0.496,0.276,0.0,7,1,5.746
6.934,1.753,-0.0798,-0.0679,0.0165,0.0345,1.0,0.495,0.288,0.496,0.276,0.0,7,1,5.746
6.964,1.753,-0.0798,-0.0679,0.0165,0.0345,1.0,0.495,0.288,0.495,0.288,0.0,7,1,5.746
6.995,1.7725,-0.083,-0.0416,0.0204,0.0345,1.0,0.495,0.288,0.495,0.288,0.0,7,1,5.733
7.025,1.7725,-0.083,-0.0416,0.0204,0.0345,1.0,0.495,0.292,0.495,0.288,0.0,7,1,5.733
7.056,1.7725,-0.083,-0.0416,0.0204,0.0345,1.0,0.495,0.292,0.495,0.292,0.0,7,1,5.733
7.086,1.7969,-0.0863,-0.0082,0.0246,0.0345,1.0,0.495,0.292,0.495,0.292,0.0,7,1,5.716
7.117,1.7969,-0.0863,-0.0082,0.0246,0.0345,1.0,0.495,0.292,0.495,0.292,0.0,7,1,5.716
7.147,1.7969,-0.0863,-0.0082,0.0246,0.0345,1.0,0.495,0.292,0.493,0.284,0.0,7,1,5.716
7.178,1.8166,-0.0883,0.0179,0.0273,0.0345,1.0,0.495,0.292,0.493,0.284,0.0,7,1,5.702
7.209,1.8166,-0.0883,0.0179,0.0273,0.0345,1.0,0.492,0.281,0.493,0.284,0.0,7,1,5.702
7.239,1.8166,-0.0883,0.0179,0.0273,0.0345,1.0,0.492,0.281,0.491,0.266,0.0,7,1,5.702
7.27,1.8414,-0.0901,0.0498,0.0299,0.0345,1.0,0.492,0.281,0.491,0.266,0.0,7,1,5.684
7.305,1.8414,-0.0901,0.0498,0.0289,0.0,1.0,0.492,0.281,0.491,0.266,0.0,8,1,5.684
7.335,1.8414,-0.0901,0.0498,0.0289,0.0,1.0,0.489,0.235,0.491,0.266,0.0,8,1,5.684
7.366,1.8414,-0.0901,0.0498,0.0289,0.0,1.0,0.489,0.235,0.489,0.235,0.0,8,1,5.684
7.397,1.8716,-0.091,0.0862,0.028,0.0,1.0,0.489,0.235,0.489,0.235,0.0,8,1,5.661
7.428,1.8716,-0.091,0.0862,0.028,0.0,1.0,0.488,0.203,0.489,0.235,0.0,8,1,5.661
7.458,1.8716,-0.091,0.0862,0.028,0.0,1.0,0.488,0.203,0.488,0.203,0.0,8,1,5.661
7.489,1.8973,-0.0906,0.1124,0.0284,0.0,1.0,0.488,0.203,0.488,0.203,0.0,8,1,5.641
7.519,1.8973,-0.0906,0.1124,0.0284,0.0,1.0,0.488,0.191,0.488,0.203,0.0,8,1,5.641
7.55,1.8973,-0.0906,0.1124,0.0284,0.0,1.0,0.488,0.191,0.491,0.155,0.0,8,1,5.641
7.581,1.9182,-0.0895,0.1308,0.0295,0.0,1.0,0.488,0.191,0.491,0.155,0.0,8,1,5.624
7.612,1.9182,-0.0895,0.1308,0.0295,0.0,1.0,0.492,0.138,0.491,0.155,0.0,8,1,5.624
7.642,1.9182,-0.0895,0.1308,0.0295,0.0,1.0,0.492,0.138,0.492,0.138,0.0,8,1,5.624
7.673,1.945,-0.0873,0.1497,0.0317,0.0,1.0,0.492,0.138,0.492,0.138,0.0,8,1,5.602
7.704,1.945,-0.0873,0.1497,0.0317,0.0,1.0,0.5,0.0,0.492,0.138,0.0,8,1,5.602
7.735,1.945,-0.0873,0.1497,0.0317,0.0,1.0,0.5,0.0,0.5,0.0,0.0,8,1,5.602
7.766,1.9675,-0.0844,0.1579,0.0346,0.0,1.0,0.5,0.0,0.5,0.0,0.0,8,1,5.583
7.796,1.9675,-0.0844,0.1579,0.0346,0.0,1.0,0.493,-0.313,0.5,0.0,0.0,8,1,5.583
7.827,1.9675,-0.0844,0.1579,0.0346,0.0,1.0,0.493,-0.313,0.493,-0.313,0.0,8,1,5.583
7.858,1.9968,-0.0799,0.1602,0.0391,0.0,1.0,0.493,-0.313,0.493,-0.313,0.0,8,1,5.558
7.889,1.9968,-0.0799,0.1602,0.0391,0.0,1.0,0.491,-0.334,0.493,-0.313,0.0,8,1,5.558
7.92,1.9968,-0.0799,0.1602,0.0391,0.0,1.0,0.491,-0.334,0.491,-0.334,0.0,8,1,5.558
7.951,2.0268,-0.0748,0.1565,0.0442,0.0,0.95,0.491,-0.334,0.491,-0.334,0.0,8,1,5.532
7.981,2.0268,-0.0748,0.1565,0.0442,0.0,0.95,0.489,-0.355,0.491,-0.334,0.0,8,1,5.532
8.012,2.0268,-0.0748,0.1565,0.0442,0.0,0.95,0.489,-0.355,0.489,-0.355,0.0,8,1,5.532
8.044,2.0517,-0.07,0.1448,0.049,0.0,0.95,0.489,-0.355,0.489,-0.355,0.0,8,1,5.51
8.074,2.0517,-0.07,0.1448,0.049,0.0,0.95,0.488,-0.362,0.489,-0.355,0.0,8,1,5.51
8.105,2.0517,-0.07,0.1448,0.049,0.0,0.95,0.488,-0.362,0.488,-0.363,0.0,8,1,5.51
8.136,2.0827,-0.0637,0.1179,0.0553,0.0,0.95,0.488,-0.362,0.488,-0.363,0.0,8,1,5.482
8.167,2.0827,-0.0637,0.1179,0.0553,0.0,0.95,0.487,-0.368,0.488,-0.363,0.0,8,1,5.482
8.197,2.0827,-0.0637,0.1179,0.0553,0.0,0.95,0.487,-0.368,0.486,-0.374,0.0,8,1,5.482
8.229,2.1075,-0.0587,0.0879,0.0603,0.0,0.95,0.487,-0.368,0.486,-0.374,0.0,8,1,5.46
8.259,2.1075,-0.0587,0.0879,0.0603,0.0,0.95,0.487,-0.371,0.486,-0.374,0.0,8,1,5.46
8.289,2.1075,-0.0587,0.0879,0.0603,0.0,0.95,0.487,-0.371,0.487,-0.371,0.0,8,1,5.46
8.32,2.1388,-0.0533,0.0485,0.0657,0.0,0.9,0.487,-0.371,0.487,-0.371,0.0,8,1,5.433
8.355,2.1388,-0.0533,0.0485,0.0158,-0.0555,0.9,0.487,-0.371,0.487,-0.371,0.0,9,1,5.433
8.385,2.1388,-0.0533,0.0485,0.0158,-0.0555,0.9,0.481,-0.367,0.487,-0.371,0.0,9,1,5.433
8.416,2.1388,-0.0533,0.0485,0.0158,-0.0555,0.9,0.481,-0.367,0.481,-0.367,0.0,9,1,5.433
8.447,2.1767,-0.0486,0.0021,0.0227,-0.0555,0.9,0.481,-0.367,0.481,-0.367,0.0,9,1,5.401
8.478,2.1767,-0.0486,0.0021,0.0227,-0.0555,0.9,0.48,-0.349,0.481,-0.367,0.0,9,1,5.401
8.508,2.1767,-0.0486,0.0021,0.0227,-0.0555,0.9,0.48,-0.349,0.478,-0.345,0.0,9,1,5.401
8.539,2.2086,-0.046,-0.0354,0.027,-0.0555,0.9,0.48,-0.349,0.478,-0.345,0.0,9,1,5.376
8.57,2.2086,-0.046,-0.0354,0.027,-0.0555,0.9,0.477,-0.331,0.478,-0.345,0.0,9,1,5.376
8.601,2.2086,-0.046,-0.0354,0.027,-0.0555,0.9,0.477,-0.331,0.477,-0.331,0.0,9,1,5.376
8.632,2.2344,-0.045,-0.0638,0.0294,-0.0555,0.9,0.477,-0.331,0.477,-0.331,0.0,9,1,5.356
8.663,2.2344,-0.045,-0.0638,0.0294,-0.0555,0.9,0.478,-0.299,0.477,-0.331,0.0,9,1,5.356
8.693,2.2344,-0.045,-0.0638,0.0294,-0.0555,0.9,0.478,-0.299,0.478,-0.299,0.0,9,1,5.356
8.724,2.267,-0.0449,-0.0976,0.0314,-0.0555,0.9,0.478,-0.299,0.478,-0.299,0.0,9,1,5.331
8.755,2.267,-0.0449,-0.0976,0.0314,-0.0555,0.9,0.482,-0.262,0.478,-0.299,0.0,9,1,5.331
8.786,2.267,-0.0449,-0.0976,0.0314,-0.0555,0.9,0.482,-0.262,0.482,-0.262,0.0,9,1,5.331
8.817,2.2934,-0.0457,-0.1222,0.0319,-0.0555,0.9,0.482,-0.262,0.482,-0.262,0.0,9,1,5.312
8.848,2.2934,-0.0457,-0.1222,0.0319,-0.0555,0.9,0.489,-0.19,0.482,-0.262,0.0,9,1,5.312
8.879,2.2934,-0.0457,-0.1222,0.0319,-0.0555,0.9,0.489,-0.19,0.489,-0.19,0.0,9,1,5.312
8.911,2.3268,-0.0481,-0.1496,0.0315,-0.0555,0.9,0.489,-0.19,0.489,-0.19,0.0,9,1,5.289
8.941,2.3268,-0.0481,-0.1496,0.0315,-0.0555,0.9,0.492,-0.133,0.489,-0.19,0.0,9,1,5.289
8.972,2.3268,-0.0481,-0.1496,0.0315,-0.0555,0.9,0.492,-0.133,0.492,-0.133,0.0,9,1,5.289
9.003,2.359,-0.0517,-0.1685,0.0296,-0.0555,0.9,0.492,-0.133,0.492,-0.133,0.0,9,1,5.268
9.034,2.359,-0.0517,-0.1685,0.0296,-0.0555,0.9,0.494,-0.112,0.492,-0.133,0.0,9,1,5.268
9.064,2.359,-0.0517,-0.1685,0.0296,-0.0555,0.9,0.494,-0.112,0.5,0.0,0.0,9,1,5.268
9.095,2.3838,-0.0553,-0.1767,0.0274,-0.0555,0.9,0.494,-0.112,0.5,0.0,0.0,9,1,5.252
9.126,2.3838,-0.0553,-0.1767,0.0274,-0.0555,0.9,0.5,0.0,0.5,0.0,0.0,9,1,5.252
9.157,2.3838,-0.0553,-0.1767,0.0274,-0.0555,0.9,0.5,0.0,0.498,0.123,0.0,9,1,5.252
9.188,2.4129,-0.0606,-0.1768,0.0238,-0.0555,0.9,0.5,0.0,0.498,0.123,0.0,9,1,5.234
9.219,2.4129,-0.0606,-0.1768,0.0238,-0.0555,0.9,0.499,0.152,0.498,0.123,0.0,9,1,5.234
9.249,2.4129,-0.0606,-0.1768,0.0238,-0.0555,0.9,0.499,0.152,0.499,0.174,0.0,9,1,5.234
9.28,2.4345,-0.0651,-0.1678,0.0204,-0.0555,0.9,0.499,0.152,0.499,0.174,0.0,9,1,5.221
9.311,2.4345,-0.0651,-0.1678,0.0204,-0.0555,0.9,0.499,0.184,0.499,0.174,0.0,9,1,5.221
9.341,2.4345,-0.0651,-0.1678,0.0204,-0.0555,0.9,0.499,0.184,0.499,0.184,0.0,9,1,5.221
9.373,2.4601,-0.0709,-0.1469,0.0161,-0.0555,0.9,0.499,0.184,0.499,0.184,0.0,9,1,5.207
9.407,2.4601,-0.0709,-0.1469,0.0546,0.0997,0.9,0.499,0.184,0.499,0.184,0.0,10,1,5.207
9.437,2.4601,-0.0709,-0.1469,0.0546,0.0997,0.9,0.499,0.209,0.499,0.184,0.0,10,1,5.207
9.467,2.4601,-0.0709,-0.1469,0.0546,0.0997,0.9,0.499,0.209,0.499,0.21,0.0,10,1,5.207
9.498,2.4903,-0.0775,-0.1156,0.0409,0.0997,0.9,0.499,0.209,0.499,0.21,0.0,10,1,5.189
9.529,2.4903,-0.0775,-0.1156,0.0409,0.0997,0.9,0.499,0.211,0.499,0.21,0.0,10,1,5.189
9.56,2.4903,-0.0775,-0.1156,0.0409,0.0997,0.9,0.499,0.211,0.499,0.208,0.0,10,1,5.189
9.591,2.5155,-0.0823,-0.0889,0.0336,0.0997,0.9,0.499,0.211,0.499,0.208,0.0,10,1,5.175
9.622,2.5155,-0.0823,-0.0889,0.0336,0.0997,0.9,0.498,0.202,0.499,0.208,0.0,10,1,5.175
9.652,2.5155,-0.0823,-0.0889,0.0336,0.0997,0.9,0.498,0.202,0.497,0.185,0.0,10,1,5.175
9.683,2.5359,-0.0856,-0.0684,0.0283,0.0997,0.9,0.498,0.202,0.497,0.185,0.0,10,1,5.162
9.714,2.5359,-0.0856,-0.0684,0.0283,0.0997,0.9,0.496,0.175,0.497,0.185,0.0,10,1,5.162
9.745,2.5359,-0.0856,-0.0684,0.0283,0.0997,0.9,0.496,0.175,0.496,0.175,0.0,10,1,5.162
9.776,2.5617,-0.089,-0.0444,0.0224,0.0997,0.9,0.496,0.175,0.496,0.175,0.0,10,1,5.146
9.807,2.5617,-0.089,-0.0444,0.0224,0.0997,0.9,0.495,0.141,0.496,0.175,0.0,10,1,5.146
9.837,2.5617,-0.089,-0.0444,0.0224,0.0997,0.9,0.495,0.141,0.495,0.141,0.0,10,1,5.146
9.869,2.5881,-0.0915,-0.0237,0.0172,0.0997,0.9,0.495,0.141,0.495,0.141,0.0,10,1,5.129
9.9,2.5881,-0.0915,-0.0237,0.0172,0.0997,0.9,0.48,0.31,0.495,0.141,0.0,10,1,5.129
9.93,2.5881,-0.0915,-0.0237,0.0172,0.0997,0.9,0.48,0.31,0.48,0.31,0.0,10,1,5.129
9.962,2.6101,-0.0929,-0.0111,0.0136,0.0997,0.9,0.48,0.31,0.48,0.31,0.0,10,1,5.114
9.992,2.6101,-0.0929,-0.0111,0.0136,0.0997,0.9,0.482,0.3,0.48,0.31,0.0,10,1,5.114
10.023,2.6101,-0.0929,-0.0111,0.0136,0.0997,0.9,0.482,0.3,0.482,0.297,0.0,10,1,5.114
10.054,2.6388,-0.0938,-0.0033,0.0098,0.0997,0.9,0.482,0.3,0.482,0.297,0.0,10,1,5.095
10.084,2.6388,-0.0938,-0.0033,0.0098,0.0997,0.9,0.484,0.287,0.482,0.297,0.0,10,1,5.095
10.115,2.6388,-0.0938,-0.0033,0.0098,0.0997,0.9,0.484,0.287,0.482,0.304,0.0,10,1,5.095
10.146,2.6585,-0.095,0.0121,0.0067,0.0997,0.95,0.484,0.287,0.482,0.304,0.0,10,1,5.082
10.176,2.6585,-0.095,0.0121,0.0067,0.0997,0.95,0.484,0.296,0.482,0.304,0.0,10,1,5.082
10.207,2.6585,-0.095,0.0121,0.0067,0.0997,0.95,0.484,0.296,0.484,0.296,0.0,10,1,5.082
10.238,2.6834,-0.0968,0.0431,0.0024,0.0997,0.95,0.484,0.296,0.484,0.296,0.0,10,1,5.065
10.269,2.6834,-0.0968,0.0431,0.0024,0.0997,0.95,0.488,0.293,0.484,0.296,0.0,10,1,5.065
10.299,2.6834,-0.0968,0.0431,0.0024,0.0997,0.95,0.488,0.293,0.488,0.293,0.0,10,1,5.065
10.33,2.7081,-0.098,0.0754,0.0012,0.0997,0.95,0.488,0.293,0.488,0.293,0.0,10,1,5.049
10.361,2.7081,-0.098,0.0754,0.0012,0.0997,0.95,0.488,0.308,0.488,0.293,0.0,10,1,5.049
10.392,2.7081,-0.098,0.0754,0.0012,0.0997,0.95,0.488,0.308,0.488,0.308,0.0,10,1,5.049
10.423,2.728,-0.0984,0.1015,0.0036,0.0997,0.95,0.488,0.308,0.488,0.308,0.0,10,1,5.035
10.457,2.728,-0.0984,0.1015,0.0221,0.0,0.95,0.488,0.308,0.488,0.308,0.0,11,1,5.035
10.488,2.728,-0.0984,0.1015,0.0221,0.0,0.95,0.488,0.294,0.488,0.308,0.0,11,1,5.035
10.518,2.728,-0.0984,0.1015,0.0221,0.0,0.95,0.488,0.294,0.488,0.294,0.0,11,1,5.035
10.549,2.7575,-0.0981,0.1417,0.0209,0.0,0.95,0.488,0.294,0.488,0.294,0.0,11,1,5.015
10.58,2.7575,-0.0981,0.1417,0.0209,0.0,0.95,0.484,0.287,0.488,0.294,0.0,11,1,5.015
10.611,2.7575,-0.0981,0.1417,0.0209,0.0,0.95,0.484,0.287,0.484,0.287,0.0,11,1,5.015
10.642,2.7774,-0.0971,0.1669,0.0219,0.0,0.95,0.484,0.287,0.484,0.287,0.0,11,1,5.0
10.674,2.7774,-0.0971,0.1669,0.0219,0.0,0.95,0.483,0.264,0.484,0.287,0.0,11,1,5.0
10.705,2.7774,-0.0971,0.1669,0.0219,0.0,0.95,0.483,0.264,0.483,0.28,0.0,11,1,5.0
10.737,2.7974,-0.0955,0.1913,0.0235,0.0,0.95,0.483,0.264,0.483,0.28,0.0,11,1,4.985
10.768,2.7974,-0.0955,0.1913,0.0235,0.0,0.95,0.482,0.271,0.483,0.28,0.0,11,1,4.985
10.799,2.7974,-0.0955,0.1913,0.0235,0.0,0.95,0.482,0.271,0.482,0.271,0.0,11,1,4.985
10.83,2.8175,-0.0933,0.215,0.0257,0.0,0.9,0.482,0.271,0.482,0.271,0.0,11,1,4.97
10.861,2.8175,-0.0933,0.215,0.0257,0.0,0.9,0.484,0.244,0.482,0.271,0.0,11,1,4.97
10.891,2.8175,-0.0933,0.215,0.0257,0.0,0.9,0.484,0.244,0.484,0.244,0.0,11,1,4.97
10.923,2.8376,-0.0906,0.2376,0.0284,0.0,0.9,0.484,0.244,0.484,0.244,0.0,11,1,4.954
10.955,2.8376,-0.0906,0.2376,0.0284,0.0,0.9,0.486,0.223,0.484,0.244,0.0,11,1,4.954
10.985,2.8376,-0.0906,0.2376,0.0284,0.0,0.9,0.486,0.223,0.481,0.269,0.0,11,1,4.954
11.016,2.8629,-0.0864,0.2647,0.0326,0.0,0.9,0.486,0.223,0.481,0.269,0.0,11,1,4.933
11.047,2.8629,-0.0864,0.2647,0.0326,0.0,0.9,0.483,0.253,0.481,0.269,0.0,11,1,4.933
11.077,2.8629,-0.0864,0.2647,0.0326,0.0,0.9,0.483,0.253,0.485,0.245,0.0,11,1,4.933
11.108,2.8832,-0.0823,0.2844,0.0357,0.3218,0.9,0.483,0.253,0.485,0.245,0.0,11,1,4.917
11.139,2.8832,-0.0823,0.2844,0.0357,0.3218,0.9,0.487,0.228,0.485,0.245,0.0,11,1,4.917
11.169,2.8832,-0.0823,0.2844,0.0357,0.3218,0.9,0.487,0.228,0.487,0.228,0.0,11,1,4.917
11.2,2.9082,-0.077,0.312,0.0329,0.3218,0.9,0.487,0.228,0.487,0.228,0.0,11,1,4.896
11.231,2.9082,-0.077,0.312,0.0329,0.3218,0.9,0.485,0.257,0.487,0.228,0.0,11,1,4.896
11.261,2.9082,-0.077,0.312,0.0329,0.3218,0.9,0.485,0.257,0.485,0.257,0.0,11,1,4.896
11.292,2.9253,-0.073,0.3312,0.0313,0.3218,0.85,0.485,0.257,0.485,0.257,0.0,11,1,4.881
11.323,2.9253,-0.073,0.3312,0.0313,0.3218,0.85,0.488,0.233,0.485,0.257,0.0,11,1,4.881
11.354,2.9253,-0.073,0.3312,0.0313,0.3218,0.85,0.488,0.233,0.488,0.233,0.0,11,1,4.881
11.385,2.9448,-0.0682,0.359,0.0296,0.3218,0.85,0.488,0.233,0.488,0.233,0.0,11,1,4.864
11.415,2.9448,-0.0682,0.359,0.0296,0.3218,0.85,0.487,0.257,0.488,0.233,0.0,11,1,4.864
11.446,2.9448,-0.0682,0.359,0.0296,0.3218,0.85,0.487,0.257,0.487,0.257,0.0,11,1,4.864
11.476,2.9696,-0.0615,0.3948,0.0281,0.3218,0.8,0.487,0.257,0.487,0.257,0.0,11,1,4.843
11.507,2.9696,-0.0615,0.3948,0.0281,0.3218,0.8,0.487,0.25,0.487,0.257,0.0,11,1,4.843
11.537,2.9696,-0.0615,0.3948,0.0281,0.3218,0.8,0.487,0.25,0.487,0.25,0.0,11,1,4.843
11.568,2.9892,-0.0557,0.4242,0.0274,0.3218,0.8,0.487,0.25,0.487,0.25,0.0,11,1,4.825
11.599,2.9892,-0.0557,0.4242,0.0274,0.3218,0.8,0.485,0.272,0.487,0.25,0.0,11,1,4.825
11.63,2.9892,-0.0557,0.4242,0.0274,0.3218,0.8,0.485,0.272,0.486,0.256,0.0,11,1,4.825
11.661,3.013,-0.0477,0.4607,0.0275,0.3218,0.8,0.485,0.272,0.486,0.256,0.0,11,1,4.803
11.691,3.013,-0.0477,0.4607,0.0275,0.3218,0.8,0.486,0.249,0.486,0.256,0.0,11,1,4.803
11.722,3.013,-0.0477,0.4607,0.0275,0.3218,0.8,0.486,0.249,0.486,0.249,0.0,11,1,4.803
11.753,3.0366,-0.0384,0.4917,0.0288,0.3218,0.8,0.486,0.249,0.486,0.249,0.0,11,1,4.78
11.783,3.0366,-0.0384,0.4917,0.0288,0.3218,0.8,0.484,0.246,0.486,0.249,0.0,11,1,4.78
11.814,3.0366,-0.0384,0.4917,0.0288,0.3218,0.8,0.484,0.246,0.485,0.223,0.0,11,1,4.78
11.845,3.0527,-0.0312,0.5088,0.0305,0.3218,0.8,0.484,0.246,0.485,0.223,0.0,11,1,4.764
11.876,3.0527,-0.0312,0.5088,0.0305,0.3218,0.8,0.486,0.211,0.485,0.223,0.0,11,1,4.764
11.906,3.0527,-0.0312,0.5088,0.0305,0.3218,0.8,0.486,0.211,0.486,0.211,0.0,11,1,4.764
11.938,3.0712,-0.0223,0.5264,0.0332,0.3218,0.75,0.486,0.211,0.486,0.211,0.0,11,1,4.745
11.968,3.0712,-0.0223,0.5264,0.0332,0.3218,0.75,0.486,0.206,0.486,0.211,0.0,11,1,4.745
11.999,3.0712,-0.0223,0.5264,0.0332,0.3218,0.75,0.486,0.206,0.486,0.206,0.0,11,1,4.745
12.029,3.0898,-0.0131,0.5463,0.036,0.3218,0.75,0.486,0.206,0.486,0.206,0.0,11,1,4.726
12.06,3.0898,-0.0131,0.5463,0.036,0.3218,0.75,0.488,0.183,0.486,0.206,0.0,11,1,4.726
12.09,3.0898,-0.0131,0.5463,0.036,0.3218,0.75,0.488,0.183,0.49,0.172,0.0,11,1,4.726
12.122,3.113,-0.0008,0.5687,0.0403,0.3218,0.7,0.488,0.183,0.49,0.172,0.0,11,1,4.701
12.152,3.113,-0.0008,0.5687,0.0403,0.3218,0.7,0.492,0.155,0.49,0.172,0.0,11,1,4.701
12.183,3.113,-0.0008,0.5687,0.0403,0.3218,0.7,0.492,0.155,0.491,0.187,0.0,11,1,4.701
12.213,3.1315,0.0097,0.5847,0.0445,0.3218,0.7,0.492,0.155,0.491,0.187,0.0,11,1,4.681
12.247,3.1315,0.0097,0.5847,0.0218,0.4636,0.7,0.492,0.155,0.491,0.187,0.0,12,1,4.681
12.278,3.1315,0.0097,0.5847,0.0218,0.4636,0.7,0.494,0.156,0.491,0.187,0.0,12,1,4.681
12.309,3.1315,0.0097,0.5847,0.0218,0.4636,0.7,0.494,0.156,0.494,0.156,0.0,12,1,4.681
12.339,3.164,0.0294,0.6087,0.014,0.4636,0.7,0.494,0.156,0.494,0.156,0.0,12,1,4.645
12.37,3.164,0.0294,0.6087,0.014,0.4636,0.7,0.495,0.161,0.494,0.156,0.0,12,1,4.645
12.4,3.164,0.0294,0.6087,0.014,0.4636,0.7,0.495,0.161,0.495,0.161,0.0,12,1,4.645
12.431,3.1824,0.0411,0.6216,0.0117,0.4636,0.7,0.495,0.161,0.495,0.161,0.0,12,1,4.624
12.462,3.1824,0.0411,0.6216,0.0117,0.4636,0.7,0.495,0.149,0.495,0.161,0.0,12,1,4.624
12.493,3.1824,0.0411,0.6216,0.0117,0.4636,0.7,0.495,0.149,0.496,0.138,0.0,12,1,4.624
12.524,3.2052,0.0562,0.6368,0.0084,0.4636,0.7,0.495,0.149,0.496,0.138,0.0,12,1,4.598
12.554,3.2052,0.0562,0.6368,0.0084,0.4636,0.7,0.496,0.116,0.496,0.138,0.0,12,1,4.598
12.584,3.2052,0.0562,0.6368,0.0084,0.4636,0.7,0.496,0.116,0.496,0.139,0.0,12,1,4.598
12.615,3.2232,0.0682,0.651,0.0057,0.4636,0.65,0.496,0.116,0.496,0.139,0.0,12,1,4.577
12.646,3.2232,0.0682,0.651,0.0057,0.4636,0.65,0.497,0.12,0.496,0.139,0.0,12,1,4.577
12.677,3.2232,0.0682,0.651,0.0057,0.4636,0.65,0.497,0.12,0.497,0.12,0.0,12,1,4.577
12.708,3.2455,0.0839,0.6668,0.0017,0.4636,0.65,0.497,0.12,0.497,0.12,0.0,12,1,4.55
12.738,3.2455,0.0839,0.6668,0.0017,0.4636,0.65,0.494,0.215,0.497,0.12,0.0,12,1,4.55
12.769,3.2455,0.0839,0.6668,0.0017,0.4636,0.65,0.494,0.215,0.494,0.215,0.0,12,1,4.55
12.8,3.2677,0.1,0.6823,0.0028,0.4636,0.65,0.494,0.215,0.494,0.215,0.0,12,1,4.524
12.83,3.2677,0.1,0.6823,0.0028,0.4636,0.65,0.495,0.202,0.494,0.215,0.0,12,1,4.524
12.861,3.2677,0.1,0.6823,0.0028,0.4636,0.65,0.495,0.202,0.495,0.202,0.0,12,1,4.524
12.892,3.2846,0.1119,0.7026,0.0059,0.4636,0.7,0.495,0.202,0.495,0.202,0.0,12,1,4.504
12.922,3.2846,0.1119,0.7026,0.0059,0.4636,0.7,0.495,0.195,0.495,0.202,0.0,12,1,4.504
12.953,3.2846,0.1119,0.7026,0.0059,0.4636,0.7,0.495,0.195,0.495,0.195,0.0,12,1,4.504
12.984,3.3055,0.1274,0.7268,0.0104,0.4636,0.7,0.495,0.195,0.495,0.195,0.0,12,1,4.478
13.015,3.3055,0.1274,0.7268,0.0104,0.4636,0.7,0.496,0.19,0.495,0.195,0.0,12,1,4.478
13.045,3.3055,0.1274,0.7268,0.0104,0.4636,0.7,0.496,0.19,0.496,0.19,0.0,12,1,4.478
13.077,3.322,0.1403,0.7453,0.0146,0.4636,0.7,0.496,0.19,0.496,0.19,0.0,12,1,4.458
13.108,3.322,0.1403,0.7453,0.0146,0.4636,0.7,0.496,0.182,0.496,0.19,0.0,12,1,4.458
13.138,3.322,0.1403,0.7453,0.0146,0.4636,0.7,0.496,0.182,0.496,0.163,0.0,12,1,4.458
13.169,3.3424,0.157,0.7677,0.0139,0.7854,0.65,0.496,0.182,0.496,0.163,0.0,12,1,4.432
13.199,3.3424,0.157,0.7677,0.0139,0.7854,0.65,0.496,0.15,0.496,0.163,0.0,12,1,4.432
13.23,3.3424,0.157,0.7677,0.0139,0.7854,0.65,0.496,0.15,0.496,0.15,0.0,12,1,4.432
13.261,3.3624,0.1743,0.7886,0.012,0.7854,0.65,0.496,0.15,0.496,0.15,0.0,12,1,4.405
13.293,3.3624,0.1743,0.7886,0.0178,0.4636,0.65,0.496,0.15,0.496,0.15,0.0,13,1,4.405
13.323,3.3624,0.1743,0.7886,0.0178,0.4636,0.65,0.5,0.0,0.496,0.15,0.0,13,1,4.405
13.354,3.3624,0.1743,0.7886,0.0178,0.4636,0.65,0.5,0.0,0.5,0.0,0.0,13,1,4.405
13.385,3.3813,0.1919,0.8032,0.0105,0.4636,0.65,0.5,0.0,0.5,0.0,0.0,13,1,4.38
13.416,3.3813,0.1919,0.8032,0.0105,0.4636,0.65,0.5,0.0,0.5,0.0,0.0,13,1,4.38
13.446,3.3813,0.1919,0.8032,0.0105,0.4636,0.65,0.5,0.0,0.5,0.0,0.0,13,1,4.38
13.477,3.3949,0.2058,0.806,0.0042,0.4636,0.65,0.5,0.0,0.5,0.0,0.0,13,1,4.36
13.508,3.3949,0.2058,0.806,0.0042,0.4636,0.65,0.5,0.0,0.5,0.0,0.0,13,1,4.36
13.538,3.3949,0.2058,0.806,0.0042,0.4636,0.65,0.5,0.0,0.5,0.0,0.0,13,1,4.36
13.569,3.4147,0.2262,0.8079,0.0052,0.4636,0.6,0.5,0.0,0.5,0.0,0.0,13,1,4.332
13.6,3.4147,0.2262,0.8079,0.0052,0.4636,0.6,0.499,-0.13,0.5,0.0,0.0,13,1,4.332
13.631,3.4147,0.2262,0.8079,0.0052,0.4636,0.6,0.499,-0.13,0.499,-0.13,0.0,13,1,4.332
13.662,3.4313,0.2439,0.8045,0.0125,0.7854,0.6,0.499,-0.13,0.499,-0.13,0.0,13,1,4.308
13.692,3.4313,0.2439,0.8045,0.0125,0.7854,0.6,0.499,-0.15,0.499,-0.13,0.0,13,1,4.308
13.723,3.4313,0.2439,0.8045,0.0125,0.7854,0.6,0.499,-0.15,0.499,-0.15,0.0,13,1,4.308
13.754,3.4528,0.2676,0.7909,0.014,0.7854,0.55,0.499,-0.15,0.499,-0.15,0.0,13,1,4.276
13.785,3.4528,0.2676,0.7909,0.014,0.7854,0.55,0.5,-0.158,0.499,-0.15,0.0,13,1,4.276
13.815,3.4528,0.2676,0.7909,0.014,0.7854,0.55,0.5,-0.158,0.5,-0.158,0.0,13,1,4.276
13.846,3.475,0.2918,0.7716,0.0155,0.7854,0.55,0.5,-0.158,0.5,-0.158,0.0,13,1,4.243
13.876,3.475,0.2918,0.7716,0.0155,0.7854,0.55,0.5,-0.16,0.5,-0.158,0.0,13,1,4.243
13.907,3.475,0.2918,0.7716,0.0155,0.7854,0.55,0.5,-0.16,0.5,-0.16,0.0,13,1,4.243
13.938,3.4931,0.3111,0.7549,0.0162,0.7854,0.5,0.5,-0.16,0.5,-0.16,0.0,13,1,4.216
13.969,3.4931,0.3111,0.7549,0.0162,0.7854,0.5,0.5,-0.154,0.5,-0.16,0.0,13,1,4.216
13.999,3.4931,0.3111,0.7549,0.0162,0.7854,0.5,0.5,-0.154,0.499,-0.145,0.0,13,1,4.216
14.031,3.5161,0.3342,0.7372,0.0164,0.7854,0.5,0.5,-0.154,0.499,-0.145,0.0,13,1,4.184
14.062,3.5161,0.3342,0.7372,0.0164,0.7854,0.5,0.499,-0.133,0.499,-0.145,0.0,13,1,4.184
14.092,3.5161,0.3342,0.7372,0.0164,0.7854,0.5,0.499,-0.133,0.499,-0.114,0.0,13,1,4.184
14.123,3.539,0.3562,0.7245,0.0157,0.7854,0.45,0.499,-0.133,0.499,-0.114,0.0,13,1,4.152
14.154,3.539,0.3562,0.7245,0.0157,0.7854,0.45,0.5,0.0,0.499,-0.114,0.0,13,1,4.152
14.184,3.539,0.3562,0.7245,0.0157,0.7854,0.45,0.5,0.0,0.5,0.0,0.0,13,1,4.152
14.215,3.5573,0.373,0.7177,0.0146,0.7854,0.45,0.5,0.0,0.5,0.0,0.0,13,1,4.128
14.249,3.5573,0.373,0.7177,0.0647,0.7854,0.45,0.5,0.0,0.5,0.0,0.0,14,1,4.128
14.28,3.5573,0.373,0.7177,0.0647,0.7854,0.45,0.5,0.0,0.5,0.0,0.0,14,1,4.128
14.31,3.5573,0.373,0.7177,0.0647,0.7854,0.45,0.5,0.0,0.5,0.0,0.0,14,1,4.128
14.341,3.5834,0.3953,0.7237,0.0358,0.7854,0.5,0.5,0.0,0.5,0.0,0.0,14,1,4.094
14.372,3.5834,0.3953,0.7237,0.0358,0.7854,0.5,0.499,0.118,0.5,0.0,0.0,14,1,4.094
14.402,3.5834,0.3953,0.7237,0.0358,0.7854,0.5,0.499,0.118,0.5,0.129,0.0,14,1,4.094
14.433,3.605,0.4134,0.7342,0.0259,0.7854,0.5,0.499,0.118,0.5,0.129,0.0,14,1,4.066
14.464,3.605,0.4134,0.7342,0.0259,0.7854,0.5,0.5,0.142,0.5,0.129,0.0,14,1,4.066
14.495,3.605,0.4134,0.7342,0.0259,0.7854,0.5,0.5,0.142,0.5,0.155,0.0,14,1,4.066
14.526,3.6216,0.4267,0.751,0.0282,0.7854,0.55,0.5,0.142,0.5,0.155,0.0,14,1,4.045
14.556,3.6216,0.4267,0.751,0.0282,0.7854,0.55,0.5,0.155,0.5,0.155,0.0,14,1,4.045
14.587,3.6216,0.4267,0.751,0.0282,0.7854,0.55,0.5,0.155,0.5,0.155,0.0,14,1,4.045
14.618,3.6419,0.4436,0.7722,0.0306,0.7854,0.55,0.5,0.155,0.5,0.155,0.0,14,1,4.019
14.649,3.6419,0.4436,0.7722,0.0306,0.7854,0.55,0.5,0.148,0.5,0.155,0.0,14,1,4.019
14.68,3.6419,0.4436,0.7722,0.0306,0.7854,0.55,0.5,0.148,0.5,0.148,0.0,14,1,4.019
14.711,3.6618,0.461,0.7935,0.0324,0.7854,0.6,0.5,0.148,0.5,0.148,0.0,14,1,3.993
14.742,3.6618,0.461,0.7935,0.0324,0.7854,0.6,0.496,0.232,0.5,0.148,0.0,14,1,3.993
14.772,3.6618,0.461,0.7935,0.0324,0.7854,0.6,0.496,0.232,0.496,0.232,0.0,14,1,3.993
14.803,3.6776,0.4754,0.8097,0.0334,0.7854,0.6,0.496,0.232,0.496,0.232,0.0,14,1,3.972
14.833,3.6776,0.4754,0.8097,0.0334,0.7854,0.6,0.495,0.214,0.496,0.232,0.0,14,1,3.972
14.864,3.6776,0.4754,0.8097,0.0334,0.7854,0.6,0.495,0.214,0.495,0.214,0.0,14,1,3.972
14.895,3.6966,0.4928,0.8351,0.0345,0.7854,0.6,0.495,0.214,0.495,0.214,0.0,14,1,3.946
14.926,3.6966,0.4928,0.8351,0.0345,0.7854,0.6,0.493,0.239,0.495,0.214,0.0,14,1,3.946
14.956,3.6966,0.4928,0.8351,0.0345,0.7854,0.6,0.493,0.239,0.492,0.226,0.0,14,1,3.946
14.988,3.7153,0.5107,0.8611,0.0351,0.7854,0.55,0.493,0.239,0.492,0.226,0.0,14,1,3.92
15.018,3.7153,0.5107,0.8611,0.0351,0.7854,0.55,0.492,0.221,0.492,0.226,0.0,14,1,3.92
15.049,3.7153,0.5107,0.8611,0.0351,0.7854,0.55,0.492,0.221,0.493,0.207,0.0,14,1,3.92
15.081,3.7298,0.5254,0.8813,0.0349,0.7854,0.55,0.492,0.221,0.493,0.207,0.0,14,1,3.9
15.112,3.7298,0.5254,0.8813,0.0349,0.7854,0.55,0.491,0.235,0.493,0.207,0.0,14,1,3.9
15.142,3.7298,0.5254,0.8813,0.0349,0.7854,0.55,0.491,0.235,0.492,0.219,0.0,14,1,3.9
15.173,3.7476,0.5443,0.9063,0.0342,0.7854,0.55,0.491,0.235,0.492,0.219,0.0,14,1,3.874
15.204,3.7476,0.5443,0.9063,0.0342,0.7854,0.55,0.492,0.21,0.492,0.219,0.0,14,1,3.874
15.234,3.7476,0.5443,0.9063,0.0342,0.7854,0.55,0.492,0.21,0.492,0.21,0.0,14,1,3.874
15.265,3.7615,0.5597,0.9256,0.0331,0.7854,0.5,0.492,0.21,0.492,0.21,0.0,14,1,3.853
15.3,3.7615,0.5597,0.9256,0.0331,0.7854,0.5,0.492,0.21,0.492,0.21,0.0,15,1,3.853
15.33,3.7615,0.5597,0.9256,0.0331,0.7854,0.5,0.491,0.215,0.492,0.21,0.0,15,1,3.853
15.361,3.7615,0.5597,0.9256,0.0331,0.7854,0.5,0.491,0.215,0.491,0.215,0.0,15,1,3.853
15.392,3.7852,0.5876,0.9593,0.0302,0.7854,0.5,0.491,0.215,0.491,0.215,0.0,15,1,3.817
15.422,3.7852,0.5876,0.9593,0.0302,0.7854,0.5,0.491,0.207,0.491,0.215,0.0,15,1,3.817
15.453,3.7852,0.5876,0.9593,0.0302,0.7854,0.5,0.491,0.207,0.492,0.189,0.0,15,1,3.817
15.484,3.7983,0.6038,0.9783,0.0279,0.7854,0.5,0.491,0.207,0.492,0.189,0.0,15,1,3.796
15.515,3.7983,0.6038,0.9783,0.0279,0.7854,0.5,0.49,0.225,0.492,0.189,0.0,15,1,3.796
15.546,3.7983,0.6038,0.9783,0.0279,0.7854,0.5,0.49,0.225,0.491,0.209,0.0,15,1,3.796
15.577,3.8142,0.6246,1.0019,0.0245,0.7854,0.45,0.49,0.225,0.491,0.209,0.0,15,1,3.77
15.608,3.8142,0.6246,1.0019,0.0245,0.7854,0.45,0.492,0.201,0.491,0.209,0.0,15,1,3.77
15.639,3.8142,0.6246,1.0019,0.0245,0.7854,0.45,0.492,0.201,0.491,0.222,0.0,15,1,3.77
15.671,3.8297,0.6457,1.0249,0.0205,0.7854,0.45,0.492,0.201,0.491,0.222,0.0,15,1,3.743
15.701,3.8297,0.6457,1.0249,0.0205,0.7854,0.45,0.492,0.209,0.491,0.222,0.0,15,1,3.743
15.732,3.8297,0.6457,1.0249,0.0205,0.7854,0.45,0.492,0.209,0.492,0.209,0.0,15,1,3.743
15.763,3.8417,0.6628,1.0443,0.0169,0.7854,0.4,0.492,0.209,0.492,0.209,0.0,15,1,3.723
15.795,3.8417,0.6628,1.0443,0.0169,0.7854,0.4,0.5,0.0,0.492,0.209,0.0,15,1,3.723
15.825,3.8417,0.6628,1.0443,0.0169,0.7854,0.4,0.5,0.0,0.5,0.0,0.0,15,1,3.723
15.856,3.8562,0.6843,1.069,0.0119,0.7854,0.4,0.5,0.0,0.5,0.0,0.0,15,1,3.697
15.887,3.8562,0.6843,1.069,0.0119,0.7854,0.4,0.5,0.0,0.5,0.0,0.0,15,1,3.697
15.917,3.8562,0.6843,1.069,0.0119,0.7854,0.4,0.5,0.0,0.5,0.0,0.0,15,1,3.697
15.948,3.8676,0.7026,1.0857,0.0071,0.7854,0.45,0.5,0.0,0.5,0.0,0.0,15,1,3.676
15.979,3.8676,0.7026,1.0857,0.0071,0.7854,0.45,0.5,0.0,0.5,0.0,0.0,15,1,3.676
16.009,3.8676,0.7026,1.0857,0.0071,0.7854,0.45,0.5,0.0,0.496,0.111,0.0,15,1,3.676
16.04,3.8819,0.7283,1.0945,0.001,0.7854,0.45,0.5,0.0,0.496,0.111,0.0,15,1,3.647
16.071,3.8819,0.7283,1.0945,0.001,0.7854,0.45,0.5,0.0,0.496,0.111,0.0,15,1,3.647
16.101,3.8819,0.7283,1.0945,0.001,0.7854,0.45,0.5,0.0,0.5,0.0,0.0,15,1,3.647
16.132,3.8955,0.7544,1.0963,0.0098,0.7854,0.45,0.5,0.0,0.5,0.0,0.0,15,1,3.618
16.163,3.8955,0.7544,1.0963,0.0098,0.7854,0.45,0.5,0.0,0.5,0.0,0.0,15,1,3.618
16.193,3.8955,0.7544,1.0963,0.0098,0.7854,0.45,0.5,0.0,0.5,0.0,0.0,15,1,3.618
16.224,3.9064,0.7754,1.0977,0.017,0.7854,0.4,0.5,0.0,0.5,0.0,0.0,15,1,3.595
16.255,3.9064,0.7754,1.0977,0.017,0.7854,0.4,0.499,-0.132,0.5,0.0,0.0,15,1,3.595
16.285,3.9064,0.7754,1.0977,0.017,0.7854,0.4,0.499,-0.132,0.499,-0.132,0.0,15,1,3.595
16.316,3.9199,0.8016,1.0994,0.0259,0.7854,0.45,0.499,-0.132,0.499,-0.132,0.0,15,1,3.566
16.349,3.9199,0.8016,1.0994,0.0864,0.7854,0.45,0.499,-0.132,0.499,-0.132,0.0,16,1,3.566
16.379,3.9199,0.8016,1.0994,0.0864,0.7854,0.45,0.435,-0.187,0.499,-0.132,0.0,16,1,3.566
16.41,3.9199,0.8016,1.0994,0.0864,0.7854,0.45,0.435,-0.187,0.434,-0.191,0.0,16,1,3.566
16.441,3.9365,0.8361,1.0851,0.0674,0.7854,0.45,0.435,-0.187,0.434,-0.191,0.0,16,1,3.529
16.472,3.9365,0.8361,1.0851,0.0674,0.7854,0.45,0.434,-0.195,0.434,-0.191,0.0,16,1,3.529
16.502,3.9365,0.8361,1.0851,0.0674,0.7854,0.45,0.434,-0.195,0.434,-0.195,0.0,16,1,3.529
16.534,3.9507,0.8655,1.0673,0.0567,0.7854,0.45,0.434,-0.195,0.434,-0.195,0.0,16,1,3.498
16.565,3.9507,0.8655,1.0673,0.0567,0.7854,0.45,0.498,-0.231,0.434,-0.195,0.0,16,1,3.498
16.595,3.9507,0.8655,1.0673,0.0567,0.7854,0.45,0.498,-0.231,0.498,-0.236,0.0,16,1,3.498
16.626,3.9624,0.8888,1.0528,0.0485,0.7854,0.5,0.498,-0.231,0.498,-0.236,0.0,16,1,3.472
16.658,3.9624,0.8888,1.0528,0.0485,0.7854,0.5,0.498,-0.233,0.498,-0.236,0.0,16,1,3.472
16.688,3.9624,0.8888,1.0528,0.0485,0.7854,0.5,0.498,-0.233,0.498,-0.233,0.0,16,1,3.472
16.719,3.9777,0.9187,1.0287,0.0381,0.7854,0.5,0.498,-0.233,0.498,-0.233,0.0,16,1,3.44
16.75,3.9777,0.9187,1.0287,0.0381,0.7854,0.5,0.497,-0.224,0.498,-0.233,0.0,16,1,3.44
16.78,3.9777,0.9187,1.0287,0.0381,0.7854,0.5,0.497,-0.224,0.497,-0.224,0.0,16,1,3.44
16.811,3.9904,0.9424,1.0099,0.0304,0.7854,0.5,0.497,-0.224,0.497,-0.224,0.0,16,1,3.414
16.842,3.9904,0.9424,1.0099,0.0304,0.7854,0.5,0.494,-0.249,0.497,-0.224,0.0,16,1,3.414
16.873,3.9904,0.9424,1.0099,0.0304,0.7854,0.5,0.494,-0.249,0.494,-0.249,0.0,16,1,3.414
16.904,4.0068,0.9712,0.9883,0.0217,0.7854,0.5,0.494,-0.249,0.494,-0.249,0.0,16,1,3.381
16.936,4.0068,0.9712,0.9883,0.0217,0.7854,0.5,0.492,-0.253,0.494,-0.249,0.0,16,1,3.381
16.966,4.0068,0.9712,0.9883,0.0217,0.7854,0.5,0.492,-0.253,0.492,-0.253,0.0,16,1,3.381
16.997,4.0239,0.9998,0.9657,0.0135,0.7854,0.55,0.492,-0.253,0.492,-0.253,0.0,16,1,3.348
17.028,4.0239,0.9998,0.9657,0.0135,0.7854,0.55,0.492,-0.249,0.492,-0.253,0.0,16,1,3.348
17.058,4.0239,0.9998,0.9657,0.0135,0.7854,0.55,0.492,-0.249,0.492,-0.236,0.0,16,1,3.348
17.089,4.0381,1.0225,0.9472,0.0075,0.7854,0.55,0.492,-0.249,0.492,-0.236,0.0,16,1,3.322
17.12,4.0381,1.0225,0.9472,0.0075,0.7854,0.55,0.492,-0.232,0.492,-0.236,0.0,16,1,3.322
17.15,4.0381,1.0225,0.9472,0.0075,0.7854,0.55,0.492,-0.232,0.491,-0.253,0.0,16,1,3.322
17.181,4.0564,1.0503,0.9255,0.0096,1.1071,0.55,0.492,-0.232,0.491,-0.253,0.0,16,1,3.289
17.212,4.0564,1.0503,0.9255,0.0096,1.1071,0.55,0.491,-0.249,0.491,-0.253,0.0,16,1,3.289
17.242,4.0564,1.0503,0.9255,0.0096,1.1071,0.55,0.491,-0.249,0.491,-0.249,0.0,16,1,3.289
17.274,4.0714,1.0722,0.9084,0.0132,1.1071,0.55,0.491,-0.249,0.491,-0.249,0.0,16,1,3.263
17.304,4.0714,1.0722,0.9084,0.0132,1.1071,0.55,0.493,-0.226,0.491,-0.249,0.0,16,1,3.263
17.334,4.0714,1.0722,0.9084,0.0132,1.1071,0.55,0.493,-0.226,0.493,-0.226,0.0,16,1,3.263
17.365,4.0907,1.0992,0.8866,0.0184,1.1071,0.55,0.493,-0.226,0.493,-0.226,0.0,16,1,3.23
17.398,4.0907,1.0992,0.8866,0.0984,0.7854,0.55,0.493,-0.226,0.493,-0.226,0.0,17,1,3.23
17.428,4.0907,1.0992,0.8866,0.0984,0.7854,0.55,0.492,-0.226,0.493,-0.226,0.0,17,1,3.23
17.459,4.0907,1.0992,0.8866,0.0984,0.7854,0.55,0.492,-0.226,0.493,-0.212,0.0,17,1,3.23
17.49,4.1145,1.1308,0.8626,0.091,0.7854,0.6,0.492,-0.226,0.493,-0.212,0.0,17,1,3.19
17.52,4.1145,1.1308,0.8626,0.091,0.7854,0.6,0.494,-0.201,0.493,-0.212,0.0,17,1,3.19
17.551,4.1145,1.1308,0.8626,0.091,0.7854,0.6,0.494,-0.201,0.494,-0.201,0.0,17,1,3.19
17.582,4.1348,1.1564,0.8444,0.0873,0.7854,0.6,0.494,-0.201,0.494,-0.201,0.0,17,1,3.158
17.613,4.1348,1.1564,0.8444,0.0873,0.7854,0.6,0.495,-0.185,0.494,-0.201,0.0,17,1,3.158
17.643,4.1348,1.1564,0.8444,0.0873,0.7854,0.6,0.495,-0.185,0.496,-0.168,0.0,17,1,3.158
17.674,4.1513,1.1762,0.8316,0.0849,0.7854,0.6,0.495,-0.185,0.496,-0.168,0.0,17,1,3.132
17.705,4.1513,1.1762,0.8316,0.0849,0.7854,0.6,0.484,-0.319,0.496,-0.168,0.0,17,1,3.132
17.735,4.1513,1.1762,0.8316,0.0849,0.7854,0.6,0.484,-0.319,0.484,-0.319,0.0,17,1,3.132
17.767,4.1722,1.2004,0.8182,0.0826,0.7854,0.55,0.484,-0.319,0.484,-0.319,0.0,17,1,3.1
17.797,4.1722,1.2004,0.8182,0.0826,0.7854,0.55,0.485,-0.313,0.484,-0.319,0.0,17,1,3.1
17.828,4.1722,1.2004,0.8182,0.0826,0.7854,0.55,0.485,-0.313,0.485,-0.313,0.0,17,1,3.1
17.86,4.1912,1.2214,0.811,0.0812,0.7854,0.55,0.485,-0.313,0.485,-0.313,0.0,17,1,3.072
17.89,4.1912,1.2214,0.811,0.0812,0.7854,0.55,0.487,-0.308,0.485,-0.313,0.0,17,1,3.072
17.92,4.1912,1.2214,0.811,0.0812,0.7854,0.55,0.487,-0.308,0.487,-0.308,0.0,17,1,3.072
17.951,4.2049,1.236,0.8095,0.0806,0.7854,0.55,0.487,-0.308,0.487,-0.308,0.0,17,1,3.052
17.982,4.2049,1.236,0.8095,0.0806,0.7854,0.55,0.487,-0.306,0.487,-0.308,0.0,17,1,3.052
18.012,4.2049,1.236,0.8095,0.0806,0.7854,0.55,0.487,-0.306,0.487,-0.306,0.0,17,1,3.052
18.043,4.2261,1.2597,0.7943,0.0788,0.7854,0.5,0.487,-0.306,0.487,-0.306,0.0,17,1,3.02
18.073,4.2261,1.2597,0.7943,0.0788,0.7854,0.5,0.49,-0.288,0.487,-0.306,0.0,17,1,3.02
18.104,4.2261,1.2597,0.7943,0.0788,0.7854,0.5,0.49,-0.288,0.49,-0.289,0.0,17,1,3.02
18.136,4.2436,1.2795,0.7738,0.0771,0.7854,0.5,0.49,-0.288,0.49,-0.289,0.0,17,1,2.993
18.166,4.2436,1.2795,0.7738,0.0771,0.7854,0.5,0.491,-0.291,0.49,-0.289,0.0,17,1,2.993
18.197,4.2436,1.2795,0.7738,0.0771,0.7854,0.5,0.491,-0.291,0.491,-0.291,0.0,17,1,2.993
18.228,4.2661,1.3041,0.7452,0.0757,0.7854,0.45,0.491,-0.291,0.491,-0.291,0.0,17,1,2.96
18.259,4.2661,1.3041,0.7452,0.0757,0.7854,0.45,0.376,-0.349,0.491,-0.291,0.0,17,1,2.96
18.289,4.2661,1.3041,0.7452,0.0757,0.7854,0.45,0.376,-0.349,0.376,-0.349,0.0,17,1,2.96
18.32,4.2843,1.3232,0.7202,0.075,0.7854,0.45,0.376,-0.349,0.376,-0.349,0.0,17,1,2.934
18.351,4.2843,1.3232,0.7202,0.075,0.7854,0.45,0.479,-0.386,0.376,-0.349,0.0,17,1,2.934
18.382,4.2843,1.3232,0.7202,0.075,0.7854,0.45,0.479,-0.386,0.479,-0.386,0.0,17,1,2.934
18.413,4.3062,1.346,0.6799,0.0744,0.7854,0.45,0.479,-0.386,0.479,-0.386,0.0,17,1,2.902
18.446,4.3062,1.346,0.6799,0.0627,0.4636,0.45,0.479,-0.386,0.479,-0.386,0.0,18,1,2.902
18.476,4.3062,1.346,0.6799,0.0627,0.4636,0.45,0.475,-0.381,0.479,-0.386,0.0,18,1,2.902
18.507,4.3062,1.346,0.6799,0.0627,0.4636,0.45,0.475,-0.381,0.475,-0.381,0.0,18,1,2.902
18.538,4.3336,1.3721,0.6311,0.0516,0.4636,0.4,0.475,-0.381,0.475,-0.381,0.0,18,1,2.864
18.569,4.3336,1.3721,0.6311,0.0516,0.4636,0.4,0.464,-0.409,0.475,-0.381,0.0,18,1,2.864
18.6,4.3336,1.3721,0.6311,0.0516,0.4636,0.4,0.464,-0.409,0.464,-0.409,0.0,18,1,2.864
18.631,4.3578,1.3929,0.5929,0.0438,0.4636,0.4,0.464,-0.409,0.464,-0.409,0.0,18,1,2.833
18.661,4.3578,1.3929,0.5929,0.0438,0.4636,0.4,0.455,-0.427,0.464,-0.409,0.0,18,1,2.833
18.692,4.3578,1.3929,0.5929,0.0438,0.4636,0.4,0.455,-0.427,0.455,-0.427,0.0,18,1,2.833
18.723,4.3823,1.4127,0.5521,0.0371,0.4636,0.4,0.455,-0.427,0.455,-0.427,0.0,18,1,2.802
18.754,4.3823,1.4127,0.5521,0.0371,0.4636,0.4,0.453,-0.415,0.455,-0.427,0.0,18,1,2.802
18.784,4.3823,1.4127,0.5521,0.0371,0.4636,0.4,0.453,-0.415,0.453,-0.415,0.0,18,1,2.802
18.815,4.4021,1.4277,0.517,0.0325,0.4636,0.4,0.453,-0.415,0.453,-0.415,0.0,18,1,2.777
18.846,4.4021,1.4277,0.517,0.0325,0.4636,0.4,0.447,-0.427,0.453,-0.415,0.0,18,1,2.777
18.876,4.4021,1.4277,0.517,0.0325,0.4636,0.4,0.447,-0.427,0.447,-0.427,0.0,18,1,2.777
18.907,4.4277,1.4455,0.4737,0.028,0.4636,0.4,0.447,-0.427,0.447,-0.427,0.0,18,1,2.747
18.938,4.4277,1.4455,0.4737,0.028,0.4636,0.4,0.384,-0.445,0.447,-0.427,0.0,18,1,2.747
18.969,4.4277,1.4455,0.4737,0.028,0.4636,0.4,0.384,-0.445,0.384,-0.445,0.0,18,1,2.747
19.001,4.4433,1.4557,0.4472,0.0259,0.4636,0.4,0.384,-0.445,0.384,-0.445,0.0,18,1,2.729
19.031,4.4433,1.4557,0.4472,0.0259,0.4636,0.4,0.419,-0.502,0.384,-0.445,0.0,18,1,2.729
19.061,4.4433,1.4557,0.4472,0.0259,0.4636,0.4,0.419,-0.502,0.419,-0.502,0.0,18,1,2.729
19.092,4.4695,1.4717,0.4011,0.0233,0.4636,0.45,0.419,-0.502,0.419,-0.502,0.0,18,1,2.7
19.123,4.4695,1.4717,0.4011,0.0233,0.4636,0.45,0.422,-0.494,0.419,-0.502,0.0,18,1,2.7
19.153,4.4695,1.4717,0.4011,0.0233,0.4636,0.45,0.422,-0.494,0.42,-0.493,0.0,18,1,2.7
19.185,4.4906,1.4836,0.3618,0.0221,0.4636,0.45,0.422,-0.494,0.42,-0.493,0.0,18,1,2.677
19.215,4.4906,1.4836,0.3618,0.0221,0.4636,0.45,0.423,-0.485,0.42,-0.493,0.0,18,1,2.677
19.246,4.4906,1.4836,0.3618,0.0221,0.4636,0.45,0.423,-0.485,0.421,-0.489,0.0,18,1,2.677
19.277,4.517,1.4974,0.3092,0.0216,0.4636,0.45,0.423,-0.485,0.421,-0.489,0.0,18,1,2.649
19.308,4.517,1.4974,0.3092,0.0216,0.4636,0.45,0.423,-0.48,0.421,-0.489,0.0,18,1,2.649
19.338,4.517,1.4974,0.3092,0.0216,0.4636,0.45,0.423,-0.48,0.424,-0.479,0.0,18,1,2.649
19.369,4.5388,1.5073,0.2677,0.0224,0.4636,0.4,0.423,-0.48,0.424,-0.479,0.0,18,1,2.628
19.4,4.5388,1.5073,0.2677,0.0224,0.4636,0.4,0.426,-0.469,0.424,-0.479,0.0,18,1,2.628
19.43,4.5388,1.5073,0.2677,0.0224,0.4636,0.4,0.426,-0.469,0.426,-0.469,0.0,18,1,2.628
19.461,4.5666,1.5185,0.2163,0.0125,0.0,0.4,0.426,-0.469,0.426,-0.469,0.0,18,1,2.601
19.494,4.5666,1.5185,0.2163,0.0125,0.0,0.4,0.426,-0.469,0.426,-0.469,0.0,19,1,2.601
19.524,4.5666,1.5185,0.2163,0.0125,0.0,0.4,0.428,-0.452,0.426,-0.469,0.0,19,1,2.601
19.555,4.5666,1.5185,0.2163,0.0125,0.0,0.4,0.428,-0.452,0.428,-0.452,0.0,19,1,2.601
19.586,4.6008,1.53,0.1558,0.001,0.0,0.4,0.428,-0.452,0.428,-0.452,0.0,19,1,2.57
19.617,4.6008,1.53,0.1558,0.001,0.0,0.4,0.432,-0.438,0.428,-0.452,0.0,19,1,2.57
19.647,4.6008,1.53,0.1558,0.001,0.0,0.4,0.432,-0.438,0.432,-0.432,0.0,19,1,2.57
19.679,4.6301,1.5379,0.1066,0.0069,0.0,0.4,0.432,-0.438,0.432,-0.432,0.0,19,1,2.546
19.709,4.6301,1.5379,0.1066,0.0069,0.0,0.4,0.438,-0.417,0.432,-0.432,0.0,19,1,2.546
19.739,4.6301,1.5379,0.1066,0.0069,0.0,0.4,0.438,-0.417,0.438,-0.417,0.0,19,1,2.546
19.77,4.6479,1.5419,0.078,0.0109,0.0,0.4,0.438,-0.417,0.438,-0.417,0.0,19,1,2.531
19.801,4.6479,1.5419,0.078,0.0109,0.0,0.4,0.443,-0.396,0.438,-0.417,0.0,19,1,2.531
19.832,4.6479,1.5419,0.078,0.0109,0.0,0.4,0.443,-0.396,0.443,-0.396,0.0,19,1,2.531
19.863,4.6781,1.5474,0.0317,0.0164,0.0,0.4,0.443,-0.396,0.443,-0.396,0.0,19,1,2.508
19.894,4.6781,1.5474,0.0317,0.0164,0.0,0.4,0.448,-0.387,0.443,-0.396,0.0,19,1,2.508
19.924,4.6781,1.5474,0.0317,0.0164,0.0,0.4,0.448,-0.387,0.453,-0.371,0.0,19,1,2.508
19.955,4.7028,1.5506,-0.0036,0.0196,0.0,0.4,0.448,-0.387,0.453,-0.371,0.0,19,1,2.49
19.986,4.7028,1.5506,-0.0036,0.0196,0.0,0.4,0.453,-0.365,0.453,-0.371,0.0,19,1,2.49
20.016,4.7028,1.5506,-0.0036,0.0196,0.0,0.4,0.453,-0.365,0.46,-0.339,0.0,19,1,2.49
20.048,4.7341,1.5532,-0.0451,0.0222,0.0,0.4,0.453,-0.365,0.46,-0.339,0.0,19,1,2.469
20.078,4.7341,1.5532,-0.0451,0.0222,0.0,0.4,0.462,-0.332,0.46,-0.339,0.0,19,1,2.469
20.109,4.7341,1.5532,-0.0451,0.0222,0.0,0.4,0.462,-0.332,0.462,-0.332,0.0,19,1,2.469
20.14,4.7612,1.5544,-0.0808,0.0234,0.0,0.4,0.462,-0.332,0.462,-0.332,0.0,19,1,2.452
20.171,4.7612,1.5544,-0.0808,0.0234,0.0,0.4,0.471,-0.294,0.462,-0.332,0.0,19,1,2.452
20.201,4.7612,1.5544,-0.0808,0.0234,0.0,0.4,0.471,-0.294,0.471,-0.294,0.0,19,1,2.452
20.232,4.783,1.5548,-0.1119,0.0238,0.0,0.4,0.471,-0.294,0.471,-0.294,0.0,19,1,2.438
20.263,4.783,1.5548,-0.1119,0.0238,0.0,0.4,0.479,-0.252,0.471,-0.294,0.0,19,1,2.438
20.294,4.783,1.5548,-0.1119,0.0238,0.0,0.4,0.479,-0.252,0.479,-0.252,0.0,19,1,2.438
20.325,4.8153,1.5539,-0.1541,0.0229,0.0,0.4,0.479,-0.252,0.479,-0.252,0.0,19,1,2.42
20.355,4.8153,1.5539,-0.1541,0.0229,0.0,0.4,0.485,-0.212,0.479,-0.252,0.0,19,1,2.42
20.385,4.8153,1.5539,-0.1541,0.0229,0.0,0.4,0.485,-0.212,0.485,-0.212,0.0,19,1,2.42
20.417,4.8418,1.5518,-0.1824,0.0208,0.0,0.4,0.485,-0.212,0.485,-0.212,0.0,19,1,2.406
20.447,4.8418,1.5518,-0.1824,0.0208,0.0,0.4,0.487,-0.187,0.485,-0.212,0.0,19,1,2.406
20.478,4.8418,1.5518,-0.1824,0.0208,0.0,0.4,0.487,-0.187,0.488,-0.172,0.0,19,1,2.406
20.509,4.8745,1.5475,-0.209,0.0165,0.0,0.4,0.487,-0.187,0.488,-0.172,0.0,19,1,2.391
20.54,4.8745,1.5475,-0.209,0.0038,-0.3218,0.4,0.487,-0.187,0.488,-0.172,0.0,20,1,2.391
20.571,4.8745,1.5475,-0.209,0.0038,-0.3218,0.4,0.5,0.0,0.488,-0.172,0.0,20,1,2.391
20.601,4.8745,1.5475,-0.209,0.0038,-0.3218,0.4,0.5,0.0,0.0,0.0,0.0,20,1,2.391
20.632,4.9099,1.5413,-0.2294,0.0015,-0.3218,0.4,0.5,0.0,0.0,0.0,0.0,20,1,2.376
20.663,4.9099,1.5413,-0.2294,0.0015,-0.3218,0.4,0.496,0.159,0.0,0.0,0.0,20,1,2.376
20.693,4.9099,1.5413,-0.2294,0.0015,-0.3218,0.4,0.496,0.159,0.0,0.0,0.0,20,1,2.376
20.725,4.9298,1.5368,-0.2322,0.0036,-0.3218,0.4,0.496,0.159,0.0,0.0,0.0,20,1,2.369
20.755,4.9298,1.5368,-0.2322,0.0036,-0.3218,0.4,0.499,0.204,0.0,0.0,0.0,20,1,2.369
20.786,4.9298,1.5368,-0.2322,0.0036,-0.3218,0.4,0.499,0.204,0.0,0.0,0.0,20,1,2.369
20.818,4.9564,1.5303,-0.228,0.0139,-0.7854,0.4,0.499,0.204,0.0,0.0,0.0,20,1,2.359
20.848,4.9564,1.5303,-0.228,0.0139,-0.7854,0.4,0.496,0.283,0.0,0.0,0.0,20,1,2.359
20.879,4.9564,1.5303,-0.228,0.0139,-0.7854,0.4,0.496,0.283,0.0,0.0,0.0,20,1,2.359
20.909,4.9773,1.5254,-0.2288,0.0253,-0.7854,0.4,0.496,0.283,0.0,0.0,0.0,20,1,2.352
20.94,4.9773,1.5254,-0.2288,0.0253,-0.7854,0.4,0.494,0.303,0.0,0.0,0.0,20,1,2.352
20.97,4.9773,1.5254,-0.2288,0.0253,-0.7854,0.4,0.494,0.303,0.0,0.0,0.0,20,1,2.352
21.0,4.9961,1.5204,-0.2206,0.0351,-0.7854,0.4,0.494,0.303,0.0,0.0,0.0,20,1,2.346
21.031,4.9961,1.5204,-0.2206,0.0351,-0.7854,0.4,0.496,0.267,0.0,0.0,0.0,20,1,2.346
21.061,4.9961,1.5204,-0.2206,0.0351,-0.7854,0.4,0.496,0.267,0.496,0.267,0.0,20,1,2.346
21.092,5.0122,1.517,-0.2229,0.036,0.0,0.4,0.496,0.267,0.496,0.267,0.0,20,1,2.341
21.122,5.0122,1.517,-0.2229,0.036,0.0,0.4,0.496,0.272,0.496,0.267,0.0,20,1,2.341
21.153,5.0122,1.517,-0.2229,0.036,0.0,0.4,0.496,0.272,0.496,0.272,0.0,20,1,2.341
21.184,5.0306,1.5123,-0.2158,0.0313,0.0,0.4,0.496,0.272,0.496,0.272,0.0,20,1,2.335
21.214,5.0306,1.5123,-0.2158,0.0313,0.0,0.4,0.495,0.277,0.496,0.272,0.0,20,1,2.335
21.244,5.0306,1.5123,-0.2158,0.0313,0.0,0.4,0.495,0.277,0.495,0.277,0.0,20,1,2.335
21.275,5.0547,1.5055,-0.195,0.0245,0.0,0.45,0.495,0.277,0.495,0.277,0.0,20,1,2.329
21.306,5.0547,1.5055,-0.195,0.0245,0.0,0.45,0.471,0.441,0.495,0.277,0.0,20,1,2.329
21.336,5.0547,1.5055,-0.195,0.0245,0.0,0.45,0.471,0.441,0.47,0.445,0.0,20,1,2.329
21.367,5.0792,1.4987,-0.1679,0.0177,0.0,0.45,0.471,0.441,0.47,0.445,0.0,20,1,2.322
21.398,5.0792,1.4987,-0.1679,0.0177,0.0,0.45,0.469,0.453,0.47,0.445,0.0,20,1,2.322
21.428,5.0792,1.4987,-0.1679,0.0177,0.0,0.45,0.469,0.453,0.468,0.451,0.0,20,1,2.322
21.459,5.0976,1.4934,-0.138,0.0124,0.0,0.45,0.469,0.453,0.468,0.451,0.0,20,1,2.318
21.489,5.0976,1.4934,-0.138,0.0124,0.0,0.45,0.396,0.454,0.468,0.451,0.0,20,1,2.318
21.52,5.0976,1.4934,-0.138,0.0124,0.0,0.45,0.396,0.454,0.396,0.454,0.0,20,1,2.318
21.551,5.1201,1.4873,-0.0965,0.0063,0.0,0.45,0.396,0.454,0.396,0.454,0.0,20,1,2.312
21.583,5.1201,1.4873,-0.0965,0.0063,0.0,0.45,0.396,0.454,0.396,0.454,0.0,21,1,2.312
21.613,5.1201,1.4873,-0.0965,0.0063,0.0,0.45,0.389,0.448,0.396,0.454,0.0,21,1,2.312
21.644,5.1201,1.4873,-0.0965,0.0063,0.0,0.45,0.389,0.448,0.389,0.448,0.0,21,1,2.312
21.675,5.1461,1.4807,-0.0371,0.0003,0.0,0.45,0.389,0.448,0.389,0.448,0.0,21,1,2.305
21.706,5.1461,1.4807,-0.0371,0.0003,0.0,0.45,0.266,0.491,0.389,0.448,0.0,21,1,2.305
21.736,5.1461,1.4807,-0.0371,0.0003,0.0,0.45,0.266,0.491,0.266,0.491,0.0,21,1,2.305
21.767,5.1672,1.476,0.0175,0.005,0.0,0.45,0.266,0.491,0.266,0.491,0.0,21,1,2.3
21.797,5.1672,1.476,0.0175,0.005,0.0,0.45,0.263,0.49,0.266,0.491,0.0,21,1,2.3
21.828,5.1672,1.476,0.0175,0.005,0.0,0.45,0.263,0.49,0.262,0.48,0.0,21,1,2.3
21.858,5.183,1.472,0.0754,0.0085,-0.7854,0.45,0.263,0.49,0.262,0.48,0.0,21,1,2.296
21.889,5.183,1.472,0.0754,0.0085,-0.7854,0.45,0.236,0.515,0.262,0.48,0.0,21,1,2.296
21.919,5.183,1.472,0.0754,0.0085,-0.7854,0.45,0.236,0.515,0.234,0.506,0.0,21,1,2.296
21.95,5.2026,1.467,0.1648,0.0018,-0.7854,0.45,0.236,0.515,0.234,0.506,0.0,21,1,2.291
21.981,5.2026,1.467,0.1648,0.0018,-0.7854,0.45,0.233,0.499,0.234,0.506,0.0,21,1,2.291
22.011,5.2026,1.467,0.1648,0.0018,-0.7854,0.45,0.233,0.499,0.233,0.499,0.0,21,1,2.291
22.042,5.2182,1.4636,0.2446,0.0105,-0.7854,0.45,0.233,0.499,0.233,0.499,0.0,21,1,2.287
22.072,5.2182,1.4636,0.2446,0.0105,-0.7854,0.45,0.262,0.419,0.233,0.499,0.0,21,1,2.287
22.103,5.2182,1.4636,0.2446,0.0105,-0.7854,0.45,0.262,0.419,0.262,0.419,0.0,21,1,2.287
22.134,5.2377,1.4606,0.3489,0.0221,-0.7854,0.45,0.262,0.419,0.262,0.419,0.0,21,1,2.281
22.165,5.2377,1.4606,0.3489,0.0221,-0.7854,0.45,0.235,0.422,0.262,0.419,0.0,21,1,2.281
22.195,5.2377,1.4606,0.3489,0.0221,-0.7854,0.45,0.235,0.422,0.235,0.422,0.0,21,1,2.281
22.227,5.2533,1.46,0.4286,0.029,0.0,0.45,0.235,0.422,0.235,0.422,0.0,21,1,2.275
22.257,5.2533,1.46,0.4286,0.029,0.0,0.45,0.234,0.389,0.235,0.422,0.0,21,1,2.275
22.288,5.2533,1.46,0.4286,0.029,0.0,0.45,0.234,0.389,0.232,0.37,0.0,21,1,2.275
22.319,5.2717,1.4609,0.5226,0.0299,0.0,0.45,0.234,0.389,0.232,0.37,0.0,21,1,2.266
22.35,5.2717,1.4609,0.5226,0.0299,0.0,0.45,0.23,0.33,0.232,0.37,0.0,21,1,2.266
22.381,5.2717,1.4609,0.5226,0.0299,0.0,0.45,0.23,0.33,0.23,0.33,0.0,21,1,2.266
22.413,5.29,1.4648,0.6011,0.0338,0.0,0.45,0.23,0.33,0.23,0.33,0.0,21,1,2.255
22.443,5.29,1.4648,0.6011,0.0338,0.0,0.45,0.281,0.286,0.23,0.33,0.0,21,1,2.255
22.474,5.29,1.4648,0.6011,0.0338,0.0,0.45,0.281,0.286,0.285,0.255,0.0,21,1,2.255
22.505,5.3048,1.47,0.6565,0.039,0.0,0.45,0.281,0.286,0.285,0.255,0.0,21,1,2.244
22.535,5.3048,1.47,0.6565,0.039,0.0,0.45,0.294,0.184,0.285,0.255,0.0,21,1,2.244
22.566,5.3048,1.47,0.6565,0.039,0.0,0.45,0.294,0.184,0.294,0.184,0.0,21,1,2.244
22.597,5.3241,1.4793,0.7178,0.0483,0.0,0.45,0.294,0.184,0.294,0.184,0.0,21,1,2.228
22.629,5.3241,1.4793,0.7178,0.0017,0.0,0.45,0.294,0.184,0.294,0.184,0.0,22,1,2.228
22.659,5.3241,1.4793,0.7178,0.0017,0.0,0.45,0.397,0.0,0.294,0.184,0.0,22,1,2.228
22.69,5.3241,1.4793,0.7178,0.0017,0.0,0.45,0.397,0.0,0.345,-0.158,0.0,22,1,2.228
22.721,5.3499,1.4962,0.7761,0.0152,0.0,0.45,0.397,0.0,0.345,-0.158,0.0,22,1,2.202
22.752,5.3499,1.4962,0.7761,0.0152,0.0,0.45,0.362,-0.221,0.345,-0.158,0.0,22,1,2.202
22.783,5.3499,1.4962,0.7761,0.0152,0.0,0.45,0.362,-0.221,0.37,-0.248,0.0,22,1,2.202
22.814,5.3734,1.5155,0.8087,0.0345,0.0,0.4,0.362,-0.221,0.37,-0.248,0.0,22,1,2.175
22.844,5.3734,1.5155,0.8087,0.0345,0.0,0.4,0.379,-0.289,0.37,-0.248,0.0,22,1,2.175
22.875,5.3734,1.5155,0.8087,0.0345,0.0,0.4,0.379,-0.289,0.379,-0.289,0.0,22,1,2.175
22.906,5.3921,1.5331,0.8246,0.0439,0.4636,0.4,0.379,-0.289,0.379,-0.289,0.0,22,1,2.151
22.936,5.3921,1.5331,0.8246,0.0439,0.4636,0.4,0.491,-0.31,0.379,-0.289,0.0,22,1,2.151
22.967,5.3921,1.5331,0.8246,0.0439,0.4636,0.4,0.491,-0.31,0.491,-0.31,0.0,22,1,2.151
22.998,5.4135,1.5557,0.8294,0.0545,0.4636,0.45,0.491,-0.31,0.491,-0.31,0.0,22,1,2.122
23.029,5.4135,1.5557,0.8294,0.0545,0.4636,0.45,0.49,-0.35,0.491,-0.31,0.0,22,1,2.122
23.059,5.4135,1.5557,0.8294,0.0545,0.4636,0.45,0.49,-0.35,0.49,-0.35,0.0,22,1,2.122
23.09,5.4302,1.5747,0.8228,0.064,0.4636,0.4,0.49,-0.35,0.49,-0.35,0.0,22,1,2.098
23.121,5.4302,1.5747,0.8228,0.064,0.4636,0.4,0.495,-0.293,0.49,-0.35,0.0,22,1,2.098
23.151,5.4302,1.5747,0.8228,0.064,0.4636,0.4,0.495,-0.293,0.495,-0.293,0.0,22,1,2.098
23.182,5.4508,1.5986,0.8042,0.0727,0.7854,0.4,0.495,-0.293,0.495,-0.293,0.0,22,1,2.068
23.213,5.4508,1.5986,0.8042,0.0727,0.7854,0.4,0.494,-0.303,0.495,-0.293,0.0,22,1,2.068
23.244,5.4508,1.5986,0.8042,0.0727,0.7854,0.4,0.494,-0.303,0.494,-0.311,0.0,22,1,2.068
23.275,5.472,1.6234,0.7751,0.0753,0.7854,0.35,0.494,-0.303,0.494,-0.311,0.0,22,1,2.037
23.305,5.472,1.6234,0.7751,0.0753,0.7854,0.35,0.493,-0.317,0.494,-0.311,0.0,22,1,2.037
23.336,5.472,1.6234,0.7751,0.0753,0.7854,0.35,0.493,-0.317,0.493,-0.318,0.0,22,1,2.037
23.367,5.4896,1.6431,0.75,0.0767,0.7854,0.35,0.493,-0.317,0.493,-0.318,0.0,22,1,2.012
23.398,5.4896,1.6431,0.75,0.0767,0.7854,0.35,0.493,-0.321,0.493,-0.318,0.0,22,1,2.012
23.428,5.4896,1.6431,0.75,0.0767,0.7854,0.35,0.493,-0.321,0.493,-0.321,0.0,22,1,2.012
23.459,5.5121,1.6669,0.7181,0.0776,0.7854,0.4,0.493,-0.321,0.493,-0.321,0.0,22,1,1.982
23.49,5.5121,1.6669,0.7181,0.0776,0.7854,0.4,0.492,-0.297,0.493,-0.321,0.0,22,1,1.982
23.52,5.5121,1.6669,0.7181,0.0776,0.7854,0.4,0.492,-0.297,0.492,-0.297,0.0,22,1,1.982
23.551,5.5308,1.6855,0.6929,0.0776,0.7854,0.4,0.492,-0.297,0.492,-0.297,0.0,22,1,1.957
23.582,5.5308,1.6855,0.6929,0.0776,0.7854,0.4,0.5,0.0,0.492,-0.297,0.0,22,1,1.957
23.612,5.5308,1.6855,0.6929,0.0776,0.7854,0.4,0.5,0.0,0.5,0.0,0.0,22,1,1.957
23.643,5.5551,1.7082,0.6635,0.0764,0.7854,0.4,0.5,0.0,0.5,0.0,0.0,22,1,1.928
23.675,5.5551,1.7082,0.6635,0.1711,0.7854,0.4,0.5,0.0,0.5,0.0,0.0,23,1,1.928
23.705,5.5551,1.7082,0.6635,0.1711,0.7854,0.4,0.498,0.125,0.5,0.0,0.0,23,1,1.928
23.735,5.5551,1.7082,0.6635,0.1711,0.7854,0.4,0.498,0.125,0.499,0.162,0.0,23,1,1.928
23.767,5.5833,1.7325,0.6344,0.1738,0.7854,0.4,0.498,0.125,0.499,0.162,0.0,23,1,1.895
23.797,5.5833,1.7325,0.6344,0.1738,0.7854,0.4,0.497,0.263,0.499,0.162,0.0,23,1,1.895
23.828,5.5833,1.7325,0.6344,0.1738,0.7854,0.4,0.497,0.263,0.495,0.285,0.0,23,1,1.895
23.859,5.6047,1.7491,0.6236,0.1772,0.7854,0.4,0.497,0.263,0.495,0.285,0.0,23,1,1.872
23.89,5.6047,1.7491,0.6236,0.1772,0.7854,0.4,0.494,0.299,0.495,0.285,0.0,23,1,1.872
23.92,5.6047,1.7491,0.6236,0.1772,0.7854,0.4,0.494,0.299,0.494,0.299,0.0,23,1,1.872
23.952,5.6212,1.7606,0.6274,0.1807,0.7854,0.45,0.494,0.299,0.494,0.299,0.0,23,1,1.856
23.982,5.6212,1.7606,0.6274,0.1807,0.7854,0.45,0.492,0.331,0.494,0.299,0.0,23,1,1.856
24.012,5.6212,1.7606,0.6274,0.1807,0.7854,0.45,0.492,0.331,0.492,0.331,0.0,23,1,1.856
24.044,5.6415,1.7736,0.6475,0.1859,0.7854,0.45,0.492,0.331,0.492,0.331,0.0,23,1,1.837
24.074,5.6415,1.7736,0.6475,0.1859,0.7854,0.45,0.446,0.53,0.492,0.331,0.0,23,1,1.837
24.104,5.6415,1.7736,0.6475,0.1859,0.7854,0.45,0.446,0.53,0.446,0.53,0.0,23,1,1.837
24.135,5.6577,1.7833,0.6746,0.1905,0.7854,0.45,0.446,0.53,0.446,0.53,0.0,23,1,1.822
24.166,5.6577,1.7833,0.6746,0.1905,0.7854,0.45,0.451,0.517,0.446,0.53,0.0,23,1,1.822
24.196,5.6577,1.7833,0.6746,0.1905,0.7854,0.45,0.451,0.517,0.449,0.524,0.0,23,1,1.822
24.227,5.6775,1.7949,0.7202,0.1963,0.7854,0.5,0.451,0.517,0.449,0.524,0.0,23,1,1.805
24.257,5.6775,1.7949,0.7202,0.1963,0.7854,0.5,0.448,0.526,0.449,0.524,0.0,23,1,1.805
24.288,5.6775,1.7949,0.7202,0.1963,0.7854,0.5,0.448,0.526,0.448,0.526,0.0,23,1,1.805
24.318,5.6929,1.8032,0.7741,0.2014,0.7854,0.5,0.448,0.526,0.448,0.526,0.0,23,1,1.792
24.349,5.6929,1.8032,0.7741,0.2014,0.7854,0.5,0.442,0.526,0.448,0.526,0.0,23,1,1.792
24.379,5.6929,1.8032,0.7741,0.2014,0.7854,0.5,0.442,0.526,0.442,0.526,0.0,23,1,1.792
24.41,5.712,1.8144,0.848,0.2069,0.7854,0.55,0.442,0.526,0.442,0.526,0.0,23,1,1.776
24.441,5.712,1.8144,0.848,0.2069,0.7854,0.55,0.409,0.55,0.442,0.526,0.0,23,1,1.776
24.471,5.712,1.8144,0.848,0.2069,0.7854,0.55,0.409,0.55,0.409,0.55,0.0,23,1,1.776
24.502,5.7265,1.8244,0.9071,0.2101,0.7854,0.55,0.409,0.55,0.409,0.55,0.0,23,1,1.762
24.533,5.7265,1.8244,0.9071,0.2101,0.7854,0.55,0.393,0.534,0.409,0.55,0.0,23,1,1.762
24.563,5.7265,1.8244,0.9071,0.2101,0.7854,0.55,0.393,0.534,0.393,0.534,0.0,23,1,1.762
24.594,5.7436,1.8373,0.9842,0.2131,0.7854,0.55,0.393,0.534,0.393,0.534,0.0,23,1,1.745
24.625,5.7436,1.8373,0.9842,0.2131,0.7854,0.55,0.378,0.507,0.393,0.534,0.0,23,1,1.745
24.655,5.7436,1.8373,0.9842,0.2131,0.7854,0.55,0.378,0.507,0.378,0.507,0.0,23,1,1.745
24.686,5.7592,1.8508,1.0614,0.2146,0.7854,0.55,0.378,0.507,0.378,0.507,0.0,23,1,1.727
24.719,5.7592,1.8508,1.0614,0.1438,0.7854,0.55,0.378,0.507,0.378,0.507,0.0,24,1,1.727
24.749,5.7592,1.8508,1.0614,0.1438,0.7854,0.55,0.367,0.488,0.378,0.507,0.0,24,1,1.727
24.78,5.7592,1.8508,1.0614,0.1438,0.7854,0.55,0.367,0.488,0.367,0.488,0.0,24,1,1.727
24.81,5.7763,1.8681,1.1454,0.1437,0.7854,0.6,0.367,0.488,0.367,0.488,0.0,24,1,1.706
24.841,5.7763,1.8681,1.1454,0.1437,0.7854,0.6,0.37,0.463,0.367,0.488,0.0,24,1,1.706
24.871,5.7763,1.8681,1.1454,0.1437,0.7854,0.6,0.37,0.463,0.37,0.463,0.0,24,1,1.706
24.902,5.7872,1.8804,1.2,0.1427,0.7854,0.6,0.37,0.463,0.37,0.463,0.0,24,1,1.691
24.933,5.7872,1.8804,1.2,0.1427,0.7854,0.6,0.384,0.415,0.37,0.463,0.0,24,1,1.691
24.963,5.7872,1.8804,1.2,0.1427,0.7854,0.6,0.384,0.415,0.384,0.415,0.0,24,1,1.691
24.994,5.7996,1.8968,1.2666,0.1399,0.7854,0.6,0.384,0.415,0.384,0.415,0.0,24,1,1.672
25.024,5.7996,1.8968,1.2666,0.1399,0.7854,0.6,0.389,0.402,0.384,0.415,0.0,24,1,1.672
25.055,5.7996,1.8968,1.2666,0.1399,0.7854,0.6,0.389,0.402,0.398,0.374,0.0,24,1,1.672
25.086,5.8106,1.915,1.3268,0.1347,0.7854,0.6,0.389,0.402,0.398,0.374,0.0,24,1,1.652
25.116,5.8106,1.915,1.3268,0.1347,0.7854,0.6,0.399,0.371,0.398,0.374,0.0,24,1,1.652
25.147,5.8106,1.915,1.3268,0.1347,0.7854,0.6,0.399,0.371,0.351,0.334,0.0,24,1,1.652
25.178,5.8181,1.931,1.3693,0.1288,0.7854,0.65,0.399,0.371,0.351,0.334,0.0,24,1,1.634
25.208,5.8181,1.931,1.3693,0.1288,0.7854,0.65,0.355,0.318,0.351,0.334,0.0,24,1,1.634
25.239,5.8181,1.931,1.3693,0.1288,0.7854,0.65,0.355,0.318,0.365,0.285,0.0,24,1,1.634
25.271,5.8263,1.9518,1.4196,0.1199,0.7854,0.65,0.355,0.318,0.365,0.285,0.0,24,1,1.612
25.302,5.8263,1.9518,1.4196,0.1199,0.7854,0.65,0.368,0.266,0.365,0.285,0.0,24,1,1.612
25.332,5.8263,1.9518,1.4196,0.1199,0.7854,0.65,0.368,0.266,0.368,0.266,0.0,24,1,1.612
25.363,5.8318,1.969,1.4578,0.1116,0.7854,0.65,0.368,0.266,0.368,0.266,0.0,24,1,1.594
25.394,5.8318,1.969,1.4578,0.1116,0.7854,0.65,0.383,0.208,0.368,0.266,0.0,24,1,1.594
25.424,5.8318,1.969,1.4578,0.1116,0.7854,0.65,0.383,0.208,0.383,0.208,0.0,24,1,1.594
25.455,5.8375,1.9917,1.5002,0.0996,0.7854,0.65,0.383,0.208,0.383,0.208,0.0,24,1,1.571
25.486,5.8375,1.9917,1.5002,0.0996,0.7854,0.65,0.264,0.152,0.383,0.208,0.0,24,1,1.571
25.516,5.8375,1.9917,1.5002,0.0996,0.7854,0.65,0.264,0.152,0.264,0.152,0.0,24,1,1.571
25.547,5.842,2.015,1.5401,0.0863,0.7854,0.65,0.264,0.152,0.264,0.152,0.0,24,1,1.547
25.577,5.842,2.015,1.5401,0.0863,0.7854,0.65,0.284,0.0,0.264,0.152,0.0,24,1,1.547
25.608,5.842,2.015,1.5401,0.0863,0.7854,0.65,0.284,0.0,0.284,0.0,0.0,24,1,1.547
25.639,5.8451,2.0339,1.5746,0.0751,0.7854,0.65,0.284,0.0,0.284,0.0,0.0,24,1,1.528
25.67,5.8451,2.0339,1.5746,0.1812,0.7854,0.65,0.284,0.0,0.284,0.0,0.0,25,1,1.528
25.701,5.8451,2.0339,1.5746,0.1812,0.7854,0.65,0.277,-0.159,0.284,0.0,0.0,25,1,1.528
25.732,5.8451,2.0339,1.5746,0.1812,0.7854,0.65,0.277,-0.159,0.277,-0.159,0.0,25,1,1.528
25.763,5.8474,2.068,1.613,0.1586,0.7854,0.65,0.277,-0.159,0.277,-0.159,0.0,25,1,1.494
25.793,5.8474,2.068,1.613,0.1586,0.7854,0.65,0.469,-0.2,0.277,-0.159,0.0,25,1,1.494
25.823,5.8474,2.068,1.613,0.1586,0.7854,0.65,0.469,-0.2,0.469,-0.2,0.0,25,1,1.494
25.854,5.8469,2.1002,1.6281,0.1356,0.7854,0.65,0.469,-0.2,0.469,-0.2,0.0,25,1,1.464
25.885,5.8469,2.1002,1.6281,0.1356,0.7854,0.65,0.473,-0.253,0.469,-0.2,0.0,25,1,1.464
25.915,5.8469,2.1002,1.6281,0.1356,0.7854,0.65,0.473,-0.253,0.473,-0.253,0.0,25,1,1.464
25.946,5.8455,2.1269,1.6304,0.1157,0.7854,0.65,0.473,-0.253,0.473,-0.253,0.0,25,1,1.438
25.977,5.8455,2.1269,1.6304,0.1157,0.7854,0.65,0.471,-0.279,0.473,-0.253,0.0,25,1,1.438
26.007,5.8455,2.1269,1.6304,0.1157,0.7854,0.65,0.471,-0.279,0.471,-0.294,0.0,25,1,1.438
26.038,5.8429,2.1597,1.6209,0.0906,0.7854,0.65,0.471,-0.279,0.471,-0.294,0.0,25,1,1.407
26.07,5.8429,2.1597,1.6209,0.0906,0.7854,0.65,0.469,-0.311,0.471,-0.294,0.0,25,1,1.407
26.1,5.8429,2.1597,1.6209,0.0906,0.7854,0.65,0.469,-0.311,0.468,-0.321,0.0,25,1,1.407
26.131,5.8398,2.192,1.5985,0.0656,0.7854,0.65,0.469,-0.311,0.468,-0.321,0.0,25,1,1.377
26.161,5.8398,2.192,1.5985,0.0656,0.7854,0.65,0.492,-0.325,0.468,-0.321,0.0,25,1,1.377
26.192,5.8398,2.192,1.5985,0.0656,0.7854,0.65,0.492,-0.325,0.286,-0.326,0.0,25,1,1.377
26.223,5.8373,2.2178,1.5722,0.0456,0.7854,0.65,0.492,-0.325,0.286,-0.326,0.0,25,1,1.354
26.253,5.8373,2.2178,1.5722,0.0456,0.7854,0.65,0.286,-0.328,0.286,-0.326,0.0,25,1,1.354
26.284,5.8373,2.2178,1.5722,0.0456,0.7854,0.65,0.286,-0.328,0.286,-0.328,0.0,25,1,1.354
26.315,5.8351,2.2504,1.5389,0.021,0.7854,0.65,0.286,-0.328,0.286,-0.328,0.0,25,1,1.323
26.345,5.8351,2.2504,1.5389,0.021,0.7854,0.65,0.479,-0.32,0.286,-0.328,0.0,25,1,1.323
26.376,5.8351,2.2504,1.5389,0.021,0.7854,0.65,0.479,-0.32,0.479,-0.32,0.0,25,1,1.323
26.406,5.8339,2.2761,1.5099,0.002,0.7854,0.65,0.479,-0.32,0.479,-0.32,0.0,25,1,1.299
26.437,5.8339,2.2761,1.5099,0.002,0.7854,0.65,0.475,-0.307,0.479,-0.32,0.0,25,1,1.299
26.467,5.8339,2.2761,1.5099,0.002,0.7854,0.65,0.475,-0.307,0.475,-0.307,0.0,25,1,1.299
26.498,5.8336,2.3084,1.4748,0.0211,0.7854,0.65,0.475,-0.307,0.475,-0.307,0.0,25,1,1.268
26.529,5.8336,2.3084,1.4748,0.0211,0.7854,0.65,0.474,-0.302,0.475,-0.307,0.0,25,1,1.268
26.559,5.8336,2.3084,1.4748,0.0211,0.7854,0.65,0.474,-0.302,0.473,-0.287,0.0,25,1,1.268
26.59,5.8347,2.3414,1.4435,0.0436,0.7854,0.65,0.474,-0.302,0.473,-0.287,0.0,25,1,1.237
26.621,5.8347,2.3414,1.4435,0.0436,0.7854,0.65,0.486,-0.275,0.473,-0.287,0.0,25,1,1.237
26.652,5.8347,2.3414,1.4435,0.0436,0.7854,0.65,0.486,-0.275,0.486,-0.256,0.0,25,1,1.237
26.683,5.8365,2.3679,1.4201,0.0524,1.4877,0.65,0.486,-0.275,0.486,-0.256,0.0,25,1,1.211
26.714,5.8365,2.3679,1.4201,0.1513,0.7854,0.65,0.486,-0.275,0.486,-0.256,0.0,26,1,1.211
26.745,5.8365,2.3679,1.4201,0.1513,0.7854,0.65,0.488,-0.226,0.486,-0.256,0.0,26,1,1.211
26.775,5.8365,2.3679,1.4201,0.1513,0.7854,0.65,0.488,-0.226,0.488,-0.226,0.0,26,1,1.211
26.806,5.8406,2.4078,1.3888,0.1257,0.7854,0.65,0.488,-0.226,0.488,-0.226,0.0,26,1,1.172
26.837,5.8406,2.4078,1.3888,0.1257,0.7854,0.65,0.49,-0.195,0.488,-0.226,0.0,26,1,1.172
26.867,5.8406,2.4078,1.3888,0.1257,0.7854,0.65,0.49,-0.195,0.49,-0.195,0.0,26,1,1.172
26.898,5.8452,2.4407,1.3674,0.1057,0.7854,0.65,0.49,-0.195,0.49,-0.195,0.0,26,1,1.14
26.929,5.8452,2.4407,1.3674,0.1057,0.7854,0.65,0.491,-0.185,0.49,-0.195,0.0,26,1,1.14
26.959,5.8452,2.4407,1.3674,0.1057,0.7854,0.65,0.491,-0.185,0.493,-0.141,0.0,26,1,1.14
26.99,5.8507,2.4726,1.3508,0.087,0.7854,0.65,0.491,-0.185,0.493,-0.141,0.0,26,1,1.108
27.021,5.8507,2.4726,1.3508,0.087,0.7854,0.65,0.5,0.0,0.493,-0.141,0.0,26,1,1.108
27.051,5.8507,2.4726,1.3508,0.087,0.7854,0.65,0.5,0.0,0.5,0.0,0.0,26,1,1.108
27.083,5.8556,2.4972,1.3426,0.0732,0.7854,0.65,0.5,0.0,0.5,0.0,0.0,26,1,1.083
27.113,5.8556,2.4972,1.3426,0.0732,0.7854,0.65,0.5,0.0,0.5,0.0,0.0,26,1,1.083
27.143,5.8556,2.4972,1.3426,0.0732,0.7854,0.65,0.5,0.0,0.5,0.0,0.0,26,1,1.083
27.175,5.8623,2.5259,1.3423,0.0576,0.7854,0.7,0.5,0.0,0.5,0.0,0.0,26,1,1.054
27.205,5.8623,2.5259,1.3423,0.0576,0.7854,0.7,0.493,-0.202,0.5,0.0,0.0,26,1,1.054
27.235,5.8623,2.5259,1.3423,0.0576,0.7854,0.7,0.493,-0.202,0.493,-0.202,0.0,26,1,1.054
27.267,5.8679,2.548,1.3476,0.0459,0.7854,0.7,0.493,-0.202,0.493,-0.202,0.0,26,1,1.031
27.297,5.8679,2.548,1.3476,0.0459,0.7854,0.7,0.495,-0.186,0.493,-0.202,0.0,26,1,1.031
27.328,5.8679,2.548,1.3476,0.0459,0.7854,0.7,0.495,-0.186,0.495,-0.186,0.0,26,1,1.031
27.359,5.8747,2.577,1.3513,0.0302,0.7854,0.7,0.495,-0.186,0.495,-0.186,0.0,26,1,1.002
27.39,5.8747,2.577,1.3513,0.0302,0.7854,0.7,0.497,-0.178,0.495,-0.186,0.0,26,1,1.002
27.42,5.8747,2.577,1.3513,0.0302,0.7854,0.7,0.497,-0.178,0.497,-0.178,0.0,26,1,1.002
27.451,5.8799,2.6021,1.3458,0.0161,0.7854,0.7,0.497,-0.178,0.497,-0.178,0.0,26,1,0.977
27.481,5.8799,2.6021,1.3458,0.0161,0.7854,0.7,0.498,-0.181,0.497,-0.178,0.0,26,1,0.977
27.512,5.8799,2.6021,1.3458,0.0161,0.7854,0.7,0.498,-0.181,0.498,-0.177,0.0,26,1,0.977
27.543,5.8848,2.6272,1.3345,0.0018,0.7854,0.7,0.498,-0.181,0.498,-0.177,0.0,26,1,0.952
27.573,5.8848,2.6272,1.3345,0.0018,0.7854,0.7,0.499,-0.185,0.498,-0.177,0.0,26,1,0.952
27.603,5.8848,2.6272,1.3345,0.0018,0.7854,0.7,0.499,-0.185,0.499,-0.185,0.0,26,1,0.952
27.634,5.89,2.6526,1.3216,0.003,1.249,0.7,0.499,-0.185,0.499,-0.185,0.0,26,1,0.926
27.664,5.89,2.6526,1.3216,0.003,1.249,0.7,0.499,-0.193,0.499,-0.185,0.0,26,1,0.926
27.695,5.89,2.6526,1.3216,0.003,1.249,0.7,0.499,-0.193,0.499,-0.193,0.0,26,1,0.926
27.726,5.8969,2.6844,1.3037,0.0066,1.249,0.7,0.499,-0.193,0.499,-0.193,0.0,26,1,0.894
27.756,5.8969,2.6844,1.3037,0.076,0.7854,0.7,0.499,-0.193,0.499,-0.193,0.0,27,1,0.894
27.787,5.8969,2.6844,1.3037,0.076,0.7854,0.7,0.499,-0.186,0.499,-0.193,0.0,27,1,0.894
27.817,5.8969,2.6844,1.3037,0.076,0.7854,0.7,0.499,-0.186,0.499,-0.186,0.0,27,1,0.894
27.849,5.9059,2.7227,1.2813,0.0553,0.7854,0.7,0.499,-0.186,0.499,-0.186,0.0,27,1,0.855
27.879,5.9059,2.7227,1.2813,0.0553,0.7854,0.7,0.498,-0.163,0.499,-0.186,0.0,27,1,0.855
27.91,5.9059,2.7227,1.2813,0.0553,0.7854,0.7,0.498,-0.163,0.498,-0.163,0.0,27,1,0.855
27.941,5.9141,2.7539,1.2653,0.0391,0.7854,0.75,0.498,-0.163,0.498,-0.163,0.0,27,1,0.823
27.971,5.9141,2.7539,1.2653,0.0391,0.7854,0.75,0.498,-0.139,0.498,-0.163,0.0,27,1,0.823
28.002,5.9141,2.7539,1.2653,0.0391,0.7854,0.75,0.498,-0.139,0.498,-0.139,0.0,27,1,0.823
28.032,5.9211,2.7783,1.2557,0.0342,1.249,0.75,0.498,-0.139,0.498,-0.139,0.0,27,1,0.798
28.063,5.9211,2.7783,1.2557,0.0342,1.249,0.75,0.5,0.0,0.498,-0.139,0.0,27,1,0.798
28.093,5.9211,2.7783,1.2557,0.0342,1.249,0.75,0.5,0.0,0.5,0.0,0.0,27,1,0.798
28.124,5.9302,2.8081,1.2464,0.0334,1.249,0.75,0.5,0.0,0.5,0.0,0.0,27,1,0.767
28.155,5.9302,2.8081,1.2464,0.0334,1.249,0.75,0.5,0.0,0.5,0.0,0.0,27,1,0.767
28.185,5.9302,2.8081,1.2464,0.0334,1.249,0.75,0.5,0.0,0.5,0.0,0.0,27,1,0.767
28.216,5.9377,2.8303,1.2473,0.0335,1.249,0.75,0.5,0.0,0.5,0.0,0.0,27,1,0.744
28.247,5.9377,2.8303,1.2473,0.0335,1.249,0.75,0.5,0.0,0.5,0.0,0.0,27,1,0.744
28.277,5.9377,2.8303,1.2473,0.0335,1.249,0.75,0.5,0.0,0.5,0.0,0.0,27,1,0.744
28.308,5.9472,2.8572,1.2536,0.034,1.249,0.75,0.5,0.0,0.5,0.0,0.0,27,1,0.715
28.339,5.9472,2.8572,1.2536,0.034,1.249,0.75,0.5,0.0,0.5,0.0,0.0,27,1,0.715
28.369,5.9472,2.8572,1.2536,0.034,1.249,0.75,0.5,0.0,0.5,0.0,0.0,27,1,0.715
28.4,5.9566,2.8842,1.261,0.0344,1.249,0.75,0.5,0.0,0.5,0.0,0.0,27,1,0.687
28.431,5.9566,2.8842,1.261,0.0344,1.249,0.75,0.5,0.0,0.5,0.0,0.0,27,1,0.687
28.461,5.9566,2.8842,1.261,0.0344,1.249,0.75,0.5,0.0,0.5,0.0,0.0,27,1,0.687
28.492,5.964,2.9059,1.2667,0.0345,1.249,0.8,0.5,0.0,0.5,0.0,0.0,27,1,0.664
28.522,5.964,2.9059,1.2667,0.0345,1.249,0.8,0.5,0.0,0.5,0.0,0.0,27,1,0.664
28.553,5.964,2.9059,1.2667,0.0345,1.249,0.8,0.5,0.0,0.5,0.0,0.0,27,1,0.664
28.584,5.973,2.9333,1.2728,0.0321,1.1071,0.8,0.5,0.0,0.5,0.0,0.0,27,1,0.636
28.615,5.973,2.9333,1.2728,0.0321,1.1071,0.8,0.5,0.0,0.5,0.0,0.0,27,1,0.636
28.645,5.973,2.9333,1.2728,0.0321,1.1071,0.8,0.5,0.0,0.5,0.0,0.0,27,1,0.636
28.676,5.9801,2.9553,1.2768,0.0285,1.1071,0.8,0.5,0.0,0.5,0.0,0.0,27,1,0.613
28.707,5.9801,2.9553,1.2768,0.0285,1.1071,0.8,0.5,0.0,0.5,0.0,0.0,27,1,0.613
28.737,5.9801,2.9553,1.2768,0.0285,1.1071,0.8,0.5,0.0,0.5,0.0,0.0,27,1,0.613
28.768,5.9888,2.9831,1.281,0.0239,1.1071,0.8,0.5,0.0,0.5,0.0,0.0,27,1,0.584
28.799,5.9888,2.9831,1.281,0.1133,1.1071,0.8,0.5,0.0,0.5,0.0,0.0,28,1,0.584
28.83,5.9888,2.9831,1.281,0.1133,1.1071,0.8,0.499,-0.2,0.5,0.0,0.0,28,1,0.584
28.861,5.9888,2.9831,1.281,0.1133,1.1071,0.8,0.499,-0.2,0.499,-0.2,0.0,28,1,0.584
28.891,5.9991,3.0165,1.2859,0.1076,1.1071,0.8,0.499,-0.2,0.499,-0.2,0.0,28,1,0.549
28.922,5.9991,3.0165,1.2859,0.1076,1.1071,0.8,0.499,-0.212,0.499,-0.2,0.0,28,1,0.549
28.952,5.9991,3.0165,1.2859,0.1076,1.1071,0.8,0.499,-0.212,0.499,-0.212,0.0,28,1,0.549
28.983,6.0076,3.0459,1.2855,0.1021,1.1071,0.8,0.499,-0.212,0.499,-0.212,0.0,28,1,0.519
29.014,6.0076,3.0459,1.2855,0.1021,1.1071,0.8,0.498,-0.223,0.499,-0.212,0.0,28,1,0.519
29.044,6.0076,3.0459,1.2855,0.1021,1.1071,0.8,0.498,-0.223,0.498,-0.223,0.0,28,1,0.519
29.075,6.0144,3.0715,1.276,0.0968,1.1071,0.85,0.498,-0.223,0.498,-0.223,0.0,28,1,0.493
29.105,6.0144,3.0715,1.276,0.0968,1.1071,0.85,0.498,-0.228,0.498,-0.223,0.0,28,1,0.493
29.135,6.0144,3.0715,1.276,0.0968,1.1071,0.85,0.498,-0.228,0.495,-0.287,0.0,28,1,0.493
29.166,6.0226,3.1038,1.2526,0.0896,1.1071,0.85,0.498,-0.228,0.495,-0.287,0.0,28,1,0.461
29.197,6.0226,3.1038,1.2526,0.0896,1.1071,0.85,0.495,-0.293,0.495,-0.287,0.0,28,1,0.461
29.227,6.0226,3.1038,1.2526,0.0896,1.1071,0.85,0.495,-0.293,0.495,-0.293,0.0,28,1,0.461
29.258,6.0293,3.1294,1.2279,0.0841,1.1071,0.85,0.495,-0.293,0.495,-0.293,0.0,28,1,0.435
29.289,6.0293,3.1294,1.2279,0.0841,1.1071,0.85,0.494,-0.299,0.495,-0.293,0.0,28,1,0.435
29.319,6.0293,3.1294,1.2279,0.0841,1.1071,0.85,0.494,-0.299,0.494,-0.299,0.0,28,1,0.435
29.351,6.0384,3.161,1.1964,0.0781,1.1071,0.85,0.494,-0.299,0.494,-0.299,0.0,28,1,0.403
29.381,6.0384,3.161,1.1964,0.0781,1.1071,0.85,0.493,-0.295,0.494,-0.299,0.0,28,1,0.403
29.412,6.0384,3.161,1.1964,0.0781,1.1071,0.85,0.493,-0.295,0.493,-0.295,0.0,28,1,0.403
29.443,6.0485,3.1923,1.1652,0.0732,1.1071,0.85,0.493,-0.295,0.493,-0.295,0.0,28,1,0.371
29.473,6.0485,3.1923,1.1652,0.0732,1.1071,0.85,0.491,-0.283,0.493,-0.295,0.0,28,1,0.371
29.504,6.0485,3.1923,1.1652,0.0732,1.1071,0.85,0.491,-0.283,0.491,-0.283,0.0,28,1,0.371
29.535,6.0575,3.2174,1.142,0.0701,1.1071,0.85,0.491,-0.283,0.491,-0.283,0.0,28,1,0.345
29.566,6.0575,3.2174,1.142,0.0701,1.1071,0.85,0.488,-0.265,0.491,-0.283,0.0,28,1,0.345
29.597,6.0575,3.2174,1.142,0.0701,1.1071,0.85,0.488,-0.265,0.488,-0.265,0.0,28,1,0.345
29.627,6.0699,3.2486,1.1152,0.0672,1.1071,0.9,0.488,-0.265,0.488,-0.265,0.0,28,1,0.312
29.658,6.0699,3.2486,1.1152,0.0672,1.1071,0.9,0.488,-0.261,0.488,-0.265,0.0,28,1,0.312
29.688,6.0699,3.2486,1.1152,0.0672,1.1071,0.9,0.488,-0.261,0.488,-0.246,0.0,28,1,0.312
29.719,6.0805,3.2734,1.095,0.0656,1.1071,0.9,0.488,-0.261,0.488,-0.246,0.0,28,1,0.285
29.749,6.0805,3.2734,1.095,0.0656,1.1071,0.9,0.482,-0.242,0.488,-0.246,0.0,28,1,0.285
29.78,6.0805,3.2734,1.095,0.0656,1.1071,0.9,0.482,-0.242,0.476,-0.226,0.0,28,1,0.285
29.811,6.0945,3.3039,1.0716,0.0606,0.7854,0.9,0.482,-0.242,0.476,-0.226,0.0,28,1,0.252
29.841,6.0945,3.3039,1.0716,0.0284,1.1071,0.9,0.482,-0.242,0.476,-0.226,0.0,29,1,0.252
29.872,6.0945,3.3039,1.0716,0.0284,1.1071,0.9,0.457,-0.208,0.476,-0.226,0.0,29,1,0.252
29.902,6.0945,3.3039,1.0716,0.0284,1.1071,0.9,0.457,-0.208,0.457,-0.208,0.0,29,1,0.252
29.934,6.1121,3.3393,1.0473,0.0197,1.1071,0.95,0.457,-0.208,0.457,-0.208,0.0,29,1,0.213
