i,angulo,alcance,x,y,ate_parede
0,-3.1416,1.318,-0.966,0.713,0.2
1,-3.1241,1.28,-0.934,0.683,0.25
2,-3.1067,1.278,-0.937,0.661,0.25
3,-3.0892,1.278,-0.94,0.639,0.25
4,-3.0718,1.313,-0.978,0.622,0.2
5,-3.0543,1.28,-0.949,0.595,0.25
6,-3.0369,1.282,-0.954,0.573,0.25
7,-3.0194,1.28,-0.954,0.551,0.25
8,-3.002,1.308,-0.984,0.531,0.2
9,-2.9845,1.284,-0.962,0.506,0.25
10,-2.9671,1.284,-0.963,0.484,0.25
11,-2.9496,1.291,-0.971,0.462,0.2
12,-2.9322,1.279,-0.96,0.439,0.25
13,-2.9147,1.269,-0.95,0.417,0.25
14,-2.8972,1.246,-0.926,0.395,0.25
15,-2.8798,1.24,-0.919,0.374,0.25
16,-2.8623,1.227,-0.906,0.353,0.3
17,-2.8449,1.214,-0.891,0.332,0.3
18,-2.8274,1.206,-0.882,0.312,0.3
19,-2.81,1.195,-0.868,0.292,0.3
20,-2.7925,1.183,-0.854,0.273,0.35
21,-2.7751,1.175,-0.844,0.254,0.35
22,-2.7576,1.165,-0.83,0.235,0.35
23,-2.7402,1.153,-0.815,0.217,0.35
24,-2.7227,1.156,-0.814,0.197,0.35
25,-2.7053,1.137,-0.791,0.181,0.4
26,-2.6878,1.031,-0.684,0.186,0.5
27,-2.6704,1.025,-0.674,0.17,0.5
28,-2.6529,0.982,-0.628,0.164,
29,-2.6354,0.982,-0.623,0.148,
30,-2.618,0.982,-0.618,0.131,
31,-2.6005,0.982,-0.613,0.115,
32,-2.5831,1.004,-0.629,0.091,
33,-2.5656,0.987,-0.607,0.081,
34,-2.5482,0.985,-0.598,0.066,
35,-2.5307,0.97,-0.578,0.055,
36,-2.5133,0.962,-0.564,0.043,
37,-2.4958,0.957,-0.553,0.03,
38,-2.4784,1.004,-0.588,-0.006,0.5
39,-2.4609,0.983,-0.562,-0.012,
40,-2.4435,1.017,-0.584,-0.043,0.461
41,-2.426,1.084,-0.636,-0.091,0.391
42,-2.4086,1.105,-0.644,-0.117,0.391
43,-2.3911,1.108,-0.637,-0.136,0.354
44,-2.3736,1.097,-0.618,-0.147,0.354
45,-2.3562,1.13,-0.636,-0.18,0.32
46,-2.3387,1.17,-0.659,-0.219,0.32
47,-2.3213,1.198,-0.67,-0.251,0.25
48,-2.3038,1.193,-0.655,-0.266,0.283
49,-2.2864,1.232,-0.674,-0.306,0.212
50,-2.2689,1.961,-1.241,-0.765,0.32
51,-2.2515,1.989,-1.242,-0.809,0.292
52,-2.234,2.486,-1.605,-1.151,0.269
53,-2.2166,2.06,-1.252,-0.909,0.206
54,-2.1991,2.211,-1.342,-1.036,0.112
55,-2.1817,2.347,-1.417,-1.156,0.141
56,-2.1642,2.309,-1.362,-1.16,0.05
57,-2.1468,2.33,-1.349,-1.204,0.05
58,-2.1293,2.331,-1.321,-1.233,0.0
59,-2.1118,2.482,-1.396,-1.371,0.05
60,-2.0944,2.495,-1.374,-1.41,0.05
61,-2.0769,2.512,-1.352,-1.452,0.0
62,-2.0595,2.597,-1.375,-1.545,0.05
63,-2.042,2.676,-1.391,-1.635,0.05
64,-2.0246,2.728,-1.387,-1.705,0.05
65,-2.0071,2.725,-1.347,-1.732,0.0
66,-1.9897,2.741,-1.319,-1.774,0.0
67,-1.9722,2.89,-1.368,-1.923,0.0
68,-1.9548,2.769,-1.258,-1.853,0.071
69,-1.9373,2.766,-1.216,-1.878,0.05
70,-1.9199,2.758,-1.171,-1.897,0.1
71,-1.9024,2.845,-1.177,-1.997,0.1
72,-1.885,2.749,-1.085,-1.94,0.15
73,-1.8675,2.74,-1.039,-1.956,0.15
74,-1.85,2.735,-0.995,-1.976,0.1
75,-1.8326,2.892,-1.026,-2.137,0.05
76,-1.8151,2.719,-0.903,-2.006,0.1
77,-1.7977,2.704,-0.854,-2.013,0.1
78,-1.7802,2.434,-0.698,-1.788,0.3
79,-1.7628,2.711,-0.771,-2.059,0.05
80,-1.7453,2.466,-0.633,-1.852,0.25
81,-1.7279,2.683,-0.674,-2.07,0.0
82,-1.7104,2.679,-0.628,-2.083,0.0
83,-1.693,2.669,-0.581,-2.089,0.0
84,-1.6755,2.669,-0.537,-2.105,0.0
85,-1.6581,2.651,-0.487,-2.102,0.0
86,-1.6406,2.655,-0.444,-2.119,0.0
87,-1.6232,2.623,-0.391,-2.102,0.0
88,-1.6057,2.835,-0.401,-2.318,0.0
89,-1.5882,2.617,-0.301,-2.12,0.0
90,-1.5708,2.63,-0.26,-2.142,0.0
91,-1.5533,2.622,-0.213,-2.144,0.0
92,-1.5359,2.839,-0.209,-2.367,0.0
93,-1.5184,2.61,-0.121,-2.149,0.0
94,-1.501,2.327,-0.033,-1.877,0.2
95,-1.4835,2.331,0.006,-1.887,0.2
96,-1.4661,2.578,0.018,-2.137,0.0
97,-1.4486,2.397,0.081,-1.962,0.15
98,-1.4312,2.136,0.144,-1.706,0.403
99,-1.4137,2.148,0.18,-1.72,0.354
100,-1.3963,2.183,0.216,-1.758,0.35
101,-1.3788,2.191,0.254,-1.767,0.354
102,-1.3614,2.429,0.289,-2.005,0.141
103,-1.3439,2.421,0.331,-1.998,0.141
104,-1.3265,2.347,0.372,-1.923,0.18
105,-1.309,2.107,0.403,-1.682,0.361
106,-1.2915,2.117,0.441,-1.69,0.335
107,-1.2741,2.103,0.476,-1.674,0.335
108,-1.2566,2.09,0.512,-1.658,0.364
109,-1.2392,2.086,0.548,-1.65,0.354
110,-1.2217,2.086,0.584,-1.646,0.354
111,-1.2043,2.094,0.621,-1.649,0.35
112,-1.1868,2.126,0.662,-1.675,0.3
113,-1.1694,2.29,0.728,-1.83,0.15
114,-1.1519,2.357,0.78,-1.888,0.112
115,-1.1345,2.481,0.847,-2.001,0.071
116,-1.117,2.351,0.86,-1.865,0.206
117,-1.0996,2.313,0.89,-1.818,0.269
118,-1.0821,2.264,0.916,-1.761,0.316
119,-1.0647,2.304,0.965,-1.789,0.25
120,-1.0472,2.28,0.997,-1.754,0.269
121,-1.0297,2.294,1.039,-1.755,0.255
122,-1.0123,2.308,1.081,-1.755,0.255
123,-0.9948,2.3,1.117,-1.735,0.25
124,-0.9774,2.342,1.169,-1.759,0.25
125,-0.9599,2.385,1.224,-1.784,0.2
126,-0.9425,2.684,1.38,-2.042,0.05
127,-0.925,2.763,1.456,-2.096,0.1
128,-0.9076,2.791,1.511,-2.1,0.071
129,-0.8901,2.64,1.488,-1.944,0.18
130,-0.8727,2.641,1.53,-1.924,0.18
131,-0.8552,2.646,1.573,-1.907,0.206
132,-0.8378,2.695,1.638,-1.928,0.15
133,-0.8203,2.768,1.715,-1.967,0.15
134,-0.8029,2.869,1.809,-2.029,0.071
135,-0.7854,3.018,1.931,-2.128,0.05
136,-0.7679,3.753,2.379,-2.715,0.05
137,-0.7505,3.089,2.06,-2.13,0.1
138,-0.733,3.187,2.16,-2.179,0.05
139,-0.7156,3.351,2.302,-2.278,0.0
140,-0.6981,3.459,2.415,-2.33,0.0
141,-0.6807,3.421,2.439,-2.262,0.05
142,-0.6632,3.435,2.494,-2.236,0.05
143,-0.6458,3.103,2.325,-1.944,0.071
144,-0.6283,3.06,2.338,-1.876,0.05
145,-0.6109,3.034,2.36,-1.821,0.05
146,-0.5934,3.012,2.384,-1.77,0.071
147,-0.576,3.008,2.42,-1.731,0.071
148,-0.5585,3.008,2.457,-1.693,0.071
149,-0.5411,3.021,2.503,-1.665,0.1
150,-0.5236,3.224,2.688,-1.764,0.05
151,-0.5061,3.278,2.766,-1.759,0.05
152,-0.4887,4.375,3.635,-2.431,0.1
153,-0.4712,4.323,3.644,-2.339,0.1
154,-0.4538,4.269,3.65,-2.247,0.1
155,-0.4363,4.015,3.495,-2.033,0.112
156,-0.4189,3.983,3.512,-1.958,0.05
157,-0.4014,3.939,3.517,-1.877,0.05
158,-0.384,3.945,3.562,-1.824,0.0
159,-0.3665,3.938,3.595,-1.763,0.0
160,-0.3491,4.079,3.751,-1.782,0.15
161,-0.3316,3.879,3.619,-1.616,0.0
162,-0.3142,3.861,3.639,-1.549,0.0
163,-0.2967,3.822,3.639,-1.472,0.0
164,-0.2793,3.805,3.657,-1.406,0.0
165,-0.2618,3.802,3.685,-1.346,0.0
166,-0.2443,4.126,4.004,-1.432,0.206
167,-0.2269,3.983,3.908,-1.306,0.071
168,-0.2094,3.958,3.914,-1.232,0.05
169,-0.192,3.879,3.871,-1.137,0.0
170,-0.1745,3.855,3.875,-1.066,0.0
171,-0.1571,3.843,3.89,-0.999,0.071
172,-0.1396,3.851,3.921,-0.939,0.1
173,-0.1222,3.846,3.939,-0.874,0.141
174,-0.1047,3.877,3.991,-0.821,0.158
175,-0.0873,3.91,4.044,-0.767,0.1
176,-0.0698,4.163,4.306,-0.775,0.18
177,-0.0524,4.165,4.329,-0.705,0.112
178,-0.0349,4.162,4.345,-0.634,0.15
179,-0.0175,4.166,4.366,-0.565,0.18
180,-0.0,4.163,4.38,-0.494,0.2
181,0.0175,4.164,4.396,-0.423,0.25
182,0.0349,4.158,4.405,-0.35,0.18
183,0.0524,4.473,4.728,-0.332,0.112
184,0.0698,4.384,4.653,-0.242,0.05
185,0.0873,4.633,4.911,-0.199,0.05
186,0.1047,4.661,4.948,-0.122,0.1
187,0.1222,4.674,4.97,-0.043,0.1
188,0.1396,4.684,4.988,0.038,0.158
189,0.1571,4.695,5.004,0.118,0.18
190,0.1745,4.717,5.031,0.199,0.206
191,0.192,4.721,5.038,0.281,0.25
192,0.2094,4.741,5.06,0.364,0.25
193,0.2269,4.761,5.08,0.446,0.25
194,0.2443,4.778,5.096,0.53,0.3
195,0.2618,4.803,5.119,0.614,0.3
196,0.2793,4.832,5.143,0.7,0.35
197,0.2967,7.264,7.563,0.965,0.45
198,0.3142,7.273,7.562,1.092,0.45
199,0.3316,3.093,3.394,0.761,0.3
200,0.3491,3.07,3.364,0.812,0.25
201,0.3665,3.069,3.357,0.865,0.2
202,0.384,3.118,3.397,0.926,0.15
203,0.4014,3.118,3.387,0.98,0.1
204,0.4189,3.117,3.376,1.033,0.0
205,0.4363,3.141,3.388,1.091,0.0
206,0.4538,2.859,3.102,1.08,0.05
207,0.4712,2.882,3.113,1.134,0.0
208,0.4887,2.883,3.101,1.183,0.0
209,0.5061,2.213,2.443,1.043,0.112
210,0.5236,2.164,2.386,1.066,0.05
211,0.5411,2.152,2.363,1.098,0.0
212,0.5585,2.152,2.35,1.133,0.0
213,0.576,2.199,2.382,1.185,0.0
214,0.5934,2.17,2.342,1.211,0.0
215,0.6109,2.154,2.313,1.24,0.0
216,0.6283,2.138,2.284,1.268,0.05
217,0.6458,2.104,2.237,1.288,0.071
218,0.6632,2.109,2.227,1.324,0.112
219,0.6807,2.105,2.207,1.355,0.141
220,0.6981,1.951,2.054,1.317,0.158
221,0.7156,1.933,2.022,1.339,0.141
222,0.733,1.859,1.941,1.332,0.112
223,0.7505,1.777,1.854,1.319,0.05
224,0.7679,1.762,1.825,1.338,0.05
225,0.7854,1.744,1.794,1.354,0.05
226,0.8029,1.712,1.751,1.363,0.0
227,0.8203,1.713,1.735,1.388,0.0
228,0.8378,1.718,1.722,1.416,0.0
229,0.8552,1.713,1.7,1.437,0.05
230,0.8727,1.73,1.696,1.471,0.05
231,0.8901,1.796,1.729,1.536,0.15
232,0.9076,1.814,1.723,1.571,0.15
233,0.925,1.827,1.713,1.604,0.112
234,0.9425,1.831,1.695,1.631,0.112
235,0.9599,1.842,1.683,1.663,0.112
236,0.9774,1.844,1.662,1.687,0.1
237,0.9948,1.843,1.639,1.71,0.1
238,1.0123,1.851,1.622,1.738,0.158
239,1.0297,1.771,1.543,1.703,0.2
240,1.0472,1.757,1.511,1.714,0.25
241,1.0647,1.756,1.488,1.734,0.25
242,1.0821,1.809,1.5,1.794,0.255
243,1.0996,1.843,1.497,1.841,0.269
244,1.117,1.829,1.463,1.85,0.224
245,1.1345,1.847,1.45,1.884,0.25
246,1.1519,1.821,1.408,1.883,0.212
247,1.1694,1.817,1.38,1.898,0.18
248,1.1868,1.813,1.352,1.914,0.18
249,1.2043,1.858,1.351,1.969,0.224
250,1.2217,1.812,1.299,1.948,0.206
251,1.2392,1.901,1.319,2.04,0.304
252,1.2566,1.836,1.257,2.002,0.25
253,1.2741,1.83,1.227,2.013,0.255
254,1.2915,1.821,1.194,2.02,0.255
255,1.309,1.808,1.16,2.023,0.25
256,1.3265,1.804,1.13,2.034,0.292
257,1.3439,1.786,1.094,2.032,0.292
258,1.3614,1.783,1.065,2.043,0.25
259,1.3788,1.779,1.035,2.052,0.212
260,1.3963,1.768,1.002,2.054,0.212
261,1.4137,1.761,0.971,2.059,0.18
262,1.4312,1.757,0.941,2.066,0.18
263,1.4486,1.758,0.913,2.078,0.158
264,1.4661,1.747,0.88,2.077,0.15
265,1.4835,1.745,0.851,2.086,0.1
266,1.501,1.749,0.823,2.098,0.1
267,1.5184,1.744,0.792,2.102,0.1
268,1.5359,1.74,0.761,2.105,0.112
269,1.5533,1.744,0.733,2.118,0.141
270,1.5708,2.279,0.821,2.646,0.45
271,1.5882,2.372,0.801,2.745,
272,1.6057,2.386,0.763,2.767,
273,1.6232,2.391,0.723,2.779,
274,1.6406,2.395,0.683,2.791,
275,1.6581,2.399,0.642,2.8,
276,1.6755,2.41,0.601,2.816,
277,1.693,2.401,0.559,2.812,
278,1.7104,2.409,0.518,2.824,
279,1.7279,2.426,0.477,2.844,
280,1.7453,2.435,0.435,2.856,
281,1.7628,2.442,0.393,2.864,
282,1.7802,2.448,0.35,2.871,
283,1.7977,2.461,0.307,2.884,
284,1.8151,2.468,0.264,2.89,
285,1.8326,2.318,0.227,2.739,0.427
286,1.85,2.15,0.196,2.569,0.25
287,1.8675,2.001,0.17,2.419,0.112
288,1.885,1.893,0.145,2.308,0.071
289,1.9024,1.856,0.116,2.268,0.0
290,1.9199,1.86,0.084,2.268,0.0
291,1.9373,1.867,0.051,2.271,0.0
292,1.9548,1.874,0.017,2.273,0.0
293,1.9722,1.888,-0.018,2.281,0.05
294,1.9897,1.642,-0.002,2.034,0.2
295,2.0071,1.543,-0.009,1.931,0.158
296,2.0246,1.468,-0.018,1.852,0.2
297,2.042,1.529,-0.058,1.905,0.206
298,2.0595,1.408,-0.052,1.781,0.2
299,2.0769,1.38,-0.067,1.747,0.25
300,2.0944,1.371,-0.088,1.732,0.25
301,2.1118,1.366,-0.109,1.72,0.25
302,2.1293,1.379,-0.136,1.725,0.269
303,2.1468,1.377,-0.158,1.715,0.269
304,2.1642,1.393,-0.186,1.721,0.224
305,2.1817,1.403,-0.212,1.721,0.224
306,2.1991,1.41,-0.238,1.718,0.18
307,2.2166,1.414,-0.262,1.712,0.18
308,2.234,1.414,-0.284,1.701,0.141
309,2.2515,1.428,-0.313,1.703,0.141
310,2.2689,1.437,-0.339,1.7,0.112
311,2.2864,1.461,-0.373,1.71,0.071
312,2.3038,1.47,-0.399,1.705,0.071
313,2.3213,1.5,-0.437,1.718,0.05
314,2.3387,1.723,-0.575,1.896,0.141
315,2.3562,1.797,-0.64,1.942,0.2
316,2.3736,1.767,-0.65,1.9,0.15
317,2.3911,1.732,-0.656,1.854,0.1
318,2.4086,2.113,-0.901,2.148,0.45
319,2.426,1.703,-0.688,1.796,0.071
320,2.4435,1.693,-0.706,1.77,0.05
321,2.4609,1.699,-0.733,1.756,0.1
322,2.4784,1.705,-0.76,1.743,0.1
323,2.4958,2.002,-0.975,1.95,0.391
324,2.5133,1.703,-0.804,1.703,0.071
325,2.5307,1.706,-0.828,1.685,0.112
326,2.5482,1.705,-0.85,1.665,0.071
327,2.5656,1.707,-0.872,1.645,0.112
328,2.5831,1.91,-1.038,1.767,0.255
329,2.6005,1.707,-0.914,1.603,0.15
330,2.618,1.574,-0.837,1.491,0.112
331,2.6354,1.498,-0.798,1.42,0.05
332,2.6529,1.462,-0.789,1.377,0.05
333,2.6704,1.854,-1.106,1.608,0.1
334,2.6878,1.408,-0.779,1.304,0.05
335,2.7053,1.391,-0.781,1.274,0.0
336,2.7227,1.724,-1.062,1.454,0.071
337,2.7402,1.379,-0.8,1.228,0.0
338,2.7576,1.363,-0.801,1.199,0.0
339,2.7751,1.351,-0.804,1.173,0.0
340,2.7925,1.747,-1.15,1.367,0.05
341,2.81,1.332,-0.814,1.124,0.05
342,2.8274,1.334,-0.828,1.105,0.0
343,2.8449,1.334,-0.839,1.084,0.0
344,2.8623,1.329,-0.846,1.061,0.05
345,2.8798,1.343,-0.869,1.048,0.05
346,2.8972,1.31,-0.851,1.012,0.1
347,2.9147,1.584,-1.107,1.11,0.05
348,2.9322,1.308,-0.869,0.97,0.15
349,2.9496,1.297,-0.868,0.945,0.15
350,2.9671,1.288,-0.869,0.92,0.2
351,2.9845,1.638,-1.203,1.029,0.0
352,3.002,1.286,-0.884,0.878,0.25
353,3.0194,1.281,-0.886,0.855,0.25
354,3.0369,1.286,-0.898,0.836,0.25
355,3.0543,1.323,-0.941,0.826,0.206
356,3.0718,1.279,-0.906,0.791,0.255
357,3.0892,1.279,-0.912,0.77,0.269
358,3.1067,1.279,-0.918,0.748,0.224
359,3.1241,1.321,-0.964,0.736,0.18
