t,dente,fase,x,y,yaw,cmd_v,cmd_wz,v_pose,wz_pose,v_twist,wz_twist,x_roda,y_roda,yaw_roda,v_roda,wz_roda
0.0,0,sobe,14.9313,2.6823,0.3711,0.0,0.0,0.0,0.0,0.0,0.0,,,,0.0,0.0
0.02,0,sobe,14.9313,2.6823,0.3711,0.0,0.0,0.0,0.0,0.0,0.0,14.8946,2.9445,0.4009,0.0,0.0
0.04,0,sobe,14.9313,2.6823,0.3711,0.0,0.0,0.0,0.0,0.0,0.0,14.8946,2.9445,0.4009,0.0,0.0
0.06,0,sobe,14.9313,2.6823,0.3711,0.0,0.0,0.0,0.0,0.0,0.0,14.8946,2.9445,0.4009,0.0,0.0
0.081,0,sobe,14.9313,2.6823,0.3711,0.0,0.0,0.0,0.0,0.0,0.0,14.8946,2.9445,0.4009,0.0,0.0
0.1,0,sobe,14.9313,2.6823,0.3711,0.0,0.0,0.0,0.0,0.0,0.0,14.8946,2.9445,0.4009,0.0,0.0
0.12,0,sobe,14.9313,2.6823,0.3711,0.0,0.0,0.0,0.0,0.0,0.0,14.8946,2.9445,0.4009,0.0,0.0
0.14,0,sobe,14.9313,2.6823,0.3711,0.0,0.0,0.0,0.0,0.0,0.0,14.8946,2.9445,0.4009,0.0,0.0
0.16,0,sobe,14.9313,2.6823,0.3711,0.0,0.0,0.0,0.0,0.0,0.0,14.8946,2.9445,0.4009,0.0,0.0
0.18,0,sobe,14.9313,2.6823,0.3711,0.0,0.0,0.0,0.0,0.0,0.0,14.8946,2.9445,0.4009,0.0,0.0
0.2,0,sobe,14.9313,2.6823,0.3711,0.0,0.0,0.0,0.0,0.0,0.0,14.8946,2.9445,0.4009,0.0,0.0
0.22,0,sobe,14.9313,2.6823,0.3711,0.0,0.0,0.0,0.0,0.0,0.0,14.8946,2.9445,0.4009,0.0,0.0
0.24,0,sobe,14.9313,2.6823,0.3711,0.0,0.0,0.0,0.0,0.0,0.0,14.8946,2.9445,0.4009,0.0,0.0
0.26,0,sobe,14.9313,2.6823,0.3711,0.0,0.0,0.0,0.0,0.0,0.0,14.8946,2.9445,0.4009,0.0,0.0
0.28,0,sobe,14.9313,2.6823,0.3711,0.0,0.0,0.0,0.0,0.0,0.0,14.8946,2.9445,0.4009,0.0,0.0
0.3,0,sobe,14.9313,2.6823,0.3711,0.0,0.0,0.0,0.0,0.0,0.0,14.8946,2.9445,0.4009,0.0,0.0
0.32,0,sobe,14.9313,2.6823,0.3711,0.0,0.0,0.0,0.0,0.0,0.0,14.8946,2.9445,0.4009,0.0,0.0
0.34,0,sobe,14.9324,2.6828,0.3713,0.0,0.0,0.0036,0.0006,0.0792,0.0,14.8946,2.9445,0.4009,0.0,0.0
0.36,0,sobe,14.9339,2.6833,0.3713,0.0,0.0,0.0078,0.0007,0.0792,0.0,14.8946,2.9445,0.4009,0.0,0.0
0.38,0,sobe,14.9354,2.6839,0.3713,0.0,0.0,0.0115,0.0007,0.0792,0.0,14.8946,2.9445,0.4009,0.0,0.0
0.4,0,sobe,14.9368,2.6845,0.3714,0.0,0.0,0.0149,0.0007,0.0792,0.0,14.8946,2.9445,0.4009,0.0,0.0
0.42,0,sobe,14.9383,2.685,0.3714,0.0,0.0,0.018,0.0007,0.0792,0.0,14.9019,2.9475,0.4009,0.0198,0.0002
0.44,0,sobe,14.9398,2.6856,0.3714,0.0,0.0,0.0208,0.0007,0.0801,0.0,14.9019,2.9475,0.4009,0.0189,0.0002
0.46,0,sobe,14.9413,2.6862,0.3714,0.0,0.0,0.0234,0.0007,0.0801,0.0,14.9019,2.9475,0.4009,0.018,0.0002
0.48,0,sobe,14.9428,2.6868,0.3714,0.0,0.0,0.0257,0.0007,0.0801,0.0,14.9019,2.9475,0.4009,0.0172,0.0002
0.501,0,sobe,14.9458,2.688,0.3714,0.0,0.0,0.0324,0.0007,0.0801,0.0,14.9092,2.9507,0.401,0.0331,0.0002
0.52,0,sobe,14.9458,2.688,0.3714,0.0,0.0,0.0311,0.0007,0.0801,0.0,14.9092,2.9507,0.401,0.0319,0.0002
0.584,0,sobe,14.9466,2.6883,0.3714,0.0,0.0,0.034,0.0007,0.0184,0.0019,14.9092,2.9507,0.401,0.0329,0.0002
0.637,0,sobe,14.947,2.6884,0.3714,0.0,0.0,0.034,0.0007,0.0223,0.0,14.9113,2.9515,0.401,0.0365,0.0002
0.734,0,sobe,14.9475,2.6886,0.3714,0.0,0.0,0.0351,0.0007,0.0223,0.0,14.9123,2.952,0.401,0.0391,0.0003
0.844,0,sobe,14.9485,2.689,0.3714,0.0,0.0,0.0324,0.0002,0.0114,0.0,14.9134,2.9524,0.401,0.0422,0.0003
0.86,0,sobe,14.9504,2.6898,0.3715,0.0,0.0,0.0355,0.0002,0.0114,0.0,14.9134,2.9524,0.401,0.0409,0.0003
0.88,0,sobe,14.9507,2.6898,0.3715,0.0,0.0,0.0328,0.0002,0.0114,0.0,14.9134,2.9524,0.401,0.0409,0.0003
0.9,0,sobe,14.9509,2.6899,0.3715,0.0,0.0,0.0301,0.0002,0.0114,0.0,14.9134,2.9524,0.401,0.0409,0.0003
0.92,0,sobe,14.9511,2.69,0.3715,0.0,0.0,0.0274,0.0002,0.0114,0.0,14.9145,2.9529,0.401,0.0273,0.0001
0.94,0,sobe,14.9511,2.69,0.3715,0.0,0.0,0.0242,0.0001,-0.0,-0.0,14.9145,2.9529,0.401,0.0273,0.0001
0.96,0,sobe,14.9511,2.69,0.3715,0.0,0.0,0.021,0.0001,-0.0,-0.0,14.9145,2.9529,0.401,0.0273,0.0001
0.98,0,sobe,14.9511,2.69,0.3715,0.0,0.0,0.0178,0.0001,-0.0,-0.0,14.9145,2.9529,0.401,0.0273,0.0001
1.0,0,sobe,14.9511,2.69,0.3715,0.0,0.0,0.0114,0.0001,0.0,0.0,14.9145,2.9529,0.401,0.0113,0.0001
1.02,0,sobe,14.9511,2.69,0.3715,0.0,0.0,0.0113,0.0001,0.0,0.0,14.9145,2.9529,0.401,0.0113,0.0001
1.04,0,sobe,14.9511,2.69,0.3715,0.0,0.0,0.0105,0.0,0.0,0.0,14.9145,2.9529,0.401,0.0124,0.0001
1.06,0,sobe,14.9511,2.69,0.3715,0.0,0.0,0.01,0.0,-0.0,-0.0,14.9145,2.9529,0.401,0.0119,0.0001
1.08,0,sobe,14.9511,2.69,0.3715,0.0,0.0,0.0096,0.0,0.0,0.0,14.9145,2.9529,0.401,0.0114,0.0001
1.1,0,sobe,14.9511,2.69,0.3715,0.0,0.0,0.0093,0.0,-0.0,-0.0,14.9145,2.9529,0.401,0.0074,0.0
1.12,0,sobe,14.9511,2.69,0.3715,0.0,0.0,0.009,0.0,0.0,0.0,14.9145,2.9529,0.401,0.0071,0.0
1.14,0,sobe,14.9511,2.69,0.3715,0.0,0.0,0.0096,0.0,0.0,0.0,14.9145,2.9529,0.401,0.0056,0.0
1.16,0,sobe,14.9511,2.69,0.3715,0.0,0.0,0.0091,0.0,-0.0,-0.0,14.9145,2.9529,0.401,0.0054,0.0
1.18,0,sobe,14.9511,2.69,0.3715,0.0,0.0,0.0087,0.0,0.0,0.0,14.9145,2.9529,0.401,0.0051,0.0
1.2,0,sobe,14.9511,2.69,0.3715,0.0,0.0,0.0083,0.0,0.0,0.0,14.9145,2.9529,0.401,0.0049,0.0
1.22,0,sobe,14.9511,2.69,0.3715,0.0,0.0,0.008,0.0,0.0,0.0,14.9145,2.9529,0.401,0.0047,0.0
1.24,0,sobe,14.9511,2.69,0.3715,0.0,0.0,0.0069,0.0,0.0,0.0,14.9145,2.9529,0.401,0.0029,0.0
1.26,0,sobe,14.9511,2.69,0.3715,0.0,0.0,0.0066,0.0,0.0,0.0,14.9145,2.9529,0.401,0.0027,0.0
1.28,0,sobe,14.9511,2.69,0.3715,0.0,0.0,0.0063,0.0,0.0,0.0,14.9145,2.9529,0.401,0.0026,0.0
1.3,0,sobe,14.9511,2.69,0.3715,0.0,0.0,0.006,0.0,0.0,0.0,14.9145,2.9529,0.401,0.0025,0.0
1.32,0,sobe,14.9511,2.69,0.3715,0.0,0.0,0.0058,0.0,0.0,0.0,14.9145,2.9529,0.401,0.0024,0.0
1.34,0,sobe,14.9511,2.69,0.3715,0.0,0.0,0.0055,0.0,0.0,0.0,14.9145,2.9529,0.401,0.0023,0.0
1.36,0,sobe,14.9511,2.69,0.3715,0.0,0.0,0.0014,0.0,-0.0,-0.0,14.9145,2.9529,0.401,0.0023,0.0
1.38,0,sobe,14.9511,2.69,0.3715,0.0,0.0,0.0009,0.0,0.0,0.0,14.9145,2.9529,0.401,0.0023,0.0
1.4,0,sobe,14.9511,2.69,0.3715,0.0,0.0,0.0005,0.0,0.0,0.0,14.9145,2.9529,0.401,0.0023,0.0
1.42,0,sobe,14.9511,2.69,0.3715,0.0,0.0,0.0,-0.0,0.0,0.0,14.9145,2.9529,0.401,0.0,-0.0
1.44,0,sobe,14.9511,2.69,0.3715,0.0,0.0,0.0,-0.0,0.0,0.0,14.9145,2.9529,0.401,0.0,-0.0
1.46,0,sobe,14.9511,2.69,0.3715,0.0,0.0,0.0,-0.0,0.0,0.0,14.9145,2.9529,0.401,0.0,-0.0
1.48,0,sobe,14.9511,2.69,0.3715,0.0,0.0,0.0,-0.0,0.0,0.0,14.9145,2.9529,0.401,0.0,-0.0
1.5,0,sobe,14.9511,2.69,0.3715,0.0,0.0,0.0,-0.0,0.0,0.0,14.9145,2.9529,0.401,0.0,-0.0
1.52,0,sobe,14.9511,2.69,0.3715,0.0,0.0,0.0,-0.0,0.0,0.0,14.9145,2.9529,0.401,0.0,0.0
1.54,0,sobe,14.9511,2.69,0.3715,0.0,0.0,0.0,-0.0,0.0,0.0,14.9145,2.9529,0.401,0.0,0.0
1.56,0,sobe,14.9511,2.69,0.3715,0.0,0.0,0.0,-0.0,0.0,0.0,14.9145,2.9529,0.401,0.0,0.0
1.58,0,sobe,14.9511,2.69,0.3715,0.0,0.0,0.0,-0.0,0.0,0.0,14.9145,2.9529,0.401,0.0,0.0
1.6,0,sobe,14.9511,2.69,0.3715,0.0,0.0,0.0,-0.0,0.0,0.0,14.9145,2.9529,0.401,0.0,0.0
1.62,0,sobe,14.9511,2.69,0.3715,0.0,0.0,0.0,-0.0,0.0,0.0,14.9145,2.9529,0.401,0.0,0.0
1.64,0,sobe,14.9511,2.69,0.3715,0.0,0.0,0.0,-0.0,0.0,0.0,14.9145,2.9529,0.401,0.0,0.0
1.66,0,sobe,14.9511,2.69,0.3715,0.0,0.0,0.0,-0.0,0.0,0.0,14.9145,2.9529,0.401,0.0,0.0
1.68,0,sobe,14.9511,2.69,0.3715,0.0,0.0,0.0,-0.0,0.0,0.0,14.9145,2.9529,0.401,0.0,0.0
1.7,0,sobe,14.9511,2.69,0.3715,0.0,0.0,0.0,-0.0,0.0,0.0,14.9145,2.9529,0.401,0.0,0.0
1.72,0,sobe,14.9511,2.69,0.3715,0.0,0.0,0.0,-0.0,0.0,0.0,14.9145,2.9529,0.401,0.0,0.0
1.74,0,sobe,14.9511,2.69,0.3715,0.0,0.0,0.0,-0.0,0.0,0.0,14.9145,2.9529,0.401,0.0,0.0
1.76,0,sobe,14.9511,2.69,0.3715,0.0,0.0,0.0,-0.0,0.0,0.0,14.9145,2.9529,0.401,0.0,0.0
1.78,0,sobe,14.9511,2.69,0.3715,0.0,0.0,0.0,-0.0,0.0,0.0,14.9145,2.9529,0.401,0.0,0.0
1.8,0,sobe,14.9511,2.69,0.3715,0.0,0.0,0.0,-0.0,0.0,0.0,14.9145,2.9529,0.401,0.0,0.0
1.82,0,sobe,14.9511,2.69,0.3715,0.0,0.0,0.0,-0.0,0.0,0.0,14.9145,2.9529,0.401,0.0,0.0
1.84,0,sobe,14.9511,2.69,0.3715,0.0,0.0,0.0,-0.0,0.0,0.0,14.9145,2.9529,0.401,0.0,0.0
1.86,0,sobe,14.9511,2.69,0.3715,0.0,0.0,0.0,0.0,0.0,0.0,14.9145,2.9529,0.401,0.0,0.0
1.88,0,sobe,14.9511,2.69,0.3715,0.0,0.0,0.0,0.0,0.0,0.0,14.9145,2.9529,0.401,0.0,0.0
1.9,0,sobe,14.9511,2.69,0.3715,0.0,0.0,0.0,0.0,0.0,0.0,14.9145,2.9529,0.401,0.0,0.0
1.92,0,sobe,14.9511,2.69,0.3715,0.0,0.0,0.0,0.0,0.0,0.0,14.9145,2.9529,0.401,0.0,0.0
1.94,0,sobe,14.9511,2.69,0.3715,0.0,0.0,0.0,0.0,0.0,0.0,14.9145,2.9529,0.401,0.0,0.0
1.96,0,sobe,14.9511,2.69,0.3715,0.0,0.0,0.0,0.0,0.0,0.0,14.9145,2.9529,0.401,0.0,0.0
1.98,0,sobe,14.9511,2.69,0.3715,0.0,0.0,0.0,0.0,0.0,0.0,14.9145,2.9529,0.401,0.0,0.0
2.0,0,sobe,14.9511,2.69,0.3715,0.25,0.0,0.0,0.0,0.0,0.0,14.9145,2.9529,0.401,0.0,0.0
2.02,0,sobe,14.9511,2.69,0.3715,0.25,0.0,0.0,0.0,0.0,0.0,14.9145,2.9529,0.401,0.0,0.0
2.04,0,sobe,14.9511,2.69,0.3715,0.25,0.0,0.0,0.0,0.0,0.0,14.9145,2.9529,0.401,0.0,0.0
2.06,0,sobe,14.9511,2.69,0.3715,0.25,0.0,0.0,0.0,0.0,0.0,14.9145,2.9529,0.401,0.0,0.0
2.08,0,sobe,14.9511,2.69,0.3715,0.25,0.0,0.0,0.0,0.0,0.0,14.9145,2.9529,0.401,0.0,0.0
2.1,0,sobe,14.9511,2.69,0.3715,0.25,0.0,0.0,0.0,0.0,0.0,14.9145,2.9529,0.401,0.0,0.0
2.12,0,sobe,14.9511,2.69,0.3715,0.25,0.0,0.0,0.0,0.0,0.0,14.9145,2.9529,0.401,0.0,0.0
2.14,0,sobe,14.9511,2.69,0.3715,0.25,0.0,0.0,0.0,0.0,0.0,14.9145,2.9529,0.401,0.0,0.0
2.16,0,sobe,14.9511,2.69,0.3715,0.25,0.0,0.0,0.0,0.0,0.0,14.9145,2.9529,0.401,0.0,0.0
2.18,0,sobe,14.9511,2.69,0.3715,0.25,0.0,0.0,0.0,0.0,0.0,14.9145,2.9529,0.401,0.0,0.0
2.2,0,sobe,14.9511,2.69,0.3715,0.25,0.0,0.0,0.0,0.0,0.0,14.9145,2.9529,0.401,0.0,0.0
2.22,0,sobe,14.9511,2.69,0.3715,0.25,0.0,0.0,0.0,0.0,0.0,14.9145,2.9529,0.401,0.0,0.0
2.24,0,sobe,14.9511,2.69,0.3715,0.25,0.0,0.0,0.0,0.0,0.0,14.9145,2.9529,0.401,0.0,0.0
2.26,0,sobe,14.9511,2.69,0.3715,0.25,0.0,0.0,0.0,0.0,0.0,14.9145,2.9529,0.401,0.0,0.0
2.28,0,sobe,14.9511,2.69,0.3715,0.25,0.0,0.0,0.0,0.0,0.0,14.9145,2.9529,0.401,0.0,0.0
2.3,0,sobe,14.9511,2.69,0.3715,0.25,0.0,0.0,0.0,0.0,0.0,14.9145,2.9529,0.401,0.0,0.0
2.32,0,sobe,14.9511,2.69,0.3715,0.25,0.0,0.0,0.0,0.0,0.0,14.9145,2.9529,0.401,0.0,0.0
2.34,0,sobe,14.9521,2.6906,0.37,0.25,0.0,0.0024,-0.0029,0.0764,-0.1427,14.9145,2.9529,0.401,0.0,0.0
2.36,0,sobe,14.9535,2.6914,0.3667,0.25,0.0,0.0056,-0.0094,0.0791,-0.1665,14.9145,2.9529,0.401,0.0,0.0
2.38,0,sobe,14.9549,2.6922,0.3632,0.25,0.0,0.0088,-0.0165,0.0807,-0.1801,14.9145,2.9529,0.401,0.0,0.0
2.4,0,sobe,14.9563,2.6931,0.3596,0.25,0.0,0.0121,-0.0238,0.0808,-0.1815,14.9145,2.9529,0.401,0.0,0.0
2.42,0,sobe,14.9577,2.6939,0.3559,0.25,0.0,0.0154,-0.031,0.0808,-0.1814,14.9219,2.956,0.3858,0.0162,-0.0303
2.44,0,sobe,14.9601,2.6953,0.3516,0.25,0.0,0.0209,-0.0398,0.154,-0.2828,14.9219,2.956,0.3858,0.0162,-0.0303
2.46,0,sobe,14.9629,2.6968,0.3456,0.25,0.0,0.0272,-0.0517,0.1561,-0.3005,14.9219,2.956,0.3858,0.0162,-0.0303
2.48,0,sobe,14.9657,2.6983,0.3395,0.25,0.0,0.0336,-0.064,0.1571,-0.3088,14.9219,2.956,0.3858,0.0162,-0.0303
2.5,0,sobe,14.9685,2.6998,0.3332,0.25,0.0,0.04,-0.0766,0.1582,-0.3167,14.9219,2.956,0.3858,0.0162,-0.0303
2.52,0,sobe,14.9713,2.7014,0.3267,0.25,0.0,0.0464,-0.0895,0.1591,-0.3241,14.9369,2.9618,0.3562,0.0483,-0.0896
2.54,0,sobe,14.9752,2.7033,0.321,0.25,0.0,0.0551,-0.1009,0.2355,-0.2954,14.9369,2.9618,0.3562,0.0483,-0.0896
2.56,0,sobe,14.9796,2.7052,0.315,0.25,0.0,0.0646,-0.1129,0.2367,-0.3006,14.9369,2.9618,0.3562,0.0483,-0.0896
2.58,0,sobe,14.9839,2.7071,0.3089,0.25,0.0,0.0741,-0.1251,0.2377,-0.3052,14.9369,2.9618,0.3562,0.0483,-0.0896
2.6,0,sobe,14.9883,2.709,0.3028,0.25,0.0,0.0837,-0.1374,0.2384,-0.3082,14.9369,2.9618,0.3562,0.0483,-0.0896
2.62,0,sobe,14.9928,2.7109,0.2966,0.25,0.0,0.0933,-0.1497,0.2391,-0.3092,14.9596,2.9699,0.3265,0.0965,-0.1489
2.64,0,sobe,14.9983,2.7132,0.291,0.25,0.0,0.1051,-0.1609,0.315,-0.2912,14.9596,2.9699,0.3265,0.0965,-0.1489
2.66,0,sobe,15.0042,2.7154,0.2852,0.25,0.0,0.1178,-0.1725,0.316,-0.2895,14.9596,2.9699,0.3265,0.0965,-0.1489
2.68,0,sobe,15.0101,2.7176,0.2794,0.25,0.0,0.1304,-0.1841,0.3162,-0.2906,14.9596,2.9699,0.3265,0.0965,-0.1489
2.7,0,sobe,15.0161,2.7198,0.2736,0.25,0.0,0.143,-0.1957,0.3163,-0.2914,14.9596,2.9699,0.3265,0.0965,-0.1489
2.72,0,sobe,15.0221,2.722,0.2678,0.25,0.0,0.1557,-0.2074,0.3165,-0.2919,14.99,2.9797,0.2969,0.1604,-0.2083
2.74,0,sobe,15.0283,2.7241,0.2627,0.25,0.0,0.1688,-0.2174,0.3286,-0.2477,14.99,2.9797,0.2969,0.1604,-0.2083
2.76,0,sobe,15.0345,2.7262,0.2578,0.25,0.0,0.1819,-0.2273,0.3287,-0.2474,14.99,2.9797,0.2969,0.1604,-0.2083
2.78,0,sobe,15.0408,2.7282,0.2529,0.25,0.0,0.195,-0.2372,0.3287,-0.2466,14.99,2.9797,0.2969,0.1604,-0.2083
2.8,0,sobe,15.047,2.7302,0.2479,0.25,0.0,0.2081,-0.247,0.3286,-0.2453,14.99,2.9797,0.2969,0.1604,-0.2083
2.82,0,sobe,15.0533,2.7322,0.2431,0.25,0.0,0.2212,-0.2568,0.3285,-0.2434,15.0217,2.989,0.2728,0.2263,-0.2564
2.84,0,sobe,15.0594,2.734,0.2402,0.25,0.0,0.2314,-0.2596,0.3144,-0.1313,15.0217,2.989,0.2728,0.2263,-0.2564
2.86,0,sobe,15.0654,2.7356,0.2376,0.25,0.0,0.2408,-0.2582,0.3139,-0.1265,15.0217,2.989,0.2728,0.2263,-0.2564
2.88,0,sobe,15.0715,2.7373,0.2352,0.25,0.0,0.25,-0.256,0.3134,-0.1217,15.0217,2.989,0.2728,0.2263,-0.2564
2.9,0,sobe,15.0775,2.739,0.2327,0.25,0.0,0.2593,-0.2536,0.3135,-0.1211,15.0217,2.989,0.2728,0.2263,-0.2564
2.92,0,sobe,15.0836,2.7406,0.2303,0.25,0.0,0.2685,-0.2512,0.3136,-0.1204,15.0521,2.9972,0.2599,0.2732,-0.252
2.94,0,sobe,15.0895,2.742,0.2296,0.25,0.0,0.2751,-0.244,0.3021,-0.0334,15.0521,2.9972,0.2599,0.2732,-0.252
2.96,0,sobe,15.0954,2.7435,0.2289,0.25,0.0,0.2809,-0.2334,0.3021,-0.0331,15.0521,2.9972,0.2599,0.2732,-0.252
2.98,0,sobe,15.1012,2.7449,0.2282,0.25,0.0,0.2867,-0.2225,0.3022,-0.0328,15.0521,2.9972,0.2599,0.2732,-0.252
3.0,0,sobe,15.1071,2.7463,0.2276,0.25,0.0,0.2924,-0.2112,0.3022,-0.0324,15.0521,2.9972,0.2599,0.2732,-0.252
3.02,0,sobe,15.113,2.7477,0.2269,0.25,0.0,0.2981,-0.1996,0.3023,-0.032,15.0814,3.005,0.2563,0.3015,-0.1999
3.04,0,sobe,15.1186,2.7489,0.228,0.25,0.0,0.301,-0.186,0.2887,0.0583,15.0814,3.005,0.2563,0.3015,-0.1999
3.061,0,sobe,15.13,2.7514,0.2301,0.25,0.0,0.3172,-0.1639,0.2898,0.0493,15.0814,3.005,0.2563,0.3135,-0.2078
3.08,0,sobe,15.13,2.7514,0.2301,0.25,0.0,0.3051,-0.1577,0.2898,0.0493,15.0814,3.005,0.2563,0.3015,-0.1999
3.1,0,sobe,15.1356,2.7526,0.2311,0.25,0.0,0.3072,-0.1434,0.2899,0.0492,15.0814,3.005,0.2563,0.3015,-0.1999
3.12,0,sobe,15.1413,2.7539,0.2321,0.25,0.0,0.3092,-0.1291,0.2899,0.0492,15.1094,3.0124,0.262,0.3114,-0.1291
3.14,0,sobe,15.1468,2.755,0.234,0.25,0.0,0.3087,-0.114,0.2822,0.0981,15.1094,3.0124,0.262,0.3114,-0.1291
3.16,0,sobe,15.1523,2.7562,0.236,0.25,0.0,0.3073,-0.0985,0.2822,0.0981,15.1094,3.0124,0.262,0.3114,-0.1291
3.18,0,sobe,15.1579,2.7574,0.2379,0.25,0.0,0.306,-0.083,0.2822,0.0981,15.1094,3.0124,0.262,0.3114,-0.1291
3.201,0,sobe,15.1689,2.7597,0.2418,0.25,0.0,0.3152,-0.0539,0.2822,0.0981,15.1366,3.0199,0.2734,0.3159,-0.0487
3.22,0,sobe,15.1689,2.7597,0.2418,0.25,0.0,0.3032,-0.0518,0.2822,0.0981,15.1366,3.0199,0.2734,0.3039,-0.0469
3.24,0,sobe,15.1744,2.7609,0.2439,0.25,0.0,0.3014,-0.0377,0.2814,0.103,15.1366,3.0199,0.2734,0.3039,-0.0469
3.26,0,sobe,15.1799,2.7621,0.246,0.25,0.0,0.2995,-0.0237,0.2814,0.103,15.1366,3.0199,0.2734,0.3039,-0.0469
3.28,0,sobe,15.1854,2.7633,0.248,0.25,0.0,0.2976,-0.0097,0.2814,0.103,15.1366,3.0199,0.2734,0.3039,-0.0469
3.301,0,sobe,15.1964,2.7658,0.2521,0.25,0.0,0.3055,0.0189,0.2814,0.103,15.1636,3.0276,0.2854,0.3058,0.0263
3.322,0,sobe,15.1964,2.7658,0.2521,0.25,0.0,0.2918,0.0248,0.2814,0.103,15.1636,3.0276,0.2854,0.3052,0.0262
3.34,0,sobe,15.2019,2.7671,0.2542,0.25,0.0,0.2926,0.0279,0.282,0.0992,15.1636,3.0276,0.2854,0.2942,0.0253
3.36,0,sobe,15.2074,2.7683,0.2561,0.25,0.0,0.2913,0.0369,0.2827,0.0949,15.1636,3.0276,0.2854,0.2942,0.0253
3.38,0,sobe,15.2129,2.7696,0.258,0.25,0.0,0.2901,0.0456,0.2827,0.0948,15.1636,3.0276,0.2854,0.2942,0.0253
3.4,0,sobe,15.2184,2.7709,0.2599,0.25,0.0,0.2889,0.0542,0.2827,0.0948,15.1636,3.0276,0.2854,0.2942,0.0253
3.42,0,sobe,15.2239,2.7722,0.2618,0.25,0.0,0.2876,0.0628,0.2827,0.0948,15.1907,3.0357,0.2965,0.2877,0.0733
3.44,0,sobe,15.2294,2.7735,0.2636,0.25,0.0,0.2869,0.0681,0.2833,0.0909,15.1907,3.0357,0.2965,0.2877,0.0733
3.46,0,sobe,15.2349,2.7749,0.2653,0.25,0.0,0.2861,0.0729,0.284,0.0861,15.1907,3.0357,0.2965,0.2877,0.0733
3.48,0,sobe,15.2404,2.7763,0.2671,0.25,0.0,0.2854,0.0777,0.2841,0.0859,15.1907,3.0357,0.2965,0.2877,0.0733
3.501,0,sobe,15.2515,2.779,0.2705,0.25,0.0,0.2952,0.0906,0.2841,0.0859,15.2178,3.0442,0.3065,0.2952,0.1045
3.52,0,sobe,15.257,2.7804,0.2722,0.25,0.0,0.2954,0.0904,0.2847,0.0819,15.2178,3.0442,0.3065,0.284,0.1006
3.54,0,sobe,15.257,2.7804,0.2722,0.25,0.0,0.2838,0.0883,0.2847,0.0819,15.2178,3.0442,0.3065,0.284,0.1006
3.56,0,sobe,15.2625,2.7818,0.2737,0.25,0.0,0.2726,0.0874,0.2855,0.0766,15.2178,3.0442,0.3065,0.2846,0.1008
3.58,0,sobe,15.2681,2.7832,0.2752,0.25,0.0,0.2835,0.0902,0.2859,0.0744,15.2178,3.0442,0.3065,0.284,0.1006
3.6,0,sobe,15.2736,2.7847,0.2767,0.25,0.0,0.2833,0.0912,0.2859,0.0744,15.2178,3.0442,0.3065,0.284,0.1006
3.62,0,sobe,15.2791,2.7861,0.2782,0.25,0.0,0.2831,0.0922,0.2859,0.0744,15.2451,3.0529,0.3152,0.2832,0.1065
3.64,0,sobe,15.2847,2.7876,0.2796,0.25,0.0,0.2833,0.0912,0.2865,0.0703,15.2451,3.0529,0.3152,0.2832,0.1065
3.66,0,sobe,15.2902,2.7891,0.281,0.25,0.0,0.2835,0.0901,0.2868,0.0684,15.2451,3.0529,0.3152,0.2832,0.1065
3.68,0,sobe,15.2957,2.7906,0.2824,0.25,0.0,0.2837,0.0889,0.2868,0.0684,15.2451,3.0529,0.3152,0.2832,0.1065
3.7,0,sobe,15.3013,2.7921,0.2837,0.25,0.0,0.2731,0.0839,0.2868,0.0684,15.2451,3.0529,0.3152,0.2272,0.0837
3.72,0,sobe,15.3068,2.7936,0.2851,0.25,0.0,0.284,0.0865,0.2868,0.0684,15.2723,3.0619,0.3232,0.2841,0.0995
3.74,0,sobe,15.3124,2.7951,0.2864,0.25,0.0,0.2843,0.085,0.2874,0.0649,15.2723,3.0619,0.3232,0.2841,0.0995
3.76,0,sobe,15.3179,2.7966,0.2877,0.25,0.0,0.2845,0.0835,0.2874,0.0647,15.2723,3.0619,0.3232,0.2841,0.0995
3.78,0,sobe,15.3235,2.7981,0.289,0.25,0.0,0.2847,0.082,0.2874,0.0647,15.2723,3.0619,0.3232,0.2841,0.0995
3.8,0,sobe,15.329,2.7997,0.2903,0.25,0.0,0.2743,0.0765,0.2874,0.0647,15.2723,3.0619,0.3232,0.2283,0.0756
3.82,0,sobe,15.3345,2.8012,0.2916,0.25,0.0,0.2864,0.0792,0.2874,0.0647,15.2995,3.0711,0.3307,0.2865,0.091
3.84,0,sobe,15.3401,2.8028,0.2929,0.25,0.0,0.2854,0.0775,0.2872,0.0659,15.2995,3.0711,0.3307,0.2853,0.0906
3.86,0,sobe,15.3456,2.8043,0.2942,0.25,0.0,0.2856,0.0763,0.2872,0.0659,15.2995,3.0711,0.3307,0.2853,0.0906
3.88,0,sobe,15.3511,2.8059,0.2955,0.25,0.0,0.2858,0.0752,0.2872,0.0659,15.2995,3.0711,0.3307,0.2853,0.0906
3.9,0,sobe,15.3566,2.8075,0.2969,0.25,0.0,0.286,0.074,0.2872,0.0659,15.2995,3.0711,0.3307,0.2853,0.0906
3.92,0,sobe,15.3622,2.8091,0.2982,0.25,0.0,0.2862,0.0728,0.2872,0.0659,15.3266,3.0806,0.3384,0.2863,0.0838
3.94,0,sobe,15.3732,2.8122,0.3007,0.25,0.0,0.2978,0.0743,0.2875,0.0641,15.3266,3.0806,0.3384,0.2863,0.0838
3.96,0,sobe,15.3732,2.8122,0.3007,0.25,0.0,0.2865,0.0708,0.2875,0.0641,15.3266,3.0806,0.3384,0.2863,0.0838
3.98,0,sobe,15.3787,2.8139,0.302,0.25,0.0,0.2866,0.0699,0.2875,0.0641,15.3266,3.0806,0.3384,0.2863,0.0838
4.0,0,sobe,15.3843,2.8155,0.3033,0.25,0.0,0.2759,0.0658,0.2875,0.0641,15.3266,3.0806,0.3384,0.2299,0.0639
4.02,0,sobe,15.3898,2.8171,0.3046,0.25,0.0,0.2755,0.0649,0.2875,0.0641,15.3537,3.0902,0.3459,0.2869,0.0788
4.04,0,sobe,15.3953,2.8187,0.3059,0.25,0.0,0.287,0.0674,0.2875,0.0641,15.3537,3.0902,0.3459,0.2869,0.0788
4.06,0,sobe,15.4008,2.8204,0.3072,0.25,0.0,0.2871,0.0669,0.2875,0.0641,15.3537,3.0902,0.3459,0.2869,0.0788
4.08,0,sobe,15.4063,2.822,0.3084,0.25,0.0,0.2872,0.0665,0.2875,0.0641,15.3537,3.0902,0.3459,0.2869,0.0788
4.1,0,sobe,15.4118,2.8236,0.3097,0.25,0.0,0.2872,0.066,0.2875,0.0641,15.3537,3.0902,0.3459,0.2869,0.0788
4.12,0,sobe,15.4173,2.8253,0.311,0.25,0.0,0.2873,0.0656,0.2875,0.0641,15.3807,3.1001,0.3534,0.2873,0.0763
4.14,0,sobe,15.4228,2.827,0.3122,0.25,0.0,0.2874,0.0652,0.2878,0.062,15.3807,3.1001,0.3534,0.2873,0.0763
4.16,0,sobe,15.4284,2.8286,0.3135,0.25,0.0,0.2874,0.065,0.2878,0.062,15.3807,3.1001,0.3534,0.2873,0.0763
4.18,0,sobe,15.4339,2.8303,0.3147,0.25,0.0,0.2874,0.0647,0.2878,0.062,15.3807,3.1001,0.3534,0.2873,0.0763
4.2,0,sobe,15.4394,2.832,0.316,0.25,0.0,0.2875,0.0645,0.2878,0.062,15.3807,3.1001,0.3534,0.2873,0.0763
4.22,0,sobe,15.4449,2.8337,0.3172,0.25,0.0,0.2875,0.0642,0.2878,0.062,15.4077,3.1101,0.3606,0.2875,0.0748
4.24,0,sobe,15.4504,2.8354,0.3184,0.25,0.0,0.2876,0.064,0.2883,0.0591,15.4077,3.1101,0.3606,0.2875,0.0748
4.26,0,sobe,15.4559,2.8371,0.3196,0.25,0.0,0.2876,0.0637,0.2883,0.0591,15.4077,3.1101,0.3606,0.2875,0.0748
4.28,0,sobe,15.4614,2.8389,0.3208,0.25,0.0,0.2876,0.0635,0.2883,0.0591,15.4077,3.1101,0.3606,0.2875,0.0748
4.3,0,sobe,15.4669,2.8406,0.3219,0.25,0.0,0.2877,0.0633,0.2883,0.0591,15.4077,3.1101,0.3606,0.2875,0.0748
4.32,0,sobe,15.4724,2.8423,0.3231,0.25,0.0,0.2877,0.0631,0.2883,0.0591,15.4346,3.1204,0.3675,0.2877,0.0735
4.34,0,sobe,15.4779,2.8441,0.3243,0.25,0.0,0.2877,0.0628,0.2884,0.0585,15.4346,3.1204,0.3675,0.2877,0.0735
4.36,0,sobe,15.4834,2.8458,0.3255,0.25,0.0,0.2878,0.0625,0.2884,0.0585,15.4346,3.1204,0.3675,0.2877,0.0735
4.38,0,sobe,15.4889,2.8476,0.3266,0.25,0.0,0.2878,0.0622,0.2884,0.0585,15.4346,3.1204,0.3675,0.2877,0.0735
4.4,0,sobe,15.4944,2.8493,0.3278,0.25,0.0,0.2879,0.0619,0.2884,0.0585,15.4615,3.1308,0.3743,0.3453,0.0872
4.42,0,sobe,15.4998,2.8511,0.329,0.25,0.0,0.2879,0.0616,0.2884,0.0585,15.4615,3.1308,0.3743,0.2879,0.0718
4.44,0,sobe,15.5053,2.8529,0.3301,0.25,0.0,0.2765,0.0587,0.2887,0.0568,15.4615,3.1308,0.3743,0.2879,0.0718
4.46,0,sobe,15.5108,2.8547,0.3313,0.25,0.0,0.288,0.061,0.2887,0.0568,15.4615,3.1308,0.3743,0.2879,0.0718
4.48,0,sobe,15.5163,2.8565,0.3324,0.25,0.0,0.2881,0.0607,0.2887,0.0568,15.4615,3.1308,0.3743,0.2879,0.0718
4.5,0,sobe,15.5218,2.8583,0.3335,0.25,0.0,0.2881,0.0604,0.2887,0.0568,15.4615,3.1308,0.3743,0.2879,0.0718
4.52,0,sobe,15.5273,2.8601,0.3347,0.25,0.0,0.2882,0.0601,0.2887,0.0568,15.4884,3.1415,0.381,0.2881,0.0701
4.54,0,sobe,15.5328,2.8619,0.3358,0.25,0.0,0.2882,0.0598,0.2889,0.055,15.4884,3.1415,0.381,0.2881,0.0701
4.56,0,sobe,15.5383,2.8637,0.3369,0.25,0.0,0.2883,0.0594,0.2889,0.055,15.4884,3.1415,0.381,0.2881,0.0701
4.58,0,sobe,15.5437,2.8655,0.338,0.25,0.0,0.2883,0.0591,0.2889,0.055,15.4884,3.1415,0.381,0.2881,0.0701
4.6,0,sobe,15.5492,2.8674,0.3391,0.25,0.0,0.2884,0.0587,0.2889,0.055,15.4884,3.1415,0.381,0.2881,0.0701
4.62,0,sobe,15.5547,2.8692,0.3402,0.25,0.0,0.2884,0.0583,0.2889,0.055,15.5151,3.1523,0.3874,0.2884,0.068
4.64,0,sobe,15.5602,2.8711,0.3413,0.25,0.0,0.2885,0.058,0.289,0.0546,15.5151,3.1523,0.3874,0.2884,0.068
4.66,0,sobe,15.5657,2.8729,0.3424,0.25,0.0,0.2885,0.0577,0.289,0.0546,15.5151,3.1523,0.3874,0.2884,0.068
4.68,0,sobe,15.5711,2.8748,0.3434,0.25,0.0,0.2886,0.0574,0.289,0.0546,15.5151,3.1523,0.3874,0.2884,0.068
4.7,0,sobe,15.5766,2.8766,0.3445,0.25,0.0,0.2886,0.0571,0.289,0.0546,15.5151,3.1523,0.3874,0.2884,0.068
4.72,0,sobe,15.5821,2.8785,0.3456,0.25,0.0,0.2887,0.0568,0.289,0.0546,15.5419,3.1633,0.3938,0.2886,0.0663
4.74,0,sobe,15.5875,2.8804,0.3467,0.25,0.0,0.2887,0.0565,0.2896,0.0507,15.5419,3.1633,0.3938,0.2886,0.0663
4.76,0,sobe,15.593,2.8823,0.3477,0.25,0.0,0.2888,0.0562,0.2896,0.0506,15.5419,3.1633,0.3938,0.2886,0.0663
4.78,0,sobe,15.5985,2.8842,0.3487,0.25,0.0,0.2888,0.0559,0.2896,0.0506,15.5419,3.1633,0.3938,0.2886,0.0663
4.8,0,sobe,15.604,2.8861,0.3497,0.25,0.0,0.2889,0.0555,0.2896,0.0506,15.5419,3.1633,0.3938,0.2886,0.0663
4.82,0,sobe,15.6094,2.888,0.3507,0.25,0.0,0.2889,0.0552,0.2896,0.0506,15.5686,3.1745,0.3997,0.2889,0.0643
4.84,0,sobe,15.6149,2.8899,0.3517,0.25,0.0,0.289,0.0549,0.2896,0.0506,15.5686,3.1745,0.3997,0.2889,0.0643
4.86,0,sobe,15.6204,2.8918,0.3527,0.25,0.0,0.289,0.0545,0.2896,0.0506,15.5686,3.1745,0.3997,0.2889,0.0643
4.88,0,sobe,15.6258,2.8938,0.3538,0.25,0.0,0.2891,0.0542,0.2896,0.0506,15.5686,3.1745,0.3997,0.2889,0.0643
4.9,0,sobe,15.6313,2.8957,0.3548,0.25,0.0,0.2891,0.0539,0.2896,0.0506,15.5686,3.1745,0.3997,0.2312,0.0506
4.92,0,sobe,15.6368,2.8976,0.3558,0.25,0.0,0.2892,0.0536,0.2896,0.0506,15.5952,3.1859,0.4056,0.2892,0.0624
4.94,0,sobe,15.6422,2.8996,0.3567,0.25,0.0,0.2892,0.0533,0.29,0.0485,15.5952,3.1859,0.4056,0.2892,0.0624
4.96,0,sobe,15.6477,2.9015,0.3577,0.25,0.0,0.2893,0.0529,0.29,0.0485,15.5952,3.1859,0.4056,0.2892,0.0624
4.98,0,sobe,15.6531,2.9035,0.3587,0.25,0.0,0.2893,0.0526,0.29,0.0485,15.5952,3.1859,0.4056,0.2892,0.0624
5.0,0,sobe,15.6586,2.9055,0.3597,0.25,0.0,0.2894,0.0523,0.29,0.0485,15.5952,3.1859,0.4056,0.2892,0.0624
5.02,0,sobe,15.664,2.9074,0.3606,0.25,0.0,0.2894,0.0519,0.29,0.0485,15.6218,3.1974,0.4112,0.2894,0.0605
5.04,0,sobe,15.6695,2.9094,0.3616,0.25,0.0,0.2895,0.0516,0.2902,0.0472,15.6218,3.1974,0.4112,0.2894,0.0605
5.06,0,sobe,15.675,2.9114,0.3625,0.25,0.0,0.2895,0.0513,0.2902,0.0472,15.6218,3.1974,0.4112,0.2894,0.0605
5.08,0,sobe,15.6804,2.9134,0.3635,0.25,0.0,0.2896,0.051,0.2902,0.0472,15.6218,3.1974,0.4112,0.2894,0.0605
5.1,0,sobe,15.6859,2.9154,0.3644,0.25,0.0,0.2896,0.0507,0.2902,0.0472,15.6218,3.1974,0.4112,0.2894,0.0605
5.12,0,sobe,15.6913,2.9174,0.3654,0.25,0.0,0.2897,0.0504,0.2902,0.0472,15.6484,3.209,0.4167,0.2897,0.0587
5.14,0,sobe,15.6968,2.9194,0.3663,0.25,0.0,0.2897,0.05,0.2904,0.0456,15.6484,3.209,0.4167,0.2897,0.0587
5.16,0,sobe,15.7022,2.9214,0.3672,0.25,0.0,0.2898,0.0497,0.2904,0.0456,15.6484,3.209,0.4167,0.2897,0.0587
5.18,0,sobe,15.7077,2.9234,0.3681,0.25,0.0,0.2899,0.0493,0.2904,0.0456,15.6484,3.209,0.4167,0.2897,0.0587
5.2,0,sobe,15.7131,2.9254,0.369,0.25,0.0,0.2899,0.0489,0.2904,0.0456,15.6484,3.209,0.4167,0.2897,0.0587
5.22,0,sobe,15.7185,2.9275,0.3699,0.25,0.0,0.29,0.0486,0.2904,0.0456,15.6749,3.2209,0.422,0.29,0.0566
5.24,0,sobe,15.724,2.9295,0.3708,0.25,0.0,0.29,0.0483,0.2905,0.0449,15.6749,3.2209,0.422,0.29,0.0566
5.26,0,sobe,15.7294,2.9315,0.3717,0.25,0.0,0.29,0.0481,0.2905,0.0449,15.6749,3.2209,0.422,0.29,0.0566
5.28,0,sobe,15.7349,2.9336,0.3726,0.25,0.0,0.2901,0.0478,0.2905,0.0449,15.6749,3.2209,0.422,0.29,0.0566
5.3,0,sobe,15.7403,2.9356,0.3735,0.25,0.0,0.2901,0.0476,0.2905,0.0449,15.6749,3.2209,0.422,0.29,0.0566
5.321,0,sobe,15.7512,2.9398,0.3753,0.25,0.0,0.3017,0.0489,0.291,0.042,15.7014,3.2328,0.4273,0.3016,0.0574
5.34,0,sobe,15.7512,2.9398,0.3753,0.25,0.0,0.2902,0.0471,0.291,0.042,15.7014,3.2328,0.4273,0.2901,0.0552
5.36,0,sobe,15.7566,2.9418,0.3761,0.25,0.0,0.2903,0.0467,0.291,0.042,15.7014,3.2328,0.4273,0.2901,0.0552
5.38,0,sobe,15.7621,2.9439,0.3769,0.25,0.0,0.2903,0.0464,0.291,0.042,15.7014,3.2328,0.4273,0.2901,0.0552
5.4,0,sobe,15.7675,2.946,0.3778,0.25,0.0,0.2904,0.046,0.291,0.042,15.7014,3.2328,0.4273,0.2901,0.0552
5.42,0,sobe,15.7729,2.9481,0.3786,0.25,0.0,0.2904,0.0457,0.291,0.042,15.7279,3.245,0.4322,0.2904,0.0532
5.44,0,sobe,15.7784,2.9502,0.3794,0.25,0.0,0.2905,0.0454,0.2912,0.0404,15.7279,3.245,0.4322,0.2904,0.0532
5.46,0,sobe,15.7838,2.9523,0.3802,0.25,0.0,0.2905,0.045,0.2912,0.0404,15.7279,3.245,0.4322,0.2904,0.0532
5.48,0,sobe,15.7892,2.9544,0.381,0.25,0.0,0.2906,0.0447,0.2912,0.0404,15.7279,3.245,0.4322,0.2904,0.0532
5.5,0,sobe,15.7947,2.9565,0.3819,0.25,0.0,0.2906,0.0444,0.2912,0.0404,15.7279,3.245,0.4322,0.2904,0.0532
5.52,0,sobe,15.8001,2.9586,0.3827,0.25,0.0,0.2907,0.0441,0.2912,0.0404,15.7543,3.2572,0.4369,0.2907,0.0514
5.54,0,sobe,15.8055,2.9607,0.3834,0.25,0.0,0.2907,0.0437,0.2915,0.0388,15.7543,3.2572,0.4369,0.2907,0.0514
5.56,0,sobe,15.8109,2.9628,0.3842,0.25,0.0,0.2908,0.0434,0.2915,0.0388,15.7543,3.2572,0.4369,0.2907,0.0514
5.58,0,sobe,15.8164,2.9649,0.385,0.25,0.0,0.2908,0.0431,0.2915,0.0388,15.7543,3.2572,0.4369,0.2907,0.0514
5.6,0,sobe,15.8218,2.9671,0.3858,0.25,0.0,0.2909,0.0427,0.2915,0.0388,15.7543,3.2572,0.4369,0.2907,0.0514
5.62,0,sobe,15.8272,2.9692,0.3865,0.25,0.0,0.2909,0.0424,0.2915,0.0388,15.7807,3.2696,0.4414,0.2909,0.0494
5.64,0,sobe,15.8326,2.9714,0.3873,0.25,0.0,0.291,0.0421,0.2917,0.0372,15.7807,3.2696,0.4414,0.2909,0.0494
5.66,0,sobe,15.8381,2.9735,0.388,0.25,0.0,0.291,0.0417,0.2917,0.0372,15.7807,3.2696,0.4414,0.2909,0.0494
5.68,0,sobe,15.8435,2.9757,0.3888,0.25,0.0,0.2911,0.0414,0.2917,0.0372,15.7807,3.2696,0.4414,0.2909,0.0494
5.7,0,sobe,15.8489,2.9778,0.3895,0.25,0.0,0.2911,0.0411,0.2917,0.0372,15.7807,3.2696,0.4414,0.2909,0.0494
5.72,0,sobe,15.8543,2.98,0.3903,0.25,0.0,0.2912,0.0407,0.2917,0.0372,15.807,3.2821,0.4458,0.2912,0.0474
5.74,0,sobe,15.8598,2.9822,0.391,0.25,0.0,0.2913,0.0404,0.292,0.0357,15.807,3.2821,0.4458,0.2912,0.0474
5.76,0,sobe,15.8652,2.9843,0.3917,0.25,0.0,0.2913,0.04,0.292,0.0357,15.807,3.2821,0.4458,0.2912,0.0474
5.78,0,sobe,15.8706,2.9865,0.3924,0.25,0.0,0.2914,0.0396,0.292,0.0357,15.807,3.2821,0.4458,0.2912,0.0474
5.8,0,sobe,15.876,2.9887,0.3931,0.25,0.0,0.2914,0.0393,0.292,0.0357,15.807,3.2821,0.4458,0.2912,0.0474
5.82,0,sobe,15.8814,2.9909,0.3938,0.25,0.0,0.2804,0.0373,0.292,0.0357,15.8333,3.2948,0.4499,0.2921,0.0454
5.84,0,sobe,15.8868,2.9931,0.3945,0.25,0.0,0.2915,0.0386,0.2922,0.0345,15.8333,3.2948,0.4499,0.2915,0.0453
5.86,0,sobe,15.8923,2.9953,0.3952,0.25,0.0,0.2916,0.0383,0.2922,0.0345,15.8333,3.2948,0.4499,0.2915,0.0453
5.88,0,sobe,15.8977,2.9975,0.3959,0.25,0.0,0.2916,0.038,0.2922,0.0345,15.8333,3.2948,0.4499,0.2915,0.0453
5.9,0,sobe,15.9031,2.9997,0.3966,0.25,0.0,0.2917,0.0377,0.2922,0.0345,15.8333,3.2948,0.4499,0.2915,0.0453
5.92,0,sobe,15.9085,3.0019,0.3973,0.25,0.0,0.2917,0.0374,0.2922,0.0345,15.8596,3.3075,0.454,0.2917,0.0436
5.94,0,sobe,15.9139,3.0041,0.398,0.25,0.0,0.2918,0.0371,0.2924,0.0327,15.8596,3.3075,0.454,0.2917,0.0436
5.96,0,sobe,15.9193,3.0063,0.3986,0.25,0.0,0.2918,0.0368,0.2924,0.0327,15.8596,3.3075,0.454,0.2917,0.0436
5.98,0,sobe,15.9247,3.0085,0.3993,0.25,0.0,0.2919,0.0364,0.2924,0.0327,15.8596,3.3075,0.454,0.2917,0.0436
6.0,0,sobe,15.9301,3.0108,0.3999,0.25,0.0,0.2919,0.0361,0.2924,0.0327,15.8596,3.3075,0.454,0.2917,0.0436
6.02,0,sobe,15.9356,3.013,0.4006,0.25,0.0,0.292,0.0358,0.2924,0.0327,15.8859,3.3204,0.4578,0.292,0.0418
6.04,0,sobe,15.941,3.0152,0.4012,0.25,0.0,0.292,0.0355,0.2926,0.0315,15.8859,3.3204,0.4578,0.292,0.0418
6.06,0,sobe,15.9464,3.0175,0.4018,0.25,0.0,0.2921,0.0352,0.2926,0.0315,15.8859,3.3204,0.4578,0.292,0.0418
6.08,0,sobe,15.9518,3.0197,0.4025,0.25,0.0,0.2921,0.035,0.2926,0.0315,15.8859,3.3204,0.4578,0.292,0.0418
6.1,0,sobe,15.9572,3.0219,0.4031,0.25,0.0,0.2922,0.0347,0.2926,0.0315,15.8859,3.3204,0.4578,0.292,0.0418
6.12,0,sobe,15.9626,3.0242,0.4037,0.25,0.0,0.2922,0.0344,0.2926,0.0315,15.9121,3.3334,0.4615,0.2922,0.0401
6.14,0,sobe,15.968,3.0265,0.4043,0.25,0.0,0.2922,0.0341,0.2929,0.0299,15.9121,3.3334,0.4615,0.2922,0.0401
6.16,0,sobe,15.9734,3.0287,0.4049,0.25,0.0,0.2923,0.0338,0.2929,0.0299,15.9121,3.3334,0.4615,0.2922,0.0401
6.18,0,sobe,15.9788,3.031,0.4055,0.25,0.0,0.2923,0.0335,0.2929,0.0299,15.9121,3.3334,0.4615,0.2922,0.0401
6.2,0,sobe,15.9842,3.0333,0.4061,0.25,0.0,0.2924,0.0332,0.2929,0.0299,15.9383,3.3465,0.4649,0.3508,0.047
6.22,0,sobe,15.9896,3.0355,0.4067,0.25,0.0,0.2924,0.0329,0.2929,0.0299,15.9383,3.3465,0.4649,0.2924,0.0384
6.24,0,sobe,15.995,3.0378,0.4073,0.25,0.0,0.2925,0.0326,0.2931,0.0284,15.9383,3.3465,0.4649,0.2924,0.0384
6.26,0,sobe,16.0004,3.0401,0.4079,0.25,0.0,0.2925,0.0323,0.2931,0.0284,15.9383,3.3465,0.4649,0.2924,0.0384
6.28,0,sobe,16.0058,3.0424,0.4084,0.25,0.0,0.2926,0.032,0.2931,0.0284,15.9383,3.3465,0.4649,0.2924,0.0384
6.3,0,sobe,16.0112,3.0447,0.409,0.25,0.0,0.2926,0.0317,0.2931,0.0284,15.9383,3.3465,0.4649,0.2924,0.0384
6.32,0,sobe,16.0166,3.0469,0.4096,0.25,0.0,0.2927,0.0314,0.2931,0.0284,15.9645,3.3597,0.4682,0.2926,0.0367
6.34,0,sobe,16.022,3.0492,0.4101,0.25,0.0,0.2927,0.0311,0.2934,0.027,15.9645,3.3597,0.4682,0.2926,0.0367
6.36,0,sobe,16.0274,3.0515,0.4106,0.25,0.0,0.2927,0.0308,0.2934,0.027,15.9645,3.3597,0.4682,0.2926,0.0367
6.38,0,sobe,16.0328,3.0538,0.4112,0.25,0.0,0.2928,0.0305,0.2934,0.027,15.9645,3.3597,0.4682,0.2926,0.0367
6.4,0,sobe,16.0382,3.0561,0.4117,0.25,0.0,0.2928,0.0302,0.2934,0.027,15.9645,3.3597,0.4682,0.2926,0.0367
6.42,0,sobe,16.0436,3.0585,0.4123,0.25,0.0,0.2929,0.0299,0.2934,0.027,15.9906,3.3729,0.4714,0.2929,0.0349
6.44,0,sobe,16.049,3.0608,0.4128,0.25,0.0,0.2929,0.0296,0.2935,0.0258,15.9906,3.3729,0.4714,0.2929,0.0349
6.46,0,sobe,16.0544,3.0631,0.4133,0.25,0.0,0.293,0.0294,0.2935,0.0258,15.9906,3.3729,0.4714,0.2929,0.0349
6.48,0,sobe,16.0598,3.0654,0.4138,0.25,0.0,0.293,0.0291,0.2935,0.0258,15.9906,3.3729,0.4714,0.2929,0.0349
6.5,0,sobe,16.0651,3.0677,0.4143,0.25,0.0,0.2931,0.0288,0.2935,0.0258,15.9906,3.3729,0.4714,0.2929,0.0349
