t,estado,modo,x,y,rumo,rumo_alvo,erro_rumo,v_alvo,dist,raio_curva,mira,alvo_x,alvo_y,desvio_lateral
23.85,seguindo,normal,2.0,5.0,0.0,-0.9532,-0.9532,0.5,8.7967,4.635,1.0,2.6037,4.15,-0.0
23.9,seguindo,normal,2.0,5.0,0.0,-0.9532,-0.9532,0.5,8.7967,4.635,1.0,2.6037,4.15,-0.0
23.95,seguindo,normal,2.0,5.0,0.0,-0.9532,-0.9532,0.5,8.7967,4.635,1.0,2.6037,4.15,-0.0
24.0,seguindo,normal,2.0,5.0,0.0,-0.9532,-0.9532,0.5,8.7967,4.635,1.0,2.6037,4.15,-0.0
24.05,seguindo,normal,2.0,5.0,0.0,-0.9532,-0.9532,0.5,8.7967,4.635,1.0,2.6037,4.15,-0.0
24.1,seguindo,normal,2.0,5.0,0.0,-0.9532,-0.9532,0.5,8.7967,4.635,1.0,2.6037,4.15,-0.0
24.15,seguindo,normal,2.0,5.0,0.0,-0.9532,-0.9532,0.5,8.7967,4.635,1.0,2.6037,4.15,-0.0
24.2,seguindo,normal,2.0,5.0,0.0,-0.9532,-0.9532,0.5,8.7967,4.635,1.0,2.6037,4.15,-0.0
24.25,seguindo,normal,2.0,5.0,0.0,-0.9532,-0.9532,0.5,8.7967,4.635,1.0,2.6037,4.15,-0.0
24.3,seguindo,normal,2.0,5.0,0.0,-0.9532,-0.9532,0.5,8.7967,4.635,1.0,2.6037,4.15,-0.0
24.35,seguindo,normal,2.0027,5.0003,-0.0037,-0.9555,-0.9518,0.5,8.794,4.635,1.0,2.6037,4.15,0.0024
24.4,seguindo,normal,2.0059,5.0007,-0.0088,-0.9582,-0.9494,0.5,8.7908,4.635,1.0,2.6037,4.15,0.0053
24.45,seguindo,normal,2.0134,5.0015,-0.0201,-0.9646,-0.9445,0.5,8.7833,4.635,1.0,2.6037,4.15,0.0119
24.5,seguindo,normal,2.0198,5.0022,-0.0304,-0.9701,-0.9397,0.5,8.7768,4.635,1.0,2.6037,4.15,0.0176
24.55,seguindo,normal,2.0322,5.0033,-0.0498,-0.9806,-0.9308,0.5,8.7645,4.635,1.0,2.6037,4.15,0.0284
24.6,seguindo,normal,2.0418,5.004,-0.0652,-0.9888,-0.9236,0.5,8.7549,4.635,1.0,2.6037,4.15,0.0367
24.65,seguindo,normal,2.0565,5.0051,-0.0933,-1.0015,-0.9083,0.5,8.7402,4.635,1.0,2.6037,4.15,0.0495
24.7,seguindo,normal,2.0665,5.0057,-0.1138,-1.0022,-0.8884,0.5,8.7303,4.7682,1.0,2.6452,4.1,0.0581
24.75,seguindo,normal,2.0816,5.0067,-0.1496,-1.0146,-0.865,0.5,8.7153,4.7682,1.0,2.6452,4.1,0.0711
24.8,seguindo,normal,2.0918,5.0071,-0.1753,-1.023,-0.8477,0.5,8.7051,4.7682,1.0,2.6452,4.1,0.0798
24.85,seguindo,normal,2.1075,5.0076,-0.2186,-1.0359,-0.8173,0.5,8.6896,4.7682,1.0,2.6452,4.1,0.093
24.9,seguindo,normal,2.1234,5.0076,-0.2645,-1.049,-0.7845,0.5,8.674,4.7682,1.0,2.6452,4.1,0.106
24.95,seguindo,normal,2.134,5.0071,-0.295,-1.0575,-0.7625,0.5,8.6637,4.7682,1.0,2.6452,4.1,0.1146
25.0,seguindo,normal,2.1498,5.0059,-0.3408,-1.0703,-0.7295,0.5,8.6484,4.7682,1.0,2.6452,4.1,0.127
25.05,seguindo,normal,2.1604,5.0045,-0.3705,-1.0788,-0.7083,0.5,8.6382,4.7682,1.0,2.6452,4.1,0.135
25.1,seguindo,normal,2.1712,5.0026,-0.3985,-1.0755,-0.677,0.5,8.628,5.2955,1.0,2.6858,4.05,0.1429
25.15,seguindo,normal,2.1874,4.999,-0.4392,-1.0872,-0.648,0.5,8.6127,5.2955,1.0,2.6858,4.05,0.1543
25.2,seguindo,normal,2.1982,4.9961,-0.4652,-1.095,-0.6298,0.5,8.6026,5.2955,1.0,2.6858,4.05,0.1617
25.25,seguindo,normal,2.2144,4.9911,-0.5034,-1.1065,-0.6031,0.5,8.5877,5.2955,1.0,2.6858,4.05,0.1723
25.3,seguindo,normal,2.2305,4.9854,-0.5408,-1.1178,-0.577,0.5,8.573,5.2955,1.0,2.6858,4.05,0.1826
25.35,seguindo,normal,2.2411,4.9812,-0.5656,-1.1253,-0.5597,0.5,8.5633,5.2955,1.0,2.6858,4.05,0.1892
25.4,seguindo,normal,2.2517,4.9768,-0.5904,-1.1202,-0.5298,0.5,8.5537,4.68,1.0,2.7243,4.0,0.1956
25.45,seguindo,normal,2.2677,4.9697,-0.6275,-1.1307,-0.5032,0.5,8.5394,4.68,1.0,2.7243,4.0,0.205
25.5,seguindo,normal,2.2784,4.9646,-0.6522,-1.1378,-0.4855,0.5,8.5299,4.68,1.0,2.7243,4.0,0.2112
25.55,seguindo,normal,2.2943,4.9562,-0.6878,-1.1482,-0.4604,0.5,8.5158,4.68,1.0,2.7243,4.0,0.22
25.6,seguindo,normal,2.305,4.9502,-0.7105,-1.1552,-0.4447,0.5,8.5065,4.68,1.0,2.7243,4.0,0.2257
25.65,seguindo,normal,2.3209,4.9404,-0.7429,-1.1536,-0.4107,0.5,8.4928,4.5924,1.0,2.7599,3.95,0.2338
25.7,seguindo,normal,2.3314,4.9335,-0.7636,-1.1599,-0.3964,0.5,8.4839,4.5924,1.0,2.7599,3.95,0.2389
25.75,seguindo,normal,2.3468,4.9226,-0.7933,-1.1692,-0.3759,0.5,8.4709,4.5924,1.0,2.7599,3.95,0.246
25.8,seguindo,normal,2.3569,4.915,-0.8124,-1.1753,-0.3628,0.5,8.4625,4.5924,1.0,2.7599,3.95,0.2505
25.85,seguindo,normal,2.3719,4.9029,-0.8396,-1.1745,-0.3349,0.5,8.4503,5.3454,1.0,2.7915,3.9,0.2565
25.9,seguindo,normal,2.3816,4.8945,-0.8568,-1.1799,-0.3231,0.5,8.4424,5.3454,1.0,2.7915,3.9,0.2603
25.95,seguindo,normal,2.396,4.8814,-0.8814,-1.1877,-0.3063,0.5,8.431,5.3454,1.0,2.7915,3.9,0.2653
26.001,seguindo,normal,2.41,4.8679,-0.9051,-1.1892,-0.2841,0.5,8.4201,2.7534,1.0,2.8185,3.85,0.2698
26.05,seguindo,normal,2.4192,4.8583,-0.9191,-1.1937,-0.2747,0.5,8.413,2.7534,1.0,2.8185,3.85,0.2724
26.1,seguindo,normal,2.4283,4.8486,-0.9326,-1.1982,-0.2656,0.5,8.4062,2.7534,1.0,2.8185,3.85,0.2747
26.15,seguindo,normal,2.4416,4.8337,-0.9523,-1.2049,-0.2526,0.5,8.3963,2.7534,1.0,2.8185,3.85,0.2777
26.2,seguindo,normal,2.4503,4.8236,-0.9651,-1.2064,-0.2414,0.5,8.3899,1.7232,1.0,2.8407,3.8,0.2794
26.25,seguindo,normal,2.4631,4.8081,-0.9833,-1.2124,-0.2291,0.5,8.3808,1.7232,1.0,2.8407,3.8,0.2816
26.3,seguindo,normal,2.4714,4.7975,-0.995,-1.2162,-0.2213,0.5,8.3749,1.7232,1.0,2.8407,3.8,0.2826
26.35,seguindo,normal,2.4835,4.7816,-1.0115,-1.2225,-0.211,0.5,8.3665,1.2104,1.0,2.8581,3.75,0.2838
26.4,seguindo,normal,2.4913,4.7709,-1.0218,-1.2259,-0.2041,0.5,8.3612,1.2104,1.0,2.8581,3.75,0.2843
26.45,seguindo,normal,2.5027,4.7547,-1.0362,-1.2308,-0.1946,0.5,8.3537,1.2104,1.0,2.8581,3.75,0.2846
26.5,seguindo,normal,2.5101,4.7438,-1.0452,-1.234,-0.1888,0.5,8.3489,1.2104,1.0,2.8581,3.75,0.2845
26.55,seguindo,normal,2.5208,4.7274,-1.0577,-1.2421,-0.1844,0.5,8.3421,0.9312,1.0,2.8712,3.7,0.284
26.6,seguindo,normal,2.5277,4.7164,-1.0655,-1.2449,-0.1795,0.5,8.3378,0.9312,1.0,2.8712,3.7,0.2834
26.65,seguindo,normal,2.5379,4.6998,-1.0762,-1.249,-0.1728,0.5,8.3317,0.9312,1.0,2.8712,3.7,0.2822
26.7,seguindo,normal,2.5445,4.6887,-1.0828,-1.2516,-0.1688,0.5,8.3278,0.9312,1.0,2.8712,3.7,0.2812
26.75,seguindo,normal,2.5541,4.6719,-1.0921,-1.2614,-0.1693,0.5,8.3223,0.783,1.0,2.8808,3.65,0.2794
26.8,seguindo,normal,2.5604,4.6607,-1.0982,-1.2639,-0.1657,0.5,8.3188,0.783,1.0,2.8808,3.65,0.2781
26.85,seguindo,normal,2.5698,4.6439,-1.1069,-1.2675,-0.1606,0.5,8.3136,0.783,1.0,2.8808,3.65,0.2759
26.9,seguindo,normal,2.5759,4.6326,-1.1127,-1.5132,-0.4005,0.5,8.3103,4.4854,0.37,2.6037,4.15,0.2743
26.95,seguindo,normal,2.5849,4.6157,-1.1212,-1.5304,-0.4092,0.5,8.3056,4.4854,0.37,2.6037,4.15,0.2718
27.0,seguindo,normal,2.5909,4.6043,-1.1269,-1.5425,-0.4156,0.5,8.3025,4.4854,0.37,2.6037,4.15,0.27
27.05,seguindo,normal,2.5997,4.5873,-1.1352,-1.5615,-0.4262,0.5,8.2981,4.4854,0.37,2.6037,4.15,0.2671
27.1,seguindo,normal,2.6054,4.5759,-1.1407,-1.4873,-0.3466,0.5,8.2953,5.4291,0.37,2.6452,4.1,0.265
27.15,seguindo,normal,2.6139,4.5587,-1.1489,-1.5026,-0.3538,0.5,8.2913,5.4291,0.37,2.6452,4.1,0.2618
27.2,seguindo,normal,2.6195,4.5472,-1.1542,-1.5133,-0.3591,0.5,8.2887,5.4291,0.37,2.6452,4.1,0.2595
27.25,seguindo,normal,2.6278,4.53,-1.1622,-1.5302,-0.368,0.5,8.285,5.4291,0.37,2.6452,4.1,0.2558
27.3,seguindo,normal,2.6332,4.5185,-1.1675,-1.4591,-0.2916,0.5,8.2826,9.8722,0.37,2.6858,4.05,0.2533
27.35,seguindo,normal,2.6418,4.5007,-1.1804,-1.4735,-0.2932,0.5,8.2788,9.8722,0.37,2.6858,4.05,0.2495
27.4,seguindo,normal,2.6476,4.4887,-1.1908,-1.484,-0.2932,0.5,8.2762,9.8722,0.37,2.6858,4.05,0.2468
27.45,seguindo,normal,2.6561,4.4706,-1.2077,-1.4269,-0.2193,0.5,8.2726,45.5646,0.37,2.7243,4.0,0.2425
27.5,seguindo,normal,2.6617,4.4585,-1.2193,-1.435,-0.2157,0.5,8.2704,45.5646,0.37,2.7243,4.0,0.2395
27.55,seguindo,normal,2.6698,4.4402,-1.2363,-1.4475,-0.2112,0.5,8.2674,45.5646,0.37,2.7243,4.0,0.2347
27.6,seguindo,normal,2.675,4.4278,-1.2473,-1.4561,-0.2088,0.5,8.2655,45.5646,0.37,2.7243,4.0,0.2311
27.65,seguindo,normal,2.6826,4.4091,-1.2634,-1.404,-0.1406,0.5,8.2632,5.4817,0.37,2.7599,3.95,0.2253
27.7,seguindo,normal,2.6874,4.3966,-1.274,-1.4099,-0.1359,0.5,8.2619,5.4817,0.37,2.7599,3.95,0.2213
27.75,seguindo,normal,2.6943,4.3777,-1.2889,-1.4187,-0.1297,0.5,8.2603,5.4817,0.37,2.7599,3.95,0.2148
27.8,seguindo,normal,2.6986,4.3652,-1.2977,-1.4243,-0.1267,0.5,8.2595,5.4817,0.37,2.7599,3.95,0.2103
27.85,seguindo,normal,2.7048,4.3464,-1.31,-1.379,-0.069,0.5,8.2586,2.6319,0.37,2.7915,3.9,0.2031
27.9,seguindo,normal,2.7107,4.3275,-1.3221,-1.3841,-0.062,0.5,8.2581,2.6319,0.37,2.7915,3.9,0.1958
27.95,seguindo,normal,2.7144,4.3152,-1.3285,-1.3872,-0.0586,0.5,8.258,2.6319,0.37,2.7915,3.9,0.1907
28.0,seguindo,normal,2.7179,4.3029,-1.3345,-1.3901,-0.0556,0.5,8.258,2.6319,0.37,2.7915,3.9,0.1855
28.05,seguindo,normal,2.723,4.2843,-1.3432,-1.3324,0.0108,0.5,8.2583,1.63,0.37,2.8407,3.8,0.1776
28.1,seguindo,normal,2.7263,4.2719,-1.3489,-1.333,0.0159,0.5,8.2586,1.63,0.37,2.8407,3.8,0.1722
28.15,seguindo,normal,2.731,4.2536,-1.3558,-1.3335,0.0224,0.5,8.2593,1.63,0.37,2.8407,3.8,0.1641
28.2,seguindo,normal,2.7339,4.2415,-1.3595,-1.3335,0.0261,0.5,8.26,1.63,0.37,2.8407,3.8,0.1586
28.25,seguindo,normal,2.7382,4.2233,-1.365,-1.3332,0.0318,0.5,8.2611,1.63,0.37,2.8407,3.8,0.1503
28.3,seguindo,normal,2.7424,4.205,-1.3704,-1.3218,0.0486,0.5,8.2623,1.1173,0.37,2.8581,3.75,0.1418
28.35,seguindo,normal,2.7446,4.1938,-1.3691,-1.3204,0.0487,0.5,8.2635,1.1173,0.37,2.8581,3.75,0.1363
28.4,seguindo,normal,2.7468,4.1826,-1.3675,-1.3189,0.0487,0.5,8.2647,1.1173,0.37,2.8581,3.75,0.1309
28.45,seguindo,normal,2.75,4.1657,-1.3638,-1.3163,0.0475,0.5,8.2666,1.1173,0.37,2.8581,3.75,0.1227
28.5,seguindo,normal,2.7521,4.1544,-1.3609,-1.3145,0.0464,0.5,8.2679,1.1173,0.37,2.8581,3.75,0.1173
28.55,seguindo,normal,2.7554,4.1376,-1.3567,-1.3119,0.0447,0.5,8.2697,0.8607,0.37,2.8712,3.7,0.1092
28.6,seguindo,normal,2.7576,4.1263,-1.3539,-1.3103,0.0436,0.5,8.271,0.8607,0.37,2.8712,3.7,0.1039
28.65,seguindo,normal,2.761,4.1094,-1.3499,-1.3078,0.0421,0.5,8.2728,0.8607,0.37,2.8712,3.7,0.0959
28.7,seguindo,normal,2.7634,4.0982,-1.3473,-1.3062,0.0411,0.5,8.274,0.8607,0.37,2.8712,3.7,0.0909
28.75,seguindo,normal,2.7669,4.0813,-1.3437,-1.3037,0.0399,0.5,8.2757,0.8607,0.37,2.8712,3.7,0.0834
28.8,seguindo,normal,2.7694,4.07,-1.3414,-1.3114,0.03,0.5,8.2768,0.7485,0.37,2.8808,3.65,0.0784
28.854,seguindo,normal,2.7731,4.053,-1.3384,-1.3096,0.0288,0.5,8.2785,0.7485,0.37,2.8808,3.65,0.071
28.9,seguindo,normal,2.7756,4.0417,-1.3366,-1.3085,0.0281,0.5,8.2795,0.7485,0.37,2.8808,3.65,0.0661
28.95,seguindo,normal,2.7795,4.0246,-1.3341,-1.3067,0.0273,0.5,8.2811,0.7485,0.37,2.8808,3.65,0.0593
29.0,seguindo,normal,2.7821,4.0133,-1.3324,-1.3056,0.0269,0.5,8.2822,0.7485,0.37,2.8808,3.65,0.0548
29.05,seguindo,normal,2.7861,3.9963,-1.33,-1.3201,0.0099,0.5,8.2838,0.7217,0.37,2.8876,3.6,0.0482
29.1,seguindo,normal,2.7887,3.9849,-1.3283,-1.3195,0.0088,0.5,8.2848,0.7217,0.37,2.8876,3.6,0.0438
29.15,seguindo,normal,2.7927,3.9679,-1.3258,-1.3186,0.0072,0.5,8.2864,0.7217,0.37,2.8876,3.6,0.0374
29.2,seguindo,normal,2.7954,3.9566,-1.3241,-1.318,0.0061,0.5,8.2874,0.7217,0.37,2.8876,3.6,0.0336
29.25,seguindo,normal,2.7995,3.9396,-1.3215,-1.356,-0.0344,0.5,8.289,0.7647,0.37,2.8954,3.5,0.028
29.3,seguindo,normal,2.8023,3.9283,-1.3198,-1.3566,-0.0368,0.5,8.29,0.7647,0.37,2.8954,3.5,0.0243
29.35,seguindo,normal,2.8064,3.9114,-1.3172,-1.3577,-0.0405,0.5,8.2916,0.7647,0.37,2.8954,3.5,0.0187
29.4,seguindo,normal,2.8092,3.9001,-1.3154,-1.3585,-0.0431,0.5,8.2926,0.7647,0.37,2.8954,3.5,0.0156
29.45,seguindo,normal,2.8134,3.8832,-1.3127,-1.3599,-0.0472,0.5,8.2942,0.7647,0.37,2.8954,3.5,0.0113
29.5,seguindo,normal,2.8162,3.8719,-1.3109,-1.38,-0.0691,0.5,8.2952,0.8817,0.37,2.8977,3.45,0.0084
29.55,seguindo,normal,2.8205,3.855,-1.3082,-1.3825,-0.0743,0.5,8.2967,0.8817,0.37,2.8977,3.45,0.0042
29.6,seguindo,normal,2.8234,3.8438,-1.3064,-1.3843,-0.0779,0.5,8.2977,0.8817,0.37,2.8977,3.45,0.002
29.65,seguindo,normal,2.8278,3.8269,-1.3036,-1.3873,-0.0837,0.5,8.2992,0.8817,0.37,2.8977,3.45,-0.0009
29.7,seguindo,normal,2.8307,3.8157,-1.3018,-1.4263,-0.1244,0.5,8.3002,1.1736,1.0,2.9774,2.8081,-0.0028
29.75,seguindo,normal,2.8352,3.7988,-1.2991,-1.4282,-0.1291,0.5,8.3017,1.1736,1.0,2.9774,2.8081,-0.0055
29.8,seguindo,normal,2.8381,3.7876,-1.2974,-1.4296,-0.1322,0.5,8.3027,1.1736,1.0,2.9774,2.8081,-0.0065
29.85,seguindo,normal,2.8427,3.7707,-1.2947,-1.4211,-0.1264,0.5,8.3042,1.3856,1.0,2.9947,2.7627,-0.0078
29.9,seguindo,normal,2.8457,3.7595,-1.2929,-1.4224,-0.1295,0.5,8.3051,1.3856,1.0,2.9947,2.7627,-0.0086
29.95,seguindo,normal,2.8503,3.7427,-1.2902,-1.4245,-0.1343,0.5,8.3066,1.3856,1.0,2.9947,2.7627,-0.0094
30.0,seguindo,normal,2.8534,3.7315,-1.2884,-1.4259,-0.1375,0.5,8.3076,1.3856,1.0,2.9947,2.7627,-0.0093
30.05,seguindo,normal,2.8581,3.7147,-1.2857,-1.3977,-0.112,0.5,8.309,1.157,1.0,3.0392,2.679,-0.009
30.1,seguindo,normal,2.8612,3.7035,-1.2839,-1.3988,-0.1149,0.5,8.3099,1.157,1.0,3.0392,2.679,-0.0088
30.15,seguindo,normal,2.8659,3.6867,-1.2812,-1.4006,-0.1193,0.5,8.3114,1.157,1.0,3.0392,2.679,-0.0077
30.2,seguindo,normal,2.8707,3.67,-1.2786,-1.4897,-0.2111,0.5,8.3128,3.5422,0.37,2.9049,3.2501,-0.0061
30.25,seguindo,normal,2.8739,3.6588,-1.2768,-1.4953,-0.2185,0.5,8.3137,3.5422,0.37,2.9049,3.2501,-0.0051
30.3,seguindo,normal,2.8772,3.6476,-1.275,-1.5013,-0.2263,0.5,8.3146,3.5422,0.37,2.9049,3.2501,-0.0039
30.35,seguindo,normal,2.8821,3.6309,-1.2723,-1.511,-0.2387,0.5,8.316,3.5422,0.37,2.9049,3.2501,-0.0013
30.4,seguindo,normal,2.8854,3.6197,-1.2705,-1.5178,-0.2472,0.5,8.3169,7.8331,0.37,2.9076,3.2001,0.0005
30.45,seguindo,normal,2.8903,3.603,-1.2678,-1.5279,-0.26,0.5,8.3183,7.8331,0.37,2.9076,3.2001,0.0032
30.5,seguindo,normal,2.8937,3.5919,-1.266,-1.5352,-0.2691,0.5,8.3192,7.8331,0.37,2.9076,3.2001,0.0053
30.55,seguindo,normal,2.8987,3.5752,-1.2634,-1.5411,-0.2777,0.5,8.3206,182.5749,0.37,2.9114,3.1502,0.0088
30.6,seguindo,normal,2.9021,3.5641,-1.2616,-1.5485,-0.2869,0.5,8.3215,182.5749,0.37,2.9114,3.1502,0.0111
30.65,seguindo,normal,2.9072,3.5474,-1.2589,-1.5604,-0.3015,0.5,8.3228,182.5749,0.37,2.9114,3.1502,0.0148
30.7,seguindo,normal,2.9107,3.5363,-1.2571,-1.569,-0.3119,0.5,8.3237,182.5749,0.37,2.9114,3.1502,0.0175
30.75,seguindo,normal,2.9159,3.5197,-1.2544,-1.5699,-0.3155,0.5,8.325,8.0557,0.37,2.9162,3.1004,0.0216
30.8,seguindo,normal,2.9193,3.5086,-1.2526,-1.5784,-0.3258,0.5,8.3259,8.0557,0.37,2.9162,3.1004,0.0244
30.85,seguindo,normal,2.9246,3.492,-1.2499,-1.5922,-0.3423,0.5,8.3271,8.0557,0.37,2.9162,3.1004,0.0288
30.9,seguindo,normal,2.9282,3.4809,-1.2481,-1.6021,-0.354,0.5,8.328,8.0557,0.37,2.9162,3.1004,0.0318
30.95,seguindo,normal,2.9335,3.4643,-1.2455,-1.5975,-0.352,0.5,8.3293,4.2944,0.37,2.9225,3.0507,0.0364
31.0,seguindo,normal,2.9371,3.4533,-1.2437,-1.6071,-0.3634,0.5,8.3301,4.2944,0.37,2.9225,3.0507,0.0395
31.05,seguindo,normal,2.9434,3.4352,-1.2462,-1.6253,-0.3791,0.5,8.3311,4.2944,0.37,2.9225,3.0507,0.0452
31.1,seguindo,normal,2.9481,3.4226,-1.2508,-1.6133,-0.3625,0.5,8.3316,3.0086,0.37,2.9301,3.0011,0.0493
31.15,seguindo,normal,2.9552,3.4038,-1.2635,-1.633,-0.3696,0.5,8.3322,3.0086,0.37,2.9301,3.0011,0.0558
31.2,seguindo,normal,2.9601,3.3913,-1.2752,-1.6475,-0.3723,0.5,8.3325,3.0086,0.37,2.9301,3.0011,0.0603
31.25,seguindo,normal,2.9673,3.3727,-1.295,-1.6372,-0.3422,0.5,8.333,2.3796,0.37,2.9393,2.9519,0.0669
31.3,seguindo,normal,2.972,3.3601,-1.3101,-1.6507,-0.3407,0.5,8.3336,2.3796,0.37,2.9393,2.9519,0.0712
31.35,seguindo,normal,2.9788,3.3412,-1.3334,-1.6719,-0.3385,0.5,8.3347,2.3796,0.37,2.9393,2.9519,0.0774
31.4,seguindo,normal,2.9831,3.3284,-1.3489,-1.6865,-0.3376,0.5,8.3357,2.3796,0.37,2.9393,2.9519,0.0812
31.45,seguindo,normal,2.9891,3.3091,-1.3711,-1.6665,-0.2954,0.5,8.3379,2.0251,0.37,2.9501,2.9031,0.0866
31.5,seguindo,normal,2.9928,3.296,-1.385,-1.679,-0.294,0.5,8.3396,2.0251,0.37,2.9501,2.9031,0.0898
31.55,seguindo,normal,2.9978,3.2764,-1.4035,-1.6541,-0.2506,0.5,8.3428,1.8014,0.37,2.9627,2.8551,0.094
31.6,seguindo,normal,3.0009,3.2634,-1.4143,-1.6642,-0.2499,0.5,8.3451,1.8014,0.37,2.9627,2.8551,0.0965
31.65,seguindo,normal,3.0052,3.2438,-1.4297,-1.6797,-0.25,0.5,8.3491,1.8014,0.37,2.9627,2.8551,0.0998
31.7,seguindo,normal,3.0078,3.2306,-1.4394,-1.6426,-0.2032,0.5,8.352,1.6264,0.37,2.9774,2.8081,0.1017
31.75,re,,3.0114,3.2109,-1.4533,-1.4533,0.0,0.203,8.3567,inf,,,,0.0
31.8,re,,3.0136,3.1978,-1.4622,-1.4622,0.0,0.203,8.36,inf,,,,0.0
31.85,re,,3.0167,3.1781,-1.4753,-1.4753,0.0,0.203,8.3652,inf,,,,0.0
31.9,re,,3.0186,3.1649,-1.4839,-1.4839,0.0,0.203,8.3689,inf,,,,0.0
31.95,re,,3.0212,3.1452,-1.4963,-1.4963,0.0,0.203,8.3746,inf,,,,0.0
32.0,re,,3.0228,3.1322,-1.504,-1.504,0.0,0.203,8.3786,inf,,,,0.0
32.05,re,,3.0248,3.1127,-1.5149,-1.5149,0.0,0.203,8.3848,inf,,,,0.0
32.1,re,,3.0261,3.0998,-1.5216,-1.5216,0.0,0.203,8.389,inf,,,,0.0
32.15,re,,3.0273,3.0834,-1.5276,-1.5276,0.0,0.203,8.3948,inf,,,,0.0
32.2,re,,3.0281,3.0689,-1.5302,-1.5302,0.0,0.203,8.4001,inf,,,,0.0
32.25,re,,3.0283,3.0597,-1.527,-1.527,0.0,0.203,8.4039,inf,,,,0.0
32.3,re,,3.0284,3.0505,-1.5235,-1.5235,0.0,0.203,8.4076,inf,,,,0.0
32.35,re,,3.0283,3.0367,-1.5133,-1.5133,0.0,0.203,8.4136,inf,,,,0.0
32.45,seguindo,normal,3.0277,3.0136,-1.4867,-1.4652,0.0215,0.5,8.4239,0.7999,0.37,3.0671,2.6422,0.0982
32.5,seguindo,normal,3.0274,3.0043,-1.4729,-1.4617,0.0112,0.5,8.4281,0.7999,0.37,3.0671,2.6422,0.0962
32.55,seguindo,normal,3.027,2.9904,-1.449,-1.3839,0.0651,0.5,8.4344,0.6355,0.37,3.099,2.6098,0.0932
32.6,seguindo,normal,3.0268,2.9811,-1.4319,-1.3788,0.0531,0.5,8.4386,0.6355,0.37,3.099,2.6098,0.0913
32.65,seguindo,normal,3.0268,2.9671,-1.4063,-1.3716,0.0347,0.5,8.4446,0.6355,0.37,3.099,2.6098,0.0887
32.7,seguindo,normal,3.027,2.9578,-1.3892,-1.367,0.0223,0.5,8.4484,0.6355,0.37,3.099,2.6098,0.0869
32.75,seguindo,normal,3.0277,2.9438,-1.3636,-1.2829,0.0807,0.5,8.4539,0.5153,0.37,3.1347,2.5822,0.0845
32.8,seguindo,normal,3.0283,2.9345,-1.3465,-1.2773,0.0692,0.5,8.4573,0.5153,0.37,3.1347,2.5822,0.0831
32.85,seguindo,normal,3.0295,2.9206,-1.3209,-1.2692,0.0517,0.5,8.4623,0.5153,0.37,3.1347,2.5822,0.0812
32.9,seguindo,normal,3.0305,2.9113,-1.3039,-1.264,0.0398,0.5,8.4654,0.5153,0.37,3.1347,2.5822,0.0798
32.95,seguindo,normal,3.0323,2.8975,-1.2783,-1.1736,0.1047,0.4343,8.4698,0.4343,0.37,3.1739,2.5598,0.0781
33.0,seguindo,normal,3.0337,2.8882,-1.2612,-1.1673,0.0939,0.4343,8.4726,0.4343,0.37,3.1739,2.5598,0.0771
33.05,seguindo,normal,3.0361,2.8745,-1.2356,-1.1579,0.0777,0.4343,8.4765,0.4343,0.37,3.1739,2.5598,0.0759
33.1,seguindo,normal,3.0379,2.8653,-1.2185,-1.1519,0.0667,0.4343,8.4789,0.4343,0.37,3.1739,2.5598,0.0749
33.15,seguindo,normal,3.04,2.8544,-1.1957,-1.1441,0.0516,0.4343,8.4818,0.4343,0.37,3.1739,2.5598,0.0736
33.2,seguindo,normal,3.0411,2.8483,-1.1798,-1.0514,0.1284,0.3856,8.4836,0.3856,0.37,3.2161,2.5422,0.0728
33.25,seguindo,normal,3.0421,2.8421,-1.1625,-1.0452,0.1174,0.3856,8.4854,0.3856,0.37,3.2161,2.5422,0.0719
33.3,seguindo,normal,3.0426,2.8393,-1.1537,-1.0422,0.1115,0.3856,8.4862,0.3856,0.37,3.2161,2.5422,0.0715
33.35,seguindo,normal,3.0448,2.8327,-1.1452,-1.0382,0.107,0.3856,8.4871,0.3856,0.37,3.2161,2.5422,0.0717
33.4,seguindo,normal,3.0471,2.8272,-1.1429,-1.0357,0.1072,0.3856,8.4875,0.3856,0.37,3.2161,2.5422,0.072
33.45,seguindo,normal,3.0519,2.8164,-1.1402,-1.0314,0.1088,0.3856,8.488,0.3856,0.37,3.2161,2.5422,0.0726
33.5,seguindo,normal,3.0557,2.808,-1.1389,-0.8548,0.2841,0.3638,8.4884,0.3638,0.37,3.3068,2.5194,0.0731
33.55,seguindo,normal,3.0625,2.7932,-1.138,-0.8424,0.2956,0.3638,8.4889,0.3638,0.37,3.3068,2.5194,0.0742
33.6,seguindo,normal,3.0675,2.7824,-1.1381,-0.8326,0.3055,0.3638,8.4893,0.3638,0.37,3.3068,2.5194,0.0742
33.65,seguindo,normal,3.0737,2.769,-1.1382,-0.7402,0.398,0.3681,8.4898,0.3681,0.37,3.3543,2.5127,0.0741
33.7,seguindo,normal,3.0773,2.7611,-1.1382,-0.7312,0.407,0.3681,8.4901,0.3681,0.37,3.3543,2.5127,0.074
33.75,seguindo,normal,3.0843,2.7467,-1.1415,-0.7143,0.4271,0.3681,8.4904,0.3681,0.37,3.3543,2.5127,0.0734
33.8,seguindo,gargalo_centro,3.0896,2.736,-1.1455,-0.2676,0.8779,0.25,8.4906,0.4218,0.8922,3.95,2.5001,0.0724
33.85,seguindo,gargalo_centro,3.0973,2.7196,-1.1492,-0.252,0.8973,0.25,8.4912,0.4218,0.8805,3.95,2.5001,0.0707
33.9,seguindo,gargalo_centro,3.1024,2.7085,-1.1509,-0.2412,0.9097,0.25,8.4918,0.4218,0.8729,3.95,2.5001,0.0682
33.95,seguindo,gargalo_centro,3.1085,2.6942,-1.1482,-0.2268,0.9215,0.25,8.4929,0.4908,0.8636,3.95,2.5001,0.0645
34.0,seguindo,gargalo_centro,3.1121,2.6856,-1.1446,-0.2179,0.9267,0.25,8.4937,0.4908,0.8582,3.95,2.5001,0.0621
34.05,seguindo,gargalo_centro,3.1172,2.6726,-1.1344,-0.2043,0.9301,0.25,8.4952,0.4908,0.8505,3.95,2.5001,0.057
34.1,seguindo,gargalo_centro,3.1204,2.664,-1.1257,-0.1951,0.9306,0.25,8.4963,0.4908,0.8456,3.95,2.5001,0.0533
34.15,seguindo,gargalo_centro,3.125,2.6512,-1.1077,-0.1812,0.9265,0.25,8.4981,0.6006,0.8387,3.95,2.5001,0.0476
34.2,seguindo,gargalo_centro,3.1281,2.6428,-1.0939,-0.1719,0.922,0.25,8.4994,0.6006,0.8342,3.95,2.5001,0.0439
34.25,seguindo,gargalo_centro,3.1311,2.6322,-1.0659,-0.16,0.906,0.25,8.5016,0.6006,0.8295,3.95,2.5001,0.0374
34.3,seguindo,gargalo_centro,3.1322,2.6261,-1.0403,-0.1529,0.8875,0.25,8.5035,0.6006,0.8275,3.95,2.5001,0.0332
34.35,seguindo,gargalo_centro,3.134,2.6165,-0.9978,-0.1418,0.8561,0.25,8.5064,0.7681,0.8243,3.95,2.5001,0.0267
34.4,seguindo,gargalo_centro,3.1352,2.6101,-0.9667,-0.1343,0.8324,0.25,8.5083,0.7681,0.8222,3.95,2.5001,0.0224
34.45,seguindo,gargalo_centro,3.1372,2.6002,-0.9141,-0.1226,0.7916,0.25,8.5112,0.7681,0.819,3.95,2.5001,0.0157
34.5,seguindo,gargalo_centro,3.1386,2.5935,-0.8762,-0.1147,0.7616,0.25,8.5132,0.7681,0.8168,3.95,2.5001,0.0113
34.55,seguindo,gargalo_centro,3.1409,2.5833,-0.8148,-0.1025,0.7123,0.25,8.5159,0.7681,0.8134,3.95,2.5001,0.004
34.6,seguindo,gargalo_centro,3.1427,2.5766,-0.7722,-0.0945,0.6778,0.25,8.5175,0.7681,0.811,3.95,2.5001,-0.001
34.65,seguindo,gargalo_centro,3.1456,2.5668,-0.7078,-0.0827,0.6251,0.25,8.5196,0.7681,0.8072,3.95,2.5001,-0.008
34.7,seguindo,gargalo_centro,3.1478,2.5605,-0.6666,-0.0753,0.5913,0.25,8.5206,0.7681,0.8045,3.95,2.5001,-0.0123
34.75,seguindo,gargalo_centro,3.1519,2.5515,-0.608,-0.0644,0.5436,0.25,8.5212,1.0209,0.7998,3.95,2.5001,-0.0181
34.8,seguindo,gargalo_centro,3.1552,2.5457,-0.5707,-0.0573,0.5133,0.25,8.5211,1.0209,0.7961,3.95,2.5001,-0.0216
34.85,seguindo,gargalo_centro,3.161,2.5371,-0.5173,-0.0469,0.4704,0.25,8.5201,1.0209,0.7898,3.95,2.5001,-0.0261
34.9,seguindo,gargalo_centro,3.1654,2.5315,-0.4829,-0.04,0.4429,0.25,8.5189,1.0209,0.7852,3.95,2.5001,-0.0294
34.95,seguindo,gargalo_centro,3.1723,2.5234,-0.4317,-0.03,0.4017,0.25,8.5167,1.0209,0.778,3.95,2.5001,-0.0342
35.0,seguindo,gargalo_centro,3.1772,2.5182,-0.3976,-0.0235,0.3741,0.25,8.5149,1.0209,0.773,3.95,2.5001,-0.0371
35.05,seguindo,gargalo_centro,3.1849,2.5108,-0.3471,-0.014,0.3331,0.25,8.5117,1.4037,0.7652,3.95,2.5001,-0.041
35.1,seguindo,gargalo_centro,3.1903,2.5061,-0.3137,-0.0079,0.3058,0.25,8.5092,1.4037,0.7597,3.95,2.5001,-0.0433
35.15,seguindo,gargalo_centro,3.1988,2.4993,-0.2644,0.001,0.2654,0.25,8.505,1.4037,0.7512,3.95,2.5001,-0.0462
35.2,seguindo,gargalo_centro,3.2048,2.4951,-0.232,0.0067,0.2387,0.25,8.5019,1.4037,0.7452,3.95,2.5001,-0.0484
35.25,seguindo,gargalo_centro,3.214,2.4891,-0.184,0.0148,0.1988,0.25,8.4966,1.4037,0.736,3.95,2.5001,-0.0514
35.3,seguindo,gargalo_eixo,3.2204,2.4854,-0.1523,0.0086,0.1609,0.25,8.4928,1.4037,1.7296,4.95,2.5004,-0.0532
35.35,seguindo,gargalo_eixo,3.2303,2.4803,-0.1052,0.0117,0.1169,0.25,8.4867,1.9903,1.7198,4.95,2.5004,-0.0553
35.4,seguindo,gargalo_eixo,3.237,2.4771,-0.0741,0.0136,0.0877,0.25,8.4823,1.9903,1.7131,4.95,2.5004,-0.0564
35.45,seguindo,gargalo_eixo,3.2474,2.4728,-0.028,0.0162,0.0442,0.25,8.4754,1.9903,1.7028,4.95,2.5004,-0.0577
35.5,seguindo,gargalo_eixo,3.2545,2.4703,0.0023,0.0178,0.0155,0.25,8.4704,1.9903,1.6957,4.95,2.5004,-0.0587
35.55,seguindo,gargalo_eixo,3.2654,2.4669,0.0469,0.0199,-0.0271,0.25,8.4625,1.9903,1.6849,4.95,2.5004,-0.0598
35.6,seguindo,gargalo_eixo,3.273,2.4651,0.0749,0.021,-0.0539,0.25,8.4568,2.9026,1.6773,4.95,2.5004,-0.06
35.65,seguindo,gargalo_eixo,3.2849,2.463,0.1145,0.0225,-0.092,0.25,8.4474,2.9026,1.6655,4.95,2.5004,-0.0597
35.7,seguindo,gargalo_eixo,3.2932,2.462,0.1389,0.0231,-0.1157,0.25,8.4407,2.9026,1.6573,4.95,2.5004,-0.0589
35.75,seguindo,gargalo_eixo,3.3061,2.4613,0.1719,0.0238,-0.1481,0.25,8.4298,2.9026,1.6444,4.95,2.5004,-0.0576
35.8,seguindo,gargalo_eixo,3.3151,2.4613,0.1914,0.0239,-0.1676,0.25,8.422,2.9026,1.6354,4.95,2.5004,-0.0563
35.85,seguindo,gargalo_eixo,3.3304,2.4624,0.2172,0.0234,-0.1938,0.25,8.4081,4.3437,1.6201,4.95,2.5004,-0.0531
35.9,seguindo,gargalo_eixo,3.3415,2.4638,0.2314,0.0228,-0.2086,0.25,8.3978,4.3437,1.6089,4.95,2.5004,-0.0502
35.95,seguindo,gargalo_eixo,3.3581,2.4663,0.2489,0.0214,-0.2275,0.25,8.382,4.3437,1.5923,4.95,2.5004,-0.0458
36.0,seguindo,gargalo_eixo,3.3691,2.4684,0.2577,0.0202,-0.2375,0.25,8.3715,4.3437,1.5812,4.95,2.5004,-0.0426
36.05,seguindo,gargalo_eixo,3.3854,2.4719,0.2688,0.0182,-0.2506,0.25,8.3556,6.6551,1.5649,4.95,2.5004,-0.0377
36.1,seguindo,gargalo_eixo,3.3962,2.4744,0.2748,0.0167,-0.258,0.25,8.3449,6.6551,1.554,4.95,2.5004,-0.0342
36.15,seguindo,gargalo_eixo,3.4123,2.4782,0.2838,0.0144,-0.2694,0.25,8.3291,6.6551,1.5379,4.95,2.5004,-0.0293
36.2,seguindo,gargalo_eixo,3.4229,2.4808,0.29,0.0128,-0.2772,0.25,8.3186,6.6551,1.5272,4.95,2.5004,-0.026
36.25,seguindo,gargalo_eixo,3.4386,2.4846,0.3008,0.0104,-0.2904,0.25,8.303,6.6259,1.5115,4.95,2.5004,-0.0212
36.3,seguindo,gargalo_eixo,3.449,2.4872,0.3086,0.0088,-0.2999,0.25,8.2927,6.6259,1.5011,4.95,2.5004,-0.018
36.35,seguindo,gargalo_eixo,3.4643,2.491,0.3223,0.0063,-0.316,0.25,8.2776,6.6259,1.4858,4.95,2.5004,-0.0135
36.4,seguindo,gargalo_eixo,3.4744,2.4936,0.332,0.0046,-0.3274,0.25,8.2675,6.6259,1.4757,4.95,2.5004,-0.0105
36.45,seguindo,gargalo_eixo,3.4893,2.4976,0.3473,0.0019,-0.3454,0.25,8.2526,4.3875,1.4607,4.95,2.5004,-0.006
36.5,seguindo,gargalo_eixo,3.4993,2.5003,0.3577,0.0,-0.3577,0.25,8.2426,4.3875,1.4507,4.95,2.5004,-0.0029
36.55,seguindo,gargalo_eixo,3.5141,2.5047,0.3733,-0.003,-0.3762,0.25,8.2276,4.3875,1.4359,4.95,2.5004,0.0019
36.6,seguindo,gargalo_eixo,3.524,2.5077,0.3835,-0.0051,-0.3887,0.25,8.2175,4.3875,1.426,4.95,2.5004,0.0051
36.65,seguindo,gargalo_eixo,3.541,2.5137,0.3956,-0.0094,-0.4051,0.25,8.1997,2.979,1.4091,4.95,2.5004,0.0115
36.7,seguindo,gargalo_eixo,3.5534,2.5184,0.4012,-0.0129,-0.4141,0.25,8.1867,2.979,1.3967,4.95,2.5004,0.0165
36.75,seguindo,gargalo_eixo,3.5716,2.5259,0.4039,-0.0185,-0.4224,0.25,8.1672,2.979,1.3787,4.95,2.5004,0.0243
36.8,seguindo,gargalo_eixo,3.5835,2.531,0.404,-0.0224,-0.4264,0.25,8.1542,2.084,1.3668,4.95,2.5004,0.0296
36.85,seguindo,gargalo_eixo,3.6012,2.5389,0.399,-0.0286,-0.4276,0.25,8.135,2.084,1.3494,4.95,2.5004,0.0378
36.9,seguindo,gargalo_eixo,3.6128,2.5443,0.3939,-0.0328,-0.4267,0.25,8.1222,2.084,1.3379,4.95,2.5004,0.0433
36.95,seguindo,gargalo_eixo,3.6301,2.5524,0.3811,-0.0394,-0.4205,0.25,8.1032,1.5161,1.321,4.95,2.5004,0.0516
37.0,seguindo,gargalo_eixo,3.6415,2.5578,0.3708,-0.0439,-0.4147,0.25,8.0906,1.5161,1.3098,4.95,2.5004,0.0571
37.05,seguindo,gargalo_eixo,3.6587,2.5661,0.3507,-0.0509,-0.4015,0.25,8.0716,1.5161,1.293,4.95,2.5004,0.0655
37.1,seguindo,gargalo_eixo,3.6703,2.5716,0.3355,-0.0556,-0.3911,0.25,8.0589,1.5161,1.2817,4.95,2.5004,0.071
37.15,seguindo,gargalo_eixo,3.6879,2.5794,0.3138,-0.0625,-0.3763,0.25,8.0396,1.1564,1.2645,4.95,2.5004,0.0789
37.2,seguindo,gargalo_eixo,3.7001,2.5843,0.3009,-0.0671,-0.3679,0.25,8.0266,1.1564,1.2527,4.95,2.5004,0.084
37.25,seguindo,gargalo_eixo,3.7184,2.5915,0.2817,-0.0738,-0.3555,0.25,8.0072,1.1564,1.2349,4.95,2.5004,0.0912
37.3,seguindo,gargalo_eixo,3.7308,2.596,0.2689,-0.0783,-0.3472,0.25,7.9942,0.932,1.223,4.95,2.5004,0.0958
37.35,seguindo,gargalo_eixo,3.7494,2.6026,0.2498,-0.0849,-0.3348,0.25,7.9748,0.932,1.205,4.95,2.5004,0.1024
37.4,seguindo,gargalo_eixo,3.7618,2.6068,0.2371,-0.0893,-0.3264,0.25,7.962,0.932,1.1929,4.95,2.5004,0.1066
37.45,seguindo,gargalo_eixo,3.7779,2.6118,0.2215,-0.0948,-0.3163,0.25,7.9456,0.7994,1.1774,4.95,2.5004,0.1116
37.5,seguindo,gargalo_eixo,3.7873,2.6147,0.2115,-0.098,-0.3095,0.25,7.9359,0.7994,1.1683,4.95,2.5004,0.1146
37.55,seguindo,gargalo_eixo,3.7988,2.6179,0.2023,-0.1017,-0.304,0.25,7.9244,0.7994,1.1572,4.95,2.5004,0.1177
37.6,seguindo,gargalo_eixo,3.8053,2.6194,0.1992,-0.1036,-0.3028,0.25,7.918,0.7994,1.1509,4.95,2.5004,0.1193
37.65,seguindo,gargalo_eixo,3.8121,2.621,0.1961,-0.1057,-0.3017,0.25,7.9113,0.7994,1.1443,4.95,2.5004,0.1209
37.7,seguindo,gargalo_eixo,3.8154,2.6218,0.195,-0.1066,-0.3016,0.25,7.9081,0.7994,1.1411,4.95,2.5004,0.1217
37.75,seguindo,gargalo_eixo,3.8176,2.6224,0.1932,-0.1073,-0.3005,0.25,7.9059,0.7994,1.139,4.95,2.5004,0.1222
37.8,seguindo,gargalo_eixo,3.8178,2.6225,0.1921,-0.1074,-0.2996,0.25,7.9057,0.7994,1.1388,4.95,2.5004,0.1224
37.85,seguindo,gargalo_eixo,3.8152,2.6221,0.1903,-0.1069,-0.2972,0.25,7.9081,0.7994,1.1413,4.95,2.5004,0.122
37.9,seguindo,gargalo_eixo,3.8123,2.6217,0.1892,-0.1062,-0.2954,0.25,7.9109,0.7994,1.1442,4.95,2.5004,0.1215
37.95,seguindo,gargalo_eixo,3.805,2.6204,0.1874,-0.1045,-0.2918,0.25,7.9178,0.7994,1.1513,4.95,2.5004,0.1203
38.0,seguindo,gargalo_eixo,3.7989,2.6194,0.1863,-0.103,-0.2893,0.25,7.9236,0.7994,1.1572,4.95,2.5004,0.1192
38.05,seguindo,gargalo_eixo,3.7869,2.6172,0.1847,-0.1001,-0.2848,0.25,7.935,0.7994,1.169,4.95,2.5004,0.1171
38.1,seguindo,gargalo_eixo,3.7777,2.6156,0.1838,-0.098,-0.2817,0.25,7.9438,0.7994,1.178,4.95,2.5004,0.1154
38.15,seguindo,gargalo_eixo,3.7658,2.6135,0.1826,-0.0953,-0.2778,0.25,7.9551,0.932,1.1896,4.95,2.5004,0.1133
38.2,seguindo,gargalo_eixo,3.7587,2.6123,0.1818,-0.0937,-0.2754,0.25,7.9619,0.932,1.1965,4.95,2.5004,0.1121
38.25,seguindo,gargalo_eixo,3.7503,2.6108,0.1809,-0.0918,-0.2727,0.25,7.9699,0.932,1.2048,4.95,2.5004,0.1106
38.3,seguindo,gargalo_eixo,3.7457,2.61,0.1804,-0.0908,-0.2712,0.25,7.9743,0.932,1.2093,4.95,2.5004,0.1098
38.35,seguindo,gargalo_eixo,3.7405,2.6092,0.1798,-0.0897,-0.2695,0.25,7.9792,0.932,1.2144,4.95,2.5004,0.1089
38.4,seguindo,gargalo_eixo,3.7379,2.6087,0.1795,-0.0891,-0.2687,0.25,7.9817,0.932,1.217,4.95,2.5004,0.1085
38.45,seguindo,gargalo_eixo,3.7359,2.6084,0.1794,-0.0888,-0.2681,0.25,7.9836,0.932,1.2189,4.95,2.5004,0.1081
38.5,seguindo,gargalo_eixo,3.7355,2.6083,0.1793,-0.0887,-0.268,0.25,7.984,0.932,1.2193,4.95,2.5004,0.1081
38.55,seguindo,gargalo_eixo,3.7353,2.6083,0.1793,-0.0886,-0.2679,0.25,7.9842,0.932,1.2195,4.95,2.5004,0.108
38.6,seguindo,gargalo_eixo,3.7353,2.6083,0.1793,-0.0886,-0.2679,0.25,7.9842,0.932,1.2195,4.95,2.5004,0.108
38.65,seguindo,gargalo_eixo,3.7353,2.6083,0.1793,-0.0886,-0.2679,0.25,7.9842,0.932,1.2195,4.95,2.5004,0.108
38.7,seguindo,gargalo_eixo,3.7353,2.6083,0.1793,-0.0886,-0.2679,0.25,7.9842,0.932,1.2195,4.95,2.5004,0.108
38.75,seguindo,gargalo_eixo,3.7353,2.6083,0.1793,-0.0886,-0.2679,0.25,7.9842,0.932,1.2195,4.95,2.5004,0.108
38.8,seguindo,gargalo_eixo,3.7353,2.6083,0.1793,-0.0886,-0.2679,0.25,7.9842,0.932,1.2195,4.95,2.5004,0.108
38.85,seguindo,gargalo_eixo,3.7353,2.6083,0.1793,-0.0886,-0.2679,0.25,7.9842,0.932,1.2195,4.95,2.5004,0.108
38.9,seguindo,gargalo_eixo,3.7353,2.6083,0.1793,-0.0886,-0.2679,0.25,7.9842,0.932,1.2195,4.95,2.5004,0.108
38.95,seguindo,gargalo_eixo,3.7353,2.6083,0.1793,-0.0886,-0.2679,0.25,7.9842,0.932,1.2195,4.95,2.5004,0.108
39.0,seguindo,gargalo_eixo,3.7353,2.6083,0.1793,-0.0886,-0.2679,0.25,7.9842,0.932,1.2195,4.95,2.5004,0.108
39.05,seguindo,gargalo_eixo,3.7353,2.6083,0.1793,-0.0886,-0.2679,0.25,7.9842,0.932,1.2195,4.95,2.5004,0.108
39.1,seguindo,gargalo_eixo,3.7353,2.6083,0.1793,-0.0886,-0.2679,0.25,7.9842,0.932,1.2195,4.95,2.5004,0.108
39.15,seguindo,gargalo_eixo,3.7353,2.6083,0.1793,-0.0886,-0.2679,0.25,7.9842,0.932,1.2195,4.95,2.5004,0.108
39.2,seguindo,gargalo_eixo,3.7353,2.6083,0.1793,-0.0886,-0.2679,0.25,7.9842,0.932,1.2195,4.95,2.5004,0.108
39.25,seguindo,gargalo_eixo,3.7353,2.6083,0.1793,-0.0886,-0.2679,0.25,7.9842,0.932,1.2195,4.95,2.5004,0.108
39.3,seguindo,gargalo_eixo,3.7353,2.6083,0.1793,-0.0886,-0.2679,0.25,7.9842,0.932,1.2195,4.95,2.5004,0.108
39.35,seguindo,gargalo_eixo,3.7353,2.6083,0.1793,-0.0886,-0.2679,0.25,7.9842,0.932,1.2195,4.95,2.5004,0.108
39.4,seguindo,gargalo_eixo,3.7353,2.6083,0.1793,-0.0886,-0.2679,0.25,7.9842,0.932,1.2195,4.95,2.5004,0.108
39.45,seguindo,gargalo_eixo,3.7353,2.6083,0.1793,-0.0886,-0.2679,0.25,7.9842,0.932,1.2195,4.95,2.5004,0.108
39.5,seguindo,gargalo_eixo,3.7353,2.6083,0.1793,-0.0886,-0.2679,0.25,7.9842,0.932,1.2195,4.95,2.5004,0.108
39.55,seguindo,gargalo_eixo,3.7353,2.6083,0.1793,-0.0886,-0.2679,0.25,7.9842,0.932,1.2195,4.95,2.5004,0.108
39.6,seguindo,gargalo_eixo,3.7353,2.6083,0.1793,-0.0886,-0.2679,0.25,7.9842,0.932,1.2195,4.95,2.5004,0.108
39.65,seguindo,gargalo_eixo,3.7353,2.6083,0.1793,-0.0886,-0.2679,0.25,7.9842,0.932,1.2195,4.95,2.5004,0.108
39.7,seguindo,gargalo_eixo,3.7353,2.6083,0.1793,-0.0886,-0.2679,0.25,7.9842,0.932,1.2195,4.95,2.5004,0.108
39.75,seguindo,gargalo_eixo,3.7353,2.6083,0.1793,-0.0886,-0.2679,0.25,7.9842,0.932,1.2195,4.95,2.5004,0.108
39.8,seguindo,gargalo_eixo,3.7353,2.6083,0.1793,-0.0886,-0.2679,0.25,7.9842,0.932,1.2195,4.95,2.5004,0.108
39.85,seguindo,gargalo_eixo,3.7353,2.6083,0.1793,-0.0886,-0.2679,0.25,7.9842,0.932,1.2195,4.95,2.5004,0.108
39.9,seguindo,gargalo_eixo,3.7353,2.6083,0.1793,-0.0886,-0.2679,0.25,7.9842,0.932,1.2195,4.95,2.5004,0.108
39.95,seguindo,gargalo_eixo,3.7353,2.6083,0.1793,-0.0886,-0.2679,0.25,7.9842,0.932,1.2195,4.95,2.5004,0.108
40.0,seguindo,gargalo_eixo,3.7353,2.6083,0.1793,-0.0886,-0.2679,0.25,7.9842,0.932,1.2195,4.95,2.5004,0.108
40.05,seguindo,gargalo_eixo,3.7353,2.6083,0.1793,-0.0886,-0.2679,0.25,7.9842,0.932,1.2195,4.95,2.5004,0.108
40.1,seguindo,gargalo_eixo,3.7353,2.6083,0.1793,-0.0886,-0.2679,0.25,7.9842,0.932,1.2195,4.95,2.5004,0.108
40.15,seguindo,gargalo_eixo,3.7353,2.6083,0.1793,-0.0886,-0.2679,0.25,7.9842,0.932,1.2195,4.95,2.5004,0.108
40.2,seguindo,gargalo_eixo,3.7353,2.6083,0.1793,-0.0886,-0.2679,0.25,7.9842,0.932,1.2195,4.95,2.5004,0.108
40.25,seguindo,gargalo_eixo,3.7353,2.6083,0.1793,-0.0886,-0.2679,0.25,7.9842,0.932,1.2195,4.95,2.5004,0.108
40.3,seguindo,gargalo_eixo,3.7353,2.6083,0.1793,-0.0886,-0.2679,0.25,7.9842,0.932,1.2195,4.95,2.5004,0.108
40.35,seguindo,gargalo_eixo,3.7353,2.6083,0.1793,-0.0886,-0.2679,0.25,7.9842,0.932,1.2195,4.95,2.5004,0.108
40.4,seguindo,gargalo_eixo,3.7353,2.6083,0.1793,-0.0886,-0.2679,0.25,7.9842,0.932,1.2195,4.95,2.5004,0.108
40.45,seguindo,gargalo_eixo,3.7353,2.6083,0.1793,-0.0886,-0.2679,0.25,7.9842,0.932,1.2195,4.95,2.5004,0.108
40.5,seguindo,gargalo_eixo,3.7353,2.6083,0.1793,-0.0886,-0.2679,0.25,7.9842,0.932,1.2195,4.95,2.5004,0.108
40.55,seguindo,gargalo_eixo,3.7353,2.6083,0.1793,-0.0886,-0.2679,0.25,7.9842,0.932,1.2195,4.95,2.5004,0.108
40.6,seguindo,gargalo_eixo,3.7353,2.6083,0.1793,-0.0886,-0.2679,0.25,7.9842,0.932,1.2195,4.95,2.5004,0.108
40.65,seguindo,gargalo_eixo,3.7353,2.6083,0.1793,-0.0886,-0.2679,0.25,7.9842,0.932,1.2195,4.95,2.5004,0.108
40.7,seguindo,gargalo_eixo,3.7353,2.6083,0.1793,-0.0886,-0.2679,0.25,7.9842,0.932,1.2195,4.95,2.5004,0.108
40.75,seguindo,gargalo_eixo,3.7353,2.6083,0.1793,-0.0886,-0.2679,0.25,7.9842,0.932,1.2195,4.95,2.5004,0.108
40.8,seguindo,gargalo_eixo,3.7353,2.6083,0.1793,-0.0886,-0.2679,0.25,7.9842,0.932,1.2195,4.95,2.5004,0.108
40.85,seguindo,gargalo_eixo,3.7353,2.6083,0.1793,-0.0886,-0.2679,0.25,7.9842,0.932,1.2195,4.95,2.5004,0.108
40.9,seguindo,gargalo_eixo,3.7353,2.6083,0.1793,-0.0886,-0.2679,0.25,7.9842,0.932,1.2195,4.95,2.5004,0.108
40.95,seguindo,gargalo_eixo,3.7353,2.6083,0.1793,-0.0886,-0.2679,0.25,7.9842,0.932,1.2195,4.95,2.5004,0.108
41.0,seguindo,gargalo_eixo,3.7353,2.6083,0.1793,-0.0886,-0.2679,0.25,7.9842,0.932,1.2195,4.95,2.5004,0.108
41.05,seguindo,gargalo_eixo,3.7353,2.6083,0.1793,-0.0886,-0.2679,0.25,7.9842,0.932,1.2195,4.95,2.5004,0.108
41.1,seguindo,gargalo_eixo,3.7353,2.6083,0.1793,-0.0886,-0.2679,0.25,7.9842,0.932,1.2195,4.95,2.5004,0.108
41.15,seguindo,gargalo_eixo,3.7353,2.6083,0.1793,-0.0886,-0.2679,0.25,7.9842,0.932,1.2195,4.95,2.5004,0.108
41.2,seguindo,gargalo_eixo,3.7353,2.6083,0.1793,-0.0886,-0.2679,0.25,7.9842,0.932,1.2195,4.95,2.5004,0.108
41.25,seguindo,gargalo_eixo,3.7353,2.6083,0.1793,-0.0886,-0.2679,0.25,7.9842,0.932,1.2195,4.95,2.5004,0.108
41.3,seguindo,gargalo_eixo,3.7353,2.6083,0.1793,-0.0886,-0.2679,0.25,7.9842,0.932,1.2195,4.95,2.5004,0.108
41.35,seguindo,gargalo_eixo,3.7353,2.6083,0.1793,-0.0886,-0.2679,0.25,7.9842,0.932,1.2195,4.95,2.5004,0.108
41.4,seguindo,gargalo_eixo,3.7353,2.6083,0.1793,-0.0886,-0.2679,0.25,7.9842,0.932,1.2195,4.95,2.5004,0.108
41.45,seguindo,gargalo_eixo,3.7353,2.6083,0.1793,-0.0886,-0.2679,0.25,7.9842,0.932,1.2195,4.95,2.5004,0.108
41.5,seguindo,gargalo_eixo,3.7353,2.6083,0.1793,-0.0886,-0.2679,0.25,7.9842,0.932,1.2195,4.95,2.5004,0.108
41.55,seguindo,gargalo_eixo,3.7353,2.6083,0.1793,-0.0886,-0.2679,0.25,7.9842,0.932,1.2195,4.95,2.5004,0.108
41.6,seguindo,gargalo_eixo,3.7353,2.6083,0.1793,-0.0886,-0.2679,0.25,7.9842,0.932,1.2195,4.95,2.5004,0.108
41.65,re,,3.7353,2.6083,0.1793,0.1793,0.0,-0.203,7.9842,inf,,,,0.0
41.7,re,,3.7353,2.6083,0.1793,0.1793,0.0,-0.203,7.9842,inf,,,,0.0
41.75,re,,3.7353,2.6083,0.1793,0.1793,0.0,-0.203,7.9842,inf,,,,0.0
41.8,re,,3.7353,2.6083,0.1793,0.1793,0.0,-0.203,7.9842,inf,,,,0.0
41.85,re,,3.7353,2.6083,0.1793,0.1793,0.0,-0.203,7.9842,inf,,,,0.0
41.9,re,,3.7353,2.6083,0.1793,0.1793,0.0,-0.203,7.9842,inf,,,,0.0
41.95,re,,3.7353,2.6083,0.1793,0.1793,0.0,-0.203,7.9842,inf,,,,0.0
42.0,re,,3.7353,2.6083,0.1793,0.1793,0.0,-0.203,7.9842,inf,,,,0.0
42.05,re,,3.7323,2.6078,0.1781,0.1781,0.0,-0.203,7.987,inf,,,,0.0
42.1,re,,3.729,2.6074,0.177,0.177,0.0,-0.203,7.9901,inf,,,,0.0
42.15,re,,3.7212,2.6061,0.1752,0.1752,0.0,-0.203,7.9975,inf,,,,0.0
42.2,re,,3.7148,2.6051,0.174,0.174,0.0,-0.203,8.0035,inf,,,,0.0
42.25,re,,3.7023,2.603,0.1722,0.1722,0.0,-0.203,8.0154,inf,,,,0.0
42.3,re,,3.6927,2.6014,0.1711,0.1711,0.0,-0.203,8.0245,inf,,,,0.0
42.35,re,,3.6764,2.5988,0.1693,0.1693,0.0,-0.203,8.04,inf,,,,0.0
42.4,re,,3.6648,2.5969,0.1683,0.1683,0.0,-0.203,8.051,inf,,,,0.0
42.45,re,,3.6474,2.5941,0.1668,0.1668,0.0,-0.203,8.0674,inf,,,,0.0
42.5,re,,3.6359,2.5922,0.1659,0.1659,0.0,-0.203,8.0784,inf,,,,0.0
42.55,re,,3.6186,2.5894,0.1652,0.1652,0.0,-0.203,8.0948,inf,,,,0.0
42.6,re,,3.6072,2.5875,0.1649,0.1649,0.0,-0.203,8.1057,inf,,,,0.0
42.65,re,,3.5901,2.5846,0.1654,0.1654,0.0,-0.203,8.1219,inf,,,,0.0
42.7,re,,3.5788,2.5827,0.166,0.166,0.0,-0.203,8.1327,inf,,,,0.0
42.75,re,,3.562,2.5797,0.1678,0.1678,0.0,-0.203,8.1488,inf,,,,0.0
42.8,re,,3.5508,2.5777,0.1692,0.1692,0.0,-0.203,8.1595,inf,,,,0.0
42.85,re,,3.5342,2.5746,0.1718,0.1718,0.0,-0.203,8.1755,inf,,,,0.0
42.9,re,,3.5231,2.5725,0.1737,0.1737,0.0,-0.203,8.1862,inf,,,,0.0
42.95,re,,3.5065,2.5694,0.1767,0.1767,0.0,-0.203,8.2022,inf,,,,0.0
43.0,re,,3.4955,2.5672,0.1787,0.1787,0.0,-0.203,8.2129,inf,,,,0.0
43.05,re,,3.4789,2.5639,0.1817,0.1817,0.0,-0.203,8.2289,inf,,,,0.0
43.1,re,,3.4679,2.5617,0.1837,0.1837,0.0,-0.203,8.2396,inf,,,,0.0
43.15,re,,3.4513,2.5584,0.1866,0.1866,0.0,-0.203,8.2557,inf,,,,0.0
43.25,seguindo,gargalo_eixo,3.4237,2.5527,0.1915,-0.0343,-0.2258,0.25,8.2825,6.6551,1.5272,4.95,2.5004,0.0458
43.3,seguindo,gargalo_eixo,3.4127,2.5504,0.1934,-0.0325,-0.2259,0.25,8.2933,6.6551,1.5381,4.95,2.5004,0.0428
43.35,seguindo,gargalo_eixo,3.3961,2.5469,0.1963,-0.0299,-0.2262,0.25,8.3094,6.6551,1.5546,4.95,2.5004,0.038
43.4,seguindo,gargalo_eixo,3.3851,2.5445,0.1982,-0.0282,-0.2264,0.25,8.3202,6.6551,1.5655,4.95,2.5004,0.0346
43.45,seguindo,gargalo_eixo,3.3686,2.541,0.2011,-0.0257,-0.2267,0.25,8.3363,4.3437,1.5819,4.95,2.5004,0.0295
43.5,seguindo,gargalo_eixo,3.3576,2.5385,0.203,-0.024,-0.2269,0.25,8.3471,4.3437,1.5929,4.95,2.5004,0.0261
43.55,seguindo,gargalo_eixo,3.3411,2.5349,0.2058,-0.0214,-0.2273,0.25,8.3633,4.3437,1.6093,4.95,2.5004,0.0202
43.6,seguindo,gargalo_eixo,3.3301,2.5324,0.2077,-0.0198,-0.2275,0.25,8.3741,2.9026,1.6202,4.95,2.5004,0.0162
43.65,seguindo,gargalo_eixo,3.3136,2.5287,0.2106,-0.0173,-0.2279,0.25,8.3904,2.9026,1.6366,4.95,2.5004,0.0102
43.7,seguindo,gargalo_eixo,3.3026,2.5262,0.2125,-0.0157,-0.2282,0.25,8.4012,2.9026,1.6476,4.95,2.5004,0.0058
43.75,seguindo,gargalo_eixo,3.2862,2.5223,0.2154,-0.0132,-0.2286,0.25,8.4175,2.9026,1.664,4.95,2.5004,-0.0013
43.8,seguindo,gargalo_eixo,3.2752,2.5198,0.2173,-0.0116,-0.2289,0.25,8.4283,1.9903,1.6749,4.95,2.5004,-0.006
43.85,seguindo,gargalo_eixo,3.2613,2.5168,0.2163,-0.0097,-0.226,0.25,8.4418,1.9903,1.6888,4.95,2.5004,-0.0117
43.9,seguindo,gargalo_eixo,3.2533,2.5154,0.2131,-0.0088,-0.2219,0.25,8.4495,1.9903,1.6967,4.95,2.5004,-0.0151
43.95,seguindo,gargalo_eixo,3.2442,2.5136,0.2111,-0.0078,-0.2189,0.25,8.4584,1.9903,1.7059,4.95,2.5004,-0.0194
44.0,seguindo,gargalo_eixo,3.2394,2.5126,0.2111,-0.0072,-0.2182,0.25,8.4631,1.9903,1.7107,4.95,2.5004,-0.0217
44.05,seguindo,gargalo_eixo,3.2349,2.5117,0.2112,-0.0066,-0.2178,0.25,8.4674,1.9903,1.7151,4.95,2.5004,-0.0238
44.1,seguindo,gargalo_eixo,3.2333,2.5114,0.2112,-0.0064,-0.2176,0.25,8.469,1.9903,1.7168,4.95,2.5004,-0.0247
44.15,seguindo,gargalo_eixo,3.2336,2.5111,0.2155,-0.0063,-0.2218,0.25,8.4689,1.9903,1.7165,4.95,2.5004,-0.0248
44.2,seguindo,gargalo_eixo,3.2352,2.5111,0.2207,-0.0062,-0.227,0.25,8.4675,1.9903,1.7149,4.95,2.5004,-0.0244
44.25,seguindo,gargalo_eixo,3.2403,2.5114,0.2323,-0.0064,-0.2387,0.25,8.4629,1.9903,1.7098,4.95,2.5004,-0.0227
44.3,seguindo,gargalo_eixo,3.2451,2.5117,0.2416,-0.0067,-0.2483,0.25,8.4586,1.9903,1.705,4.95,2.5004,-0.0209
44.35,seguindo,gargalo_eixo,3.2548,2.5133,0.2532,-0.0076,-0.2609,0.25,8.4493,1.9903,1.6953,4.95,2.5004,-0.0167
44.4,seguindo,gargalo_eixo,3.2625,2.5148,0.2591,-0.0086,-0.2676,0.25,8.4418,1.9903,1.6876,4.95,2.5004,-0.0135
44.45,seguindo,gargalo_eixo,3.2767,2.5183,0.2633,-0.0107,-0.2741,0.25,8.4277,1.9903,1.6734,4.95,2.5004,-0.0071
44.5,seguindo,gargalo_eixo,3.2875,2.5212,0.2636,-0.0125,-0.2761,0.25,8.4169,2.9026,1.6627,4.95,2.5004,-0.0021
44.55,seguindo,gargalo_eixo,3.3052,2.5263,0.2596,-0.0158,-0.2754,0.25,8.3988,2.9026,1.645,4.95,2.5004,0.0065
44.6,seguindo,gargalo_eixo,3.3178,2.53,0.2548,-0.0182,-0.273,0.25,8.3861,2.9026,1.6325,4.95,2.5004,0.0121
44.65,seguindo,gargalo_eixo,3.3363,2.5355,0.2468,-0.0218,-0.2685,0.25,8.3672,4.3437,1.614,4.95,2.5004,0.0201
44.7,seguindo,gargalo_eixo,3.3486,2.539,0.2413,-0.0241,-0.2654,0.25,8.3547,4.3437,1.6018,4.95,2.5004,0.0253
44.75,seguindo,gargalo_eixo,3.3663,2.5436,0.2379,-0.0273,-0.2652,0.25,8.337,4.3437,1.5843,4.95,2.5004,0.0319
44.8,seguindo,gargalo_eixo,3.3779,2.5464,0.2375,-0.0293,-0.2668,0.25,8.3256,4.3437,1.5728,4.95,2.5004,0.0358
44.85,seguindo,gargalo_eixo,3.3944,2.55,0.2424,-0.0319,-0.2743,0.25,8.3093,6.6551,1.5564,4.95,2.5004,0.041
44.9,seguindo,gargalo_eixo,3.4052,2.5523,0.2473,-0.0336,-0.2809,0.25,8.2989,6.6551,1.5457,4.95,2.5004,0.0443
44.95,seguindo,gargalo_eixo,3.4207,2.5553,0.2594,-0.0359,-0.2953,0.25,8.2839,6.6551,1.5303,4.95,2.5004,0.0482
45.0,seguindo,gargalo_eixo,3.4308,2.5572,0.2693,-0.0374,-0.3067,0.25,8.2741,6.6259,1.5203,4.95,2.5004,0.0507
45.05,seguindo,gargalo_eixo,3.4456,2.5599,0.287,-0.0396,-0.3265,0.25,8.2599,6.6259,1.5055,4.95,2.5004,0.0544
45.1,seguindo,gargalo_eixo,3.4554,2.5618,0.2997,-0.0411,-0.3408,0.25,8.2504,6.6259,1.4959,4.95,2.5004,0.0568
45.15,seguindo,gargalo_eixo,3.4701,2.5649,0.3185,-0.0435,-0.362,0.25,8.2361,6.6259,1.4813,4.95,2.5004,0.0605
45.2,seguindo,gargalo_eixo,3.4798,2.5671,0.3309,-0.0453,-0.3762,0.25,8.2265,4.3875,1.4717,4.95,2.5004,0.0631
45.25,seguindo,gargalo_eixo,3.4944,2.5707,0.3492,-0.0483,-0.3974,0.25,8.212,4.3875,1.4573,4.95,2.5004,0.0672
45.3,seguindo,gargalo_eixo,3.5042,2.5733,0.361,-0.0504,-0.4113,0.25,8.2023,4.3875,1.4476,4.95,2.5004,0.0702
45.35,seguindo,gargalo_eixo,3.5213,2.5787,0.375,-0.0548,-0.4297,0.25,8.1847,4.3875,1.4309,4.95,2.5004,0.076
45.4,seguindo,gargalo_eixo,3.5337,2.583,0.3818,-0.0583,-0.4401,0.25,8.1717,2.979,1.4187,4.95,2.5004,0.0807
45.45,seguindo,gargalo_eixo,3.552,2.59,0.3863,-0.064,-0.4503,0.25,8.1524,2.979,1.4009,4.95,2.5004,0.0881
45.5,seguindo,gargalo_eixo,3.5699,2.5972,0.3879,-0.07,-0.4579,0.25,8.1333,2.979,1.3835,4.95,2.5004,0.0955
45.55,seguindo,gargalo_eixo,3.5814,2.6022,0.384,-0.0743,-0.4583,0.25,8.1208,2.084,1.3723,4.95,2.5004,0.1008
45.6,seguindo,gargalo_eixo,3.593,2.6072,0.38,-0.0786,-0.4586,0.25,8.1082,2.084,1.3612,4.95,2.5004,0.1059
45.65,seguindo,gargalo_eixo,3.6101,2.6149,0.3689,-0.0853,-0.4542,0.25,8.0896,2.084,1.3448,4.95,2.5004,0.1139
45.7,seguindo,gargalo_eixo,3.6214,2.62,0.3597,-0.0898,-0.4495,0.25,8.0772,2.084,1.3339,4.95,2.5004,0.1191
45.75,seguindo,gargalo_eixo,3.6385,2.6279,0.3408,-0.0969,-0.4378,0.25,8.0585,1.5161,1.3177,4.95,2.5004,0.1271
45.8,seguindo,gargalo_eixo,3.6499,2.6331,0.3265,-0.1018,-0.4282,0.25,8.0459,1.5161,1.3068,4.95,2.5004,0.1324
45.85,seguindo,gargalo_eixo,3.6678,2.6406,0.3086,-0.1089,-0.4175,0.25,8.0267,1.5161,1.2899,4.95,2.5004,0.14
45.9,seguindo,gargalo_eixo,3.68,2.6452,0.2993,-0.1136,-0.4128,0.25,8.0138,1.1564,1.2782,4.95,2.5004,0.1447
45.95,seguindo,gargalo_eixo,3.6975,2.6513,0.2899,-0.1199,-0.4098,0.25,7.9956,1.1564,1.2616,4.95,2.5004,0.1509
46.0,seguindo,gargalo_eixo,3.7088,2.655,0.2858,-0.1239,-0.4098,0.25,7.984,1.1564,1.2508,4.95,2.5004,0.1546
46.05,seguindo,gargalo_eixo,3.7228,2.6594,0.2823,-0.1288,-0.4111,0.25,7.9696,1.1564,1.2374,4.95,2.5004,0.159
46.1,seguindo,gargalo_eixo,3.731,2.6618,0.2812,-0.1317,-0.4129,0.25,7.9612,0.932,1.2296,4.95,2.5004,0.1616
46.15,seguindo,gargalo_eixo,3.7406,2.6647,0.2794,-0.1351,-0.4145,0.25,7.9515,0.932,1.2205,4.95,2.5004,0.1645
46.2,seguindo,gargalo_eixo,3.7458,2.6663,0.2784,-0.1369,-0.4153,0.25,7.9462,0.932,1.2156,4.95,2.5004,0.1661
46.25,seguindo,gargalo_eixo,3.7507,2.6678,0.2766,-0.1387,-0.4153,0.25,7.9412,0.932,1.211,4.95,2.5004,0.1676
46.3,seguindo,gargalo_eixo,3.7528,2.6685,0.2756,-0.1395,-0.4151,0.25,7.9391,0.932,1.209,4.95,2.5004,0.1683
46.35,seguindo,gargalo_eixo,3.753,2.6687,0.2738,-0.1397,-0.4135,0.25,7.9387,0.932,1.2087,4.95,2.5004,0.1685
46.4,seguindo,gargalo_eixo,3.752,2.6685,0.2727,-0.1395,-0.4122,0.25,7.9397,0.932,1.2097,4.95,2.5004,0.1683
46.45,seguindo,gargalo_eixo,3.7477,2.6675,0.2709,-0.1381,-0.409,0.25,7.944,0.932,1.2139,4.95,2.5004,0.1672
46.5,seguindo,gargalo_eixo,3.7436,2.6664,0.2698,-0.1368,-0.4066,0.25,7.948,0.932,1.2178,4.95,2.5004,0.1662
46.55,seguindo,gargalo_eixo,3.7346,2.6641,0.268,-0.1339,-0.4019,0.25,7.957,0.932,1.2264,4.95,2.5004,0.1638
46.6,seguindo,gargalo_eixo,3.7274,2.6622,0.2668,-0.1316,-0.3985,0.25,7.9642,0.932,1.2332,4.95,2.5004,0.1619
46.65,seguindo,gargalo_eixo,3.7148,2.6589,0.2653,-0.1276,-0.393,0.25,7.9768,1.1564,1.2454,4.95,2.5004,0.1586
46.7,seguindo,gargalo_eixo,3.7056,2.6565,0.2645,-0.1248,-0.3893,0.25,7.986,1.1564,1.2541,4.95,2.5004,0.1561
46.75,seguindo,gargalo_eixo,3.694,2.6535,0.2633,-0.1213,-0.3847,0.25,7.9975,1.1564,1.2653,4.95,2.5004,0.1531
46.8,seguindo,gargalo_eixo,3.6873,2.6518,0.2625,-0.1193,-0.3818,0.25,8.0043,1.1564,1.2718,4.95,2.5004,0.1513
46.85,seguindo,gargalo_eixo,3.6791,2.6497,0.2616,-0.1169,-0.3786,0.25,8.0124,1.1564,1.2796,4.95,2.5004,0.1492
46.9,seguindo,gargalo_eixo,3.6745,2.6485,0.2611,-0.1156,-0.3767,0.25,8.017,1.5161,1.2841,4.95,2.5004,0.148
46.95,seguindo,gargalo_eixo,3.6694,2.6472,0.2606,-0.1142,-0.3747,0.25,8.0221,1.5161,1.289,4.95,2.5004,0.1466
47.0,seguindo,gargalo_eixo,3.6668,2.6465,0.2603,-0.1134,-0.3737,0.25,8.0247,1.5161,1.2915,4.95,2.5004,0.146
47.05,seguindo,gargalo_eixo,3.665,2.6461,0.2602,-0.1129,-0.3731,0.25,8.0264,1.5161,1.2932,4.95,2.5004,0.1455
47.1,seguindo,gargalo_eixo,3.6648,2.6461,0.2601,-0.1129,-0.373,0.25,8.0266,1.5161,1.2934,4.95,2.5004,0.1455
47.15,seguindo,gargalo_eixo,3.6647,2.646,0.2601,-0.1128,-0.373,0.25,8.0267,1.5161,1.2935,4.95,2.5004,0.1454
47.2,seguindo,gargalo_eixo,3.6647,2.646,0.2601,-0.1128,-0.373,0.25,8.0267,1.5161,1.2935,4.95,2.5004,0.1454
47.25,seguindo,gargalo_eixo,3.6647,2.646,0.2601,-0.1128,-0.373,0.25,8.0267,1.5161,1.2935,4.95,2.5004,0.1454
47.3,seguindo,gargalo_eixo,3.6647,2.646,0.2601,-0.1128,-0.373,0.25,8.0267,1.5161,1.2935,4.95,2.5004,0.1454
47.35,seguindo,gargalo_eixo,3.6647,2.646,0.2601,-0.1128,-0.373,0.25,8.0267,1.5161,1.2935,4.95,2.5004,0.1454
47.4,seguindo,gargalo_eixo,3.6647,2.646,0.2601,-0.1128,-0.373,0.25,8.0267,1.5161,1.2935,4.95,2.5004,0.1454
47.45,seguindo,gargalo_eixo,3.6647,2.646,0.2601,-0.1128,-0.373,0.25,8.0267,1.5161,1.2935,4.95,2.5004,0.1454
47.5,seguindo,gargalo_eixo,3.6647,2.646,0.2601,-0.1128,-0.373,0.25,8.0267,1.5161,1.2935,4.95,2.5004,0.1454
47.55,seguindo,gargalo_eixo,3.6647,2.646,0.2601,-0.1128,-0.373,0.25,8.0267,1.5161,1.2935,4.95,2.5004,0.1454
47.6,seguindo,gargalo_eixo,3.6647,2.646,0.2601,-0.1128,-0.373,0.25,8.0267,1.5161,1.2935,4.95,2.5004,0.1454
47.65,seguindo,gargalo_eixo,3.6647,2.646,0.2601,-0.1128,-0.373,0.25,8.0267,1.5161,1.2935,4.95,2.5004,0.1454
47.7,seguindo,gargalo_eixo,3.6647,2.646,0.2601,-0.1128,-0.373,0.25,8.0267,1.5161,1.2935,4.95,2.5004,0.1454
47.75,seguindo,gargalo_eixo,3.6647,2.646,0.2601,-0.1128,-0.373,0.25,8.0267,1.5161,1.2935,4.95,2.5004,0.1454
47.8,seguindo,gargalo_eixo,3.6647,2.646,0.2601,-0.1128,-0.373,0.25,8.0267,1.5161,1.2935,4.95,2.5004,0.1454
47.85,seguindo,gargalo_eixo,3.6647,2.646,0.2601,-0.1128,-0.373,0.25,8.0267,1.5161,1.2935,4.95,2.5004,0.1454
47.9,seguindo,gargalo_eixo,3.6647,2.646,0.2601,-0.1128,-0.373,0.25,8.0267,1.5161,1.2935,4.95,2.5004,0.1454
47.95,seguindo,gargalo_eixo,3.6647,2.646,0.2601,-0.1128,-0.373,0.25,8.0267,1.5161,1.2935,4.95,2.5004,0.1454
48.0,seguindo,gargalo_eixo,3.6647,2.646,0.2601,-0.1128,-0.373,0.25,8.0267,1.5161,1.2935,4.95,2.5004,0.1454
48.05,seguindo,gargalo_eixo,3.6647,2.646,0.2601,-0.1128,-0.373,0.25,8.0267,1.5161,1.2935,4.95,2.5004,0.1454
48.1,seguindo,gargalo_eixo,3.6647,2.646,0.2601,-0.1128,-0.373,0.25,8.0267,1.5161,1.2935,4.95,2.5004,0.1454
48.15,seguindo,gargalo_eixo,3.6647,2.646,0.2601,-0.1128,-0.373,0.25,8.0267,1.5161,1.2935,4.95,2.5004,0.1454
48.2,seguindo,gargalo_eixo,3.6647,2.646,0.2601,-0.1128,-0.373,0.25,8.0267,1.5161,1.2935,4.95,2.5004,0.1454
48.25,seguindo,gargalo_eixo,3.6647,2.646,0.2601,-0.1128,-0.373,0.25,8.0267,1.5161,1.2935,4.95,2.5004,0.1454
48.3,seguindo,gargalo_eixo,3.6647,2.646,0.2601,-0.1128,-0.373,0.25,8.0267,1.5161,1.2935,4.95,2.5004,0.1454
48.35,seguindo,gargalo_eixo,3.6647,2.646,0.2601,-0.1128,-0.373,0.25,8.0267,1.5161,1.2935,4.95,2.5004,0.1454
48.4,seguindo,gargalo_eixo,3.6647,2.646,0.2601,-0.1128,-0.373,0.25,8.0267,1.5161,1.2935,4.95,2.5004,0.1454
48.45,seguindo,gargalo_eixo,3.6647,2.646,0.2601,-0.1128,-0.373,0.25,8.0267,1.5161,1.2935,4.95,2.5004,0.1454
48.5,seguindo,gargalo_eixo,3.6647,2.646,0.2601,-0.1128,-0.373,0.25,8.0267,1.5161,1.2935,4.95,2.5004,0.1454
48.55,seguindo,gargalo_eixo,3.6647,2.646,0.2601,-0.1128,-0.373,0.25,8.0267,1.5161,1.2935,4.95,2.5004,0.1454
48.6,seguindo,gargalo_eixo,3.6647,2.646,0.2601,-0.1128,-0.373,0.25,8.0267,1.5161,1.2935,4.95,2.5004,0.1454
48.65,seguindo,gargalo_eixo,3.6647,2.646,0.2601,-0.1128,-0.373,0.25,8.0267,1.5161,1.2935,4.95,2.5004,0.1454
48.7,seguindo,gargalo_eixo,3.6647,2.646,0.2601,-0.1128,-0.373,0.25,8.0267,1.5161,1.2935,4.95,2.5004,0.1454
48.75,seguindo,gargalo_eixo,3.6647,2.646,0.2601,-0.1128,-0.373,0.25,8.0267,1.5161,1.2935,4.95,2.5004,0.1454
48.8,seguindo,gargalo_eixo,3.6647,2.646,0.2601,-0.1128,-0.373,0.25,8.0267,1.5161,1.2935,4.95,2.5004,0.1454
48.85,seguindo,gargalo_eixo,3.6647,2.646,0.2601,-0.1128,-0.373,0.25,8.0267,1.5161,1.2935,4.95,2.5004,0.1454
48.9,seguindo,gargalo_eixo,3.6647,2.646,0.2601,-0.1128,-0.373,0.25,8.0267,1.5161,1.2935,4.95,2.5004,0.1454
48.95,seguindo,gargalo_eixo,3.6647,2.646,0.2601,-0.1128,-0.373,0.25,8.0267,1.5161,1.2935,4.95,2.5004,0.1454
49.0,seguindo,gargalo_eixo,3.6647,2.646,0.2601,-0.1128,-0.373,0.25,8.0267,1.5161,1.2935,4.95,2.5004,0.1454
49.05,seguindo,gargalo_eixo,3.6647,2.646,0.2601,-0.1128,-0.373,0.25,8.0267,1.5161,1.2935,4.95,2.5004,0.1454
49.1,seguindo,gargalo_eixo,3.6647,2.646,0.2601,-0.1128,-0.373,0.25,8.0267,1.5161,1.2935,4.95,2.5004,0.1454
49.15,seguindo,gargalo_eixo,3.6647,2.646,0.2601,-0.1128,-0.373,0.25,8.0267,1.5161,1.2935,4.95,2.5004,0.1454
49.2,seguindo,gargalo_eixo,3.6647,2.646,0.2601,-0.1128,-0.373,0.25,8.0267,1.5161,1.2935,4.95,2.5004,0.1454
49.25,seguindo,gargalo_eixo,3.6647,2.646,0.2601,-0.1128,-0.373,0.25,8.0267,1.5161,1.2935,4.95,2.5004,0.1454
49.3,seguindo,gargalo_eixo,3.6647,2.646,0.2601,-0.1128,-0.373,0.25,8.0267,1.5161,1.2935,4.95,2.5004,0.1454
49.35,seguindo,gargalo_eixo,3.6647,2.646,0.2601,-0.1128,-0.373,0.25,8.0267,1.5161,1.2935,4.95,2.5004,0.1454
49.4,seguindo,gargalo_eixo,3.6647,2.646,0.2601,-0.1128,-0.373,0.25,8.0267,1.5161,1.2935,4.95,2.5004,0.1454
49.45,seguindo,gargalo_eixo,3.6647,2.646,0.2601,-0.1128,-0.373,0.25,8.0267,1.5161,1.2935,4.95,2.5004,0.1454
49.5,seguindo,gargalo_eixo,3.6647,2.646,0.2601,-0.1128,-0.373,0.25,8.0267,1.5161,1.2935,4.95,2.5004,0.1454
49.55,seguindo,gargalo_eixo,3.6647,2.646,0.2601,-0.1128,-0.373,0.25,8.0267,1.5161,1.2935,4.95,2.5004,0.1454
49.6,seguindo,gargalo_eixo,3.6647,2.646,0.2601,-0.1128,-0.373,0.25,8.0267,1.5161,1.2935,4.95,2.5004,0.1454
49.65,seguindo,gargalo_eixo,3.6647,2.646,0.2601,-0.1128,-0.373,0.25,8.0267,1.5161,1.2935,4.95,2.5004,0.1454
49.7,seguindo,gargalo_eixo,3.6647,2.646,0.2601,-0.1128,-0.373,0.25,8.0267,1.5161,1.2935,4.95,2.5004,0.1454
49.75,seguindo,gargalo_eixo,3.6647,2.646,0.2601,-0.1128,-0.373,0.25,8.0267,1.5161,1.2935,4.95,2.5004,0.1454
49.8,seguindo,gargalo_eixo,3.6647,2.646,0.2601,-0.1128,-0.373,0.25,8.0267,1.5161,1.2935,4.95,2.5004,0.1454
49.85,seguindo,gargalo_eixo,3.6647,2.646,0.2601,-0.1128,-0.373,0.25,8.0267,1.5161,1.2935,4.95,2.5004,0.1454
49.9,seguindo,gargalo_eixo,3.6647,2.646,0.2601,-0.1128,-0.373,0.25,8.0267,1.5161,1.2935,4.95,2.5004,0.1454
49.95,seguindo,gargalo_eixo,3.6647,2.646,0.2601,-0.1128,-0.373,0.25,8.0267,1.5161,1.2935,4.95,2.5004,0.1454
50.0,seguindo,gargalo_eixo,3.6647,2.646,0.2601,-0.1128,-0.373,0.25,8.0267,1.5161,1.2935,4.95,2.5004,0.1454
50.05,seguindo,gargalo_eixo,3.6647,2.646,0.2601,-0.1128,-0.373,0.25,8.0267,1.5161,1.2935,4.95,2.5004,0.1454
50.1,seguindo,gargalo_eixo,3.6647,2.646,0.2601,-0.1128,-0.373,0.25,8.0267,1.5161,1.2935,4.95,2.5004,0.1454
50.15,seguindo,gargalo_eixo,3.6647,2.646,0.2601,-0.1128,-0.373,0.25,8.0267,1.5161,1.2935,4.95,2.5004,0.1454
50.2,seguindo,gargalo_eixo,3.6647,2.646,0.2601,-0.1128,-0.373,0.25,8.0267,1.5161,1.2935,4.95,2.5004,0.1454
50.25,seguindo,gargalo_eixo,3.6647,2.646,0.2601,-0.1128,-0.373,0.25,8.0267,1.5161,1.2935,4.95,2.5004,0.1454
50.3,seguindo,gargalo_eixo,3.6647,2.646,0.2601,-0.1128,-0.373,0.25,8.0267,1.5161,1.2935,4.95,2.5004,0.1454
50.35,re,,3.6647,2.646,0.2601,0.2601,0.0,-0.203,8.0267,inf,,,,0.0
50.4,re,,3.6647,2.646,0.2601,0.2601,0.0,-0.203,8.0267,inf,,,,0.0
50.45,re,,3.6647,2.646,0.2601,0.2601,0.0,-0.203,8.0267,inf,,,,0.0
50.5,re,,3.6647,2.646,0.2601,0.2601,0.0,-0.203,8.0267,inf,,,,0.0
50.55,re,,3.6647,2.646,0.2601,0.2601,0.0,-0.203,8.0267,inf,,,,0.0
50.6,re,,3.6647,2.646,0.2601,0.2601,0.0,-0.203,8.0267,inf,,,,0.0
50.65,re,,3.6647,2.646,0.2601,0.2601,0.0,-0.203,8.0267,inf,,,,0.0
50.7,re,,3.6647,2.646,0.2601,0.2601,0.0,-0.203,8.0267,inf,,,,0.0
50.75,re,,3.6617,2.6453,0.2589,0.2589,0.0,-0.203,8.0297,inf,,,,0.0
50.8,re,,3.6585,2.6446,0.2578,0.2578,0.0,-0.203,8.0328,inf,,,,0.0
50.85,re,,3.6509,2.6427,0.256,0.256,0.0,-0.203,8.0404,inf,,,,0.0
50.9,re,,3.6446,2.6412,0.2548,0.2548,0.0,-0.203,8.0466,inf,,,,0.0
50.95,re,,3.6323,2.6381,0.2531,0.2531,0.0,-0.203,8.0588,inf,,,,0.0
51.0,re,,3.6229,2.6358,0.2519,0.2519,0.0,-0.203,8.0681,inf,,,,0.0
51.05,re,,3.6069,2.6318,0.2502,0.2502,0.0,-0.203,8.084,inf,,,,0.0
51.1,re,,3.5955,2.629,0.2491,0.2491,0.0,-0.203,8.0954,inf,,,,0.0
51.15,re,,3.5784,2.6248,0.2477,0.2477,0.0,-0.203,8.1123,inf,,,,0.0
51.2,re,,3.567,2.622,0.2468,0.2468,0.0,-0.203,8.1236,inf,,,,0.0
51.25,re,,3.5501,2.6178,0.2461,0.2461,0.0,-0.203,8.1404,inf,,,,0.0
51.3,re,,3.5388,2.615,0.2459,0.2459,0.0,-0.203,8.1516,inf,,,,0.0
51.35,re,,3.5221,2.6108,0.2464,0.2464,0.0,-0.203,8.1683,inf,,,,0.0
51.4,re,,3.511,2.6079,0.2471,0.2471,0.0,-0.203,8.1794,inf,,,,0.0
51.45,re,,3.4945,2.6036,0.2488,0.2488,0.0,-0.203,8.1959,inf,,,,0.0
51.5,re,,3.4835,2.6007,0.2502,0.2502,0.0,-0.203,8.2069,inf,,,,0.0
51.55,re,,3.4671,2.5962,0.2528,0.2528,0.0,-0.203,8.2234,inf,,,,0.0
51.6,re,,3.4563,2.5933,0.2547,0.2547,0.0,-0.203,8.2343,inf,,,,0.0
51.65,re,,3.44,2.5888,0.2576,0.2576,0.0,-0.203,8.2507,inf,,,,0.0
51.7,re,,3.4291,2.5857,0.2596,0.2596,0.0,-0.203,8.2617,inf,,,,0.0
51.75,re,,3.4129,2.5811,0.2626,0.2626,0.0,-0.203,8.2781,inf,,,,0.0
51.8,re,,3.4021,2.578,0.2645,0.2645,0.0,-0.203,8.2891,inf,,,,0.0
51.85,re,,3.3858,2.5734,0.2675,0.2675,0.0,-0.203,8.3055,inf,,,,0.0
51.9,re,,3.375,2.5702,0.2694,0.2694,0.0,-0.203,8.3165,inf,,,,0.0
52.0,seguindo,gargalo_eixo,3.348,2.5623,0.2743,-0.0386,-0.3129,0.25,8.344,4.3437,1.6032,4.95,2.5004,0.0482
52.05,seguindo,gargalo_eixo,3.3318,2.5575,0.2772,-0.0353,-0.3124,0.25,8.3605,2.9026,1.6192,4.95,2.5004,0.0412
52.1,seguindo,gargalo_eixo,3.321,2.5542,0.2791,-0.033,-0.3121,0.25,8.3715,2.9026,1.6299,4.95,2.5004,0.0365
52.15,seguindo,gargalo_eixo,3.3048,2.5493,0.282,-0.0297,-0.3117,0.25,8.3881,2.9026,1.6459,4.95,2.5004,0.0289
52.2,seguindo,gargalo_eixo,3.294,2.546,0.2839,-0.0276,-0.3114,0.25,8.3991,2.9026,1.6566,4.95,2.5004,0.0235
52.25,seguindo,gargalo_eixo,3.2779,2.541,0.2867,-0.0243,-0.311,0.25,8.4157,1.9903,1.6726,4.95,2.5004,0.0153
52.3,seguindo,gargalo_eixo,3.2671,2.5377,0.2886,-0.0222,-0.3108,0.25,8.4267,1.9903,1.6833,4.95,2.5004,0.0099
52.35,seguindo,gargalo_eixo,3.251,2.5326,0.2915,-0.019,-0.3105,0.25,8.4433,1.9903,1.6993,4.95,2.5004,0.0008
52.4,seguindo,gargalo_eixo,3.2402,2.5292,0.2934,-0.0169,-0.3103,0.25,8.4543,1.9903,1.71,4.95,2.5004,-0.0055
52.45,seguindo,gargalo_eixo,3.2241,2.5241,0.2963,-0.0137,-0.31,0.25,8.4709,1.4037,1.726,4.95,2.5004,-0.0151
52.5,seguindo,gargalo_eixo,3.2134,2.5206,0.2982,-0.0117,-0.3099,0.25,8.482,1.4037,1.7367,4.95,2.5004,-0.0214
52.55,seguindo,gargalo_eixo,3.1999,2.5167,0.2968,-0.0093,-0.3061,0.25,8.4958,1.4037,1.7502,4.95,2.5004,-0.0298
52.6,seguindo,gargalo_eixo,3.1922,2.5146,0.293,-0.0081,-0.3012,0.25,8.5035,1.4037,1.7579,4.95,2.5004,-0.0347
52.65,seguindo,gargalo_eixo,3.1832,2.5122,0.291,-0.0067,-0.2977,0.25,8.5125,1.4037,1.7668,4.95,2.5004,-0.0403
52.7,seguindo,gargalo_eixo,3.1786,2.5108,0.291,-0.0059,-0.2969,0.25,8.5172,1.4037,1.7714,4.95,2.5004,-0.0434
52.75,seguindo,gargalo_eixo,3.1743,2.5096,0.2912,-0.0052,-0.2964,0.25,8.5216,1.0209,1.7757,4.95,2.5004,-0.0462
52.8,seguindo,gargalo_eixo,3.1727,2.5091,0.2912,-0.0049,-0.2961,0.25,8.5232,1.0209,1.7773,4.95,2.5004,-0.0472
52.85,seguindo,gargalo_eixo,3.1728,2.5095,0.2871,-0.0052,-0.2923,0.25,8.5229,1.0209,1.7772,4.95,2.5004,-0.0468
52.9,seguindo,gargalo_eixo,3.1741,2.5104,0.2816,-0.0056,-0.2873,0.25,8.5213,1.0209,1.7759,4.95,2.5004,-0.0455
52.95,seguindo,gargalo_eixo,3.1787,2.5128,0.2695,-0.007,-0.2765,0.25,8.5162,1.0209,1.7714,4.95,2.5004,-0.0416
53.0,seguindo,gargalo_eixo,3.183,2.5148,0.2586,-0.0082,-0.2668,0.25,8.5115,1.4037,1.7671,4.95,2.5004,-0.038
53.05,seguindo,gargalo_eixo,3.192,2.5189,0.2385,-0.0105,-0.2491,0.25,8.5017,1.4037,1.7581,4.95,2.5004,-0.0308
53.1,seguindo,gargalo_eixo,3.1993,2.5219,0.2225,-0.0123,-0.2348,0.25,8.4938,1.4037,1.7509,4.95,2.5004,-0.0252
53.15,seguindo,gargalo_eixo,3.2127,2.5272,0.194,-0.0154,-0.2094,0.25,8.4795,1.4037,1.7375,4.95,2.5004,-0.0154
53.2,seguindo,gargalo_eixo,3.223,2.5308,0.1728,-0.0176,-0.1904,0.25,8.4687,1.4037,1.7273,4.95,2.5004,-0.0089
53.25,seguindo,gargalo_eixo,3.2378,2.5362,0.1363,-0.0209,-0.1572,0.25,8.4532,1.4037,1.7126,4.95,2.5004,0.0004
53.3,seguindo,gargalo_eixo,3.2475,2.5395,0.1105,-0.023,-0.1335,0.25,8.443,1.9903,1.7029,4.95,2.5004,0.0064
53.35,seguindo,gargalo_eixo,3.2629,2.5443,0.07,-0.026,-0.096,0.25,8.4272,1.9903,1.6877,4.95,2.5004,0.0153
53.4,seguindo,gargalo_eixo,3.2737,2.5471,0.0437,-0.0278,-0.0715,0.25,8.4164,1.9903,1.6769,4.95,2.5004,0.0204
53.45,seguindo,gargalo_eixo,3.2906,2.5505,0.0072,-0.0302,-0.0374,0.25,8.4,2.9026,1.6602,4.95,2.5004,0.0271
53.5,seguindo,gargalo_eixo,3.3022,2.5522,-0.0151,-0.0315,-0.0164,0.25,8.389,2.9026,1.6486,4.95,2.5004,0.0312
53.55,seguindo,gargalo_eixo,3.3208,2.554,-0.0438,-0.0329,0.0108,0.25,8.3718,2.9026,1.6301,4.95,2.5004,0.0363
53.6,seguindo,gargalo_eixo,3.3338,2.5547,-0.0601,-0.0336,0.0265,0.25,8.3601,2.9026,1.6171,4.95,2.5004,0.0387
53.65,seguindo,gargalo_eixo,3.3532,2.555,-0.0812,-0.0342,0.047,0.25,8.343,4.3437,1.5978,4.95,2.5004,0.0418
53.7,seguindo,gargalo_eixo,3.3661,2.5548,-0.092,-0.0344,0.0577,0.25,8.3318,4.3437,1.5849,4.95,2.5004,0.0431
53.75,seguindo,gargalo_eixo,3.3846,2.5539,-0.1036,-0.0342,0.0694,0.25,8.3161,6.6551,1.5663,4.95,2.5004,0.0439
53.8,seguindo,gargalo_eixo,3.3967,2.5531,-0.1091,-0.0339,0.0752,0.25,8.3059,6.6551,1.5542,4.95,2.5004,0.0442
53.85,seguindo,gargalo_eixo,3.413,2.5516,-0.1128,-0.0333,0.0795,0.25,8.2924,6.6551,1.5379,4.95,2.5004,0.044
53.9,seguindo,gargalo_eixo,3.4232,2.5504,-0.1132,-0.0328,0.0804,0.25,8.2841,6.6551,1.5276,4.95,2.5004,0.0435
53.95,seguindo,gargalo_eixo,3.4383,2.5484,-0.1087,-0.0317,0.077,0.25,8.2719,6.6259,1.5125,4.95,2.5004,0.0424
54.0,seguindo,gargalo_eixo,3.4533,2.5462,-0.1015,-0.0306,0.0709,0.25,8.2599,6.6259,1.4974,4.95,2.5004,0.0412
54.05,seguindo,gargalo_eixo,3.4631,2.5445,-0.0918,-0.0296,0.0622,0.25,8.2522,6.6259,1.4876,4.95,2.5004,0.0398
54.1,seguindo,gargalo_eixo,3.4729,2.5428,-0.0819,-0.0287,0.0532,0.25,8.2445,6.6259,1.4777,4.95,2.5004,0.0385
54.15,seguindo,gargalo_eixo,3.4876,2.5403,-0.0645,-0.0273,0.0372,0.25,8.2329,4.3875,1.4629,4.95,2.5004,0.0366
54.2,seguindo,gargalo_eixo,3.4975,2.5387,-0.052,-0.0264,0.0256,0.25,8.2251,4.3875,1.453,4.95,2.5004,0.0354
54.25,seguindo,gargalo_eixo,3.5124,2.5366,-0.034,-0.0252,0.0089,0.25,8.2132,4.3875,1.438,4.95,2.5004,0.0337
54.3,seguindo,gargalo_eixo,3.5276,2.5348,-0.0175,-0.0242,-0.0067,0.25,8.2008,2.979,1.4228,4.95,2.5004,0.0324
54.35,seguindo,gargalo_eixo,3.538,2.5339,-0.0078,-0.0237,-0.016,0.25,8.1923,2.979,1.4124,4.95,2.5004,0.0317
54.4,seguindo,gargalo_eixo,3.5485,2.5331,0.0013,-0.0234,-0.0246,0.25,8.1836,2.979,1.4019,4.95,2.5004,0.0312
54.45,seguindo,gargalo_eixo,3.5642,2.5322,0.0146,-0.0229,-0.0376,0.25,8.1704,2.979,1.3861,4.95,2.5004,0.0305
54.5,seguindo,gargalo_eixo,3.5748,2.5317,0.0235,-0.0227,-0.0462,0.25,8.1615,2.979,1.3756,4.95,2.5004,0.0301
54.55,seguindo,gargalo_eixo,3.5906,2.5311,0.0366,-0.0226,-0.0591,0.25,8.1481,2.084,1.3598,4.95,2.5004,0.0298
54.6,seguindo,gargalo_eixo,3.6011,2.5308,0.0452,-0.0225,-0.0678,0.25,8.1391,2.084,1.3492,4.95,2.5004,0.0297
54.65,seguindo,gargalo_eixo,3.617,2.5305,0.0582,-0.0226,-0.0809,0.25,8.1255,2.084,1.3334,4.95,2.5004,0.0296
54.7,seguindo,gargalo_eixo,3.6275,2.5305,0.0669,-0.0228,-0.0897,0.25,8.1164,1.5161,1.3228,4.95,2.5004,0.0296
54.75,seguindo,gargalo_eixo,3.6433,2.5306,0.0803,-0.0231,-0.1034,0.25,8.1027,1.5161,1.307,4.95,2.5004,0.0298
54.8,seguindo,gargalo_eixo,3.6538,2.5307,0.0894,-0.0234,-0.1128,0.25,8.0936,1.5161,1.2965,4.95,2.5004,0.0301
54.85,seguindo,gargalo_eixo,3.6695,2.5311,0.1034,-0.024,-0.1273,0.25,8.0798,1.5161,1.2809,4.95,2.5004,0.0305
54.9,seguindo,gargalo_eixo,3.68,2.5314,0.1128,-0.0245,-0.1373,0.25,8.0706,1.1564,1.2704,4.95,2.5004,0.0309
54.95,seguindo,gargalo_eixo,3.6956,2.5321,0.127,-0.0253,-0.1524,0.25,8.0568,1.1564,1.2548,4.95,2.5004,0.0317
55.0,seguindo,gargalo_eixo,3.706,2.5327,0.1366,-0.026,-0.1626,0.25,8.0475,1.1564,1.2444,4.95,2.5004,0.0324
55.05,seguindo,gargalo_eixo,3.7216,2.5338,0.1509,-0.0272,-0.1781,0.25,8.0334,1.1564,1.2288,4.95,2.5004,0.0335
55.1,seguindo,gargalo_eixo,3.732,2.5347,0.1604,-0.0281,-0.1886,0.25,8.0241,0.932,1.2185,4.95,2.5004,0.0344
55.15,seguindo,gargalo_eixo,3.7476,2.5361,0.1747,-0.0297,-0.2044,0.25,8.0099,0.932,1.2029,4.95,2.5004,0.0359
55.2,seguindo,gargalo_eixo,3.758,2.5372,0.1842,-0.0309,-0.2151,0.25,8.0004,0.932,1.1926,4.95,2.5004,0.037
55.25,seguindo,gargalo_eixo,3.7735,2.539,0.1985,-0.0329,-0.2313,0.25,7.9861,0.932,1.1771,4.95,2.5004,0.0389
55.3,seguindo,gargalo_eixo,3.7839,2.5404,0.2079,-0.0343,-0.2422,0.25,7.9765,0.7994,1.1668,4.95,2.5004,0.0402
55.35,seguindo,gargalo_eixo,3.7994,2.5426,0.222,-0.0367,-0.2587,0.25,7.962,0.7994,1.1514,4.95,2.5004,0.0425
55.4,seguindo,gargalo_eixo,3.8097,2.5442,0.2314,-0.0384,-0.2698,0.25,7.9523,0.7994,1.1411,4.95,2.5004,0.0441
55.45,seguindo,gargalo_eixo,3.8252,2.5468,0.2455,-0.0412,-0.2867,0.25,7.9377,0.7332,1.1258,4.95,2.5004,0.0467
55.5,seguindo,gargalo_eixo,3.8355,2.5486,0.2548,-0.0433,-0.2981,0.25,7.9279,0.7332,1.1156,4.95,2.5004,0.0485
55.55,seguindo,gargalo_eixo,3.8509,2.5516,0.2689,-0.0465,-0.3154,0.25,7.9131,0.7332,1.1003,4.95,2.5004,0.0515
55.6,seguindo,gargalo_eixo,3.8611,2.5536,0.2782,-0.0489,-0.3271,0.25,7.9033,0.7332,1.0902,4.95,2.5004,0.0536
55.65,seguindo,gargalo_eixo,3.8735,2.5563,0.2884,-0.0519,-0.3404,0.25,7.8913,0.7332,1.078,4.95,2.5004,0.0563
55.7,seguindo,gargalo_eixo,3.8804,2.5579,0.2941,-0.0538,-0.3479,0.25,7.8845,0.7208,1.0711,4.95,2.5004,0.0579
55.75,seguindo,gargalo_eixo,3.8937,2.561,0.3086,-0.0573,-0.3659,0.25,7.8715,0.7208,1.058,4.95,2.5004,0.0609
55.8,seguindo,gargalo_eixo,3.9039,2.5632,0.3214,-0.06,-0.3813,0.25,7.8616,0.7208,1.048,4.95,2.5004,0.0631
55.85,seguindo,gargalo_eixo,3.9213,2.568,0.335,-0.0656,-0.4006,0.25,7.8443,0.7208,1.031,4.95,2.5004,0.0679
55.9,seguindo,gargalo_eixo,3.9338,2.5719,0.3405,-0.0703,-0.4108,0.25,7.8315,0.7587,1.0187,4.95,2.5004,0.0718
55.95,seguindo,gargalo_eixo,3.9523,2.5783,0.3425,-0.0779,-0.4204,0.25,7.8124,0.7587,1.0008,4.95,2.5004,0.0782
56.0,seguindo,gargalo_eixo,3.9644,2.5827,0.3414,-0.0834,-0.4248,0.25,7.7997,0.7327,0.989,4.95,2.5004,0.0827
56.05,seguindo,gargalo_eixo,3.9819,2.5895,0.3343,-0.0918,-0.4262,0.25,7.7812,0.7603,0.9722,4.95,2.5004,0.0894
56.1,seguindo,gargalo_eixo,3.9933,2.594,0.3276,-0.0976,-0.4252,0.25,7.7691,0.7254,0.9612,4.95,2.5004,0.0939
56.15,seguindo,gargalo_eixo,4.0102,2.6009,0.3123,-0.1066,-0.4189,0.25,7.7511,0.675,0.9451,4.95,2.5004,0.1008
56.2,seguindo,gargalo_eixo,4.0215,2.6055,0.3004,-0.1127,-0.4132,0.25,7.7391,0.6392,0.9344,4.95,2.5004,0.1054
56.25,seguindo,gargalo_eixo,4.0359,2.611,0.2868,-0.1204,-0.4072,0.25,7.7239,0.6828,0.9208,4.95,2.5004,0.1109
56.3,seguindo,gargalo_eixo,4.0443,2.6141,0.2787,-0.1249,-0.4037,0.25,7.7151,0.6479,0.9128,4.95,2.5004,0.114
56.35,seguindo,gargalo_eixo,4.0543,2.6175,0.2723,-0.13,-0.4023,0.25,7.7048,0.6071,0.9033,4.95,2.5004,0.1173
56.4,seguindo,gargalo_eixo,4.0598,2.6191,0.271,-0.1326,-0.4036,0.25,7.6992,0.5848,0.8981,4.95,2.5004,0.119
56.45,seguindo,gargalo_eixo,4.0652,2.6208,0.269,-0.1352,-0.4043,0.25,7.6937,0.5631,0.8929,4.95,2.5004,0.1206
56.5,seguindo,gargalo_eixo,4.0676,2.6215,0.2679,-0.1365,-0.4044,0.25,7.6913,0.5536,0.8906,4.95,2.5004,0.1214
56.55,seguindo,gargalo_eixo,4.0685,2.6219,0.2661,-0.137,-0.4031,0.25,7.6904,0.5503,0.8898,4.95,2.5004,0.1217
56.6,seguindo,gargalo_eixo,4.0679,2.6218,0.265,-0.1368,-0.4019,0.25,7.6909,0.5528,0.8905,4.95,2.5004,0.1217
56.65,seguindo,gargalo_eixo,4.0641,2.6209,0.2632,-0.1353,-0.3985,0.25,7.6946,0.5678,0.8941,4.95,2.5004,0.1208
56.7,seguindo,gargalo_eixo,4.0604,2.6201,0.2621,-0.1337,-0.3958,0.25,7.6983,0.5828,0.8976,4.95,2.5004,0.1199
56.75,seguindo,gargalo_eixo,4.0519,2.6179,0.2603,-0.1302,-0.3905,0.25,7.7066,0.6173,0.9057,4.95,2.5004,0.1178
56.8,seguindo,gargalo_eixo,4.0451,2.6162,0.2592,-0.1273,-0.3865,0.25,7.7133,0.6457,0.9123,4.95,2.5004,0.1161
56.85,seguindo,gargalo_eixo,4.0323,2.613,0.2576,-0.1221,-0.3797,0.25,7.7259,0.6993,0.9246,4.95,2.5004,0.1128
56.9,seguindo,gargalo_eixo,4.0229,2.6106,0.2567,-0.1183,-0.375,0.25,7.7352,0.6361,0.9336,4.95,2.5004,0.1105
56.95,seguindo,gargalo_eixo,4.0109,2.6076,0.2555,-0.1137,-0.3692,0.25,7.747,0.6751,0.9452,4.95,2.5004,0.1075
57.0,seguindo,gargalo_eixo,4.0039,2.6058,0.2547,-0.111,-0.3657,0.25,7.7539,0.6961,0.9519,4.95,2.5004,0.1057
57.05,seguindo,gargalo_eixo,3.9954,2.6037,0.2538,-0.1078,-0.3616,0.25,7.7623,0.722,0.9602,4.95,2.5004,0.1036
57.1,seguindo,gargalo_eixo,3.9906,2.6025,0.2532,-0.1061,-0.3593,0.25,7.7671,0.7369,0.9649,4.95,2.5004,0.1024
57.15,seguindo,gargalo_eixo,3.9851,2.6012,0.2526,-0.1041,-0.3567,0.25,7.7724,0.7538,0.9701,4.95,2.5004,0.1011
57.2,seguindo,gargalo_eixo,3.9823,2.6005,0.2523,-0.1031,-0.3553,0.25,7.7753,0.7627,0.9729,4.95,2.5004,0.1004
57.25,seguindo,gargalo_eixo,3.98,2.5999,0.2521,-0.1023,-0.3544,0.25,7.7775,0.7699,0.9751,4.95,2.5004,0.0999
57.3,seguindo,gargalo_eixo,3.9793,2.5998,0.252,-0.1021,-0.3541,0.25,7.7782,0.772,0.9758,4.95,2.5004,0.0997
57.35,seguindo,gargalo_eixo,3.979,2.5997,0.252,-0.1019,-0.3539,0.25,7.7785,0.773,0.9761,4.95,2.5004,0.0996
57.4,seguindo,gargalo_eixo,3.979,2.5997,0.252,-0.1019,-0.3539,0.25,7.7785,0.773,0.9761,4.95,2.5004,0.0996
57.45,seguindo,gargalo_eixo,3.979,2.5997,0.252,-0.1019,-0.3539,0.25,7.7785,0.773,0.9761,4.95,2.5004,0.0996
57.5,seguindo,gargalo_eixo,3.979,2.5997,0.252,-0.1019,-0.3539,0.25,7.7785,0.773,0.9761,4.95,2.5004,0.0996
57.55,seguindo,gargalo_eixo,3.979,2.5997,0.252,-0.1019,-0.3539,0.25,7.7785,0.773,0.9761,4.95,2.5004,0.0996
57.6,seguindo,gargalo_eixo,3.979,2.5997,0.252,-0.1019,-0.3539,0.25,7.7785,0.773,0.9761,4.95,2.5004,0.0996
57.65,seguindo,gargalo_eixo,3.979,2.5997,0.252,-0.1019,-0.3539,0.25,7.7785,0.773,0.9761,4.95,2.5004,0.0996
57.7,seguindo,gargalo_eixo,3.979,2.5997,0.252,-0.1019,-0.3539,0.25,7.7785,0.773,0.9761,4.95,2.5004,0.0996
57.75,seguindo,gargalo_eixo,3.9816,2.6007,0.2481,-0.1033,-0.3514,0.25,7.7757,0.765,0.9736,4.95,2.5004,0.1007
57.8,seguindo,gargalo_eixo,3.9846,2.6019,0.2429,-0.1048,-0.3477,0.25,7.7725,0.7557,0.9707,4.95,2.5004,0.1019
57.85,seguindo,gargalo_eixo,3.9918,2.6047,0.2311,-0.1085,-0.3396,0.25,7.7649,0.7338,0.9639,4.95,2.5004,0.1046
57.9,seguindo,gargalo_eixo,3.9979,2.607,0.2208,-0.1115,-0.3323,0.25,7.7586,0.7155,0.9581,4.95,2.5004,0.1069
57.95,seguindo,gargalo_eixo,4.0089,2.611,0.2007,-0.1171,-0.3177,0.25,7.747,0.6827,0.9476,4.95,2.5004,0.111
58.0,seguindo,gargalo_eixo,4.0172,2.614,0.1852,-0.1212,-0.3064,0.25,7.7384,0.6584,0.9397,4.95,2.5004,0.1139
58.05,seguindo,gargalo_eixo,4.0281,2.6183,0.1556,-0.1272,-0.2828,0.25,7.7268,0.7209,0.9294,4.95,2.5004,0.1182
58.1,seguindo,gargalo_eixo,4.0346,2.6212,0.1316,-0.1312,-0.2629,0.25,7.7198,0.6941,0.9234,4.95,2.5004,0.1211
58.15,seguindo,gargalo_eixo,4.0425,2.6246,0.1014,-0.136,-0.2375,0.25,7.7112,0.6616,0.916,4.95,2.5004,0.1245
58.2,seguindo,gargalo_eixo,4.0471,2.6265,0.0837,-0.1388,-0.2224,0.25,7.7063,0.6431,0.9117,4.95,2.5004,0.1263
58.25,seguindo,gargalo_eixo,4.0568,2.6297,0.0529,-0.1438,-0.1966,0.25,7.6964,0.6037,0.9026,4.95,2.5004,0.1295
58.3,seguindo,gargalo_eixo,4.0647,2.6319,0.0292,-0.1475,-0.1767,0.25,7.6884,0.5719,0.895,4.95,2.5004,0.1318
58.35,seguindo,gargalo_eixo,4.0794,2.6353,-0.0102,-0.1538,-0.1435,0.25,7.6741,0.6049,0.881,4.95,2.5004,0.1351
58.4,seguindo,gargalo_eixo,4.0906,2.6374,-0.0393,-0.1581,-0.1188,0.25,7.6634,0.5356,0.8703,4.95,2.5004,0.1372
58.45,seguindo,gargalo_eixo,4.1057,2.6396,-0.0771,-0.1635,-0.0864,0.25,7.6493,0.4424,0.8557,4.95,2.5004,0.1394
58.5,seguindo,gargalo_eixo,4.1151,2.6406,-0.0987,-0.1664,-0.0676,0.25,7.6408,0.3856,0.8466,4.95,2.5004,0.1403
58.55,seguindo,gargalo_eixo,4.127,2.6414,-0.1254,-0.1698,-0.0444,0.25,7.6302,0.3605,0.835,4.95,2.5004,0.1411
58.6,seguindo,gargalo_eixo,4.1339,2.6417,-0.1398,-0.1715,-0.0317,0.25,7.6241,0.291,0.8282,4.95,2.5004,0.1414
58.65,seguindo,gargalo_eixo,4.1423,2.6419,-0.1576,-0.1735,-0.0159,0.2064,7.6169,0.2064,0.82,4.95,2.5004,0.1416
58.7,seguindo,gargalo_eixo,4.147,2.642,-0.167,-0.1745,-0.0075,0.159,7.6129,0.159,0.8154,4.95,2.5004,0.1416
58.75,seguindo,gargalo_eixo,4.1521,2.642,-0.1779,-0.1756,0.0023,0.1066,7.6084,0.1066,0.8103,4.95,2.5004,0.1416
58.8,seguindo,gargalo_eixo,4.1548,2.6419,-0.1833,-0.1762,0.0071,0.079,7.6062,0.079,0.8077,4.95,2.5004,0.1415
58.85,seguindo,gargalo_eixo,4.1567,2.6419,-0.1873,-0.1766,0.0107,0.0601,7.6046,0.0601,0.8058,4.95,2.5004,0.1415
58.9,seguindo,gargalo_eixo,4.1572,2.6419,-0.1881,-0.1766,0.0115,0.0555,7.6042,0.0555,0.8054,4.95,2.5004,0.1415
58.95,seguindo,gargalo_eixo,4.1548,2.6425,-0.1898,-0.1769,0.0129,0.08,7.6058,0.08,0.8078,4.95,2.5004,0.1421
59.0,seguindo,gargalo_eixo,4.1521,2.6431,-0.1909,-0.177,0.0139,0.1093,7.6079,0.1093,0.8106,4.95,2.5004,0.1427
59.05,seguindo,gargalo_eixo,4.145,2.6446,-0.1924,-0.1773,0.0151,0.1834,7.6131,0.1834,0.8178,4.95,2.5004,0.1442
59.1,seguindo,gargalo_eixo,4.1391,2.6458,-0.1932,-0.1775,0.0157,0.2455,7.6175,0.2455,0.8238,4.95,2.5004,0.1455
59.15,seguindo,gargalo_eixo,4.1292,2.6479,-0.1944,-0.1778,0.0166,0.25,7.625,0.3503,0.834,4.95,2.5004,0.1476
59.2,seguindo,gargalo_eixo,4.1221,2.6493,-0.195,-0.178,0.017,0.25,7.6303,0.353,0.8412,4.95,2.5004,0.149
59.25,seguindo,gargalo_eixo,4.1136,2.6511,-0.1959,-0.1782,0.0177,0.25,7.6367,0.4064,0.8499,4.95,2.5004,0.1508
59.3,seguindo,gargalo_eixo,4.1087,2.6521,-0.1964,-0.1784,0.018,0.25,7.6403,0.4371,0.8548,4.95,2.5004,0.1518
59.35,seguindo,gargalo_eixo,4.1037,2.6531,-0.1969,-0.1785,0.0184,0.25,7.6441,0.4697,0.86,4.95,2.5004,0.1528
59.4,seguindo,gargalo_eixo,4.1013,2.6536,-0.1971,-0.1786,0.0185,0.25,7.6459,0.4853,0.8624,4.95,2.5004,0.1533
59.45,seguindo,gargalo_eixo,4.0995,2.6539,-0.1973,-0.1786,0.0187,0.25,7.6473,0.4969,0.8642,4.95,2.5004,0.1537
59.5,seguindo,gargalo_eixo,4.0991,2.654,-0.1973,-0.1786,0.0187,0.25,7.6476,0.4997,0.8647,4.95,2.5004,0.1538
59.55,seguindo,gargalo_eixo,4.0989,2.654,-0.1974,-0.1786,0.0187,0.25,7.6477,0.501,0.8649,4.95,2.5004,0.1538
59.6,seguindo,gargalo_eixo,4.0989,2.654,-0.1974,-0.1786,0.0187,0.25,7.6477,0.501,0.8649,4.95,2.5004,0.1538
59.65,seguindo,gargalo_eixo,4.0989,2.654,-0.1974,-0.1786,0.0187,0.25,7.6477,0.501,0.8649,4.95,2.5004,0.1538
59.7,seguindo,gargalo_eixo,4.0989,2.654,-0.1974,-0.1786,0.0187,0.25,7.6477,0.501,0.8649,4.95,2.5004,0.1538
59.75,seguindo,gargalo_eixo,4.0989,2.654,-0.1974,-0.1786,0.0187,0.25,7.6477,0.501,0.8649,4.95,2.5004,0.1538
59.8,seguindo,gargalo_eixo,4.0989,2.654,-0.1974,-0.1786,0.0187,0.25,7.6477,0.501,0.8649,4.95,2.5004,0.1538
59.85,seguindo,gargalo_eixo,4.0989,2.654,-0.1974,-0.1786,0.0187,0.25,7.6477,0.501,0.8649,4.95,2.5004,0.1538
59.9,seguindo,gargalo_eixo,4.0989,2.654,-0.1974,-0.1786,0.0187,0.25,7.6477,0.501,0.8649,4.95,2.5004,0.1538
59.95,seguindo,gargalo_eixo,4.0989,2.654,-0.1974,-0.1786,0.0187,0.25,7.6477,0.501,0.8649,4.95,2.5004,0.1538
60.0,seguindo,gargalo_eixo,4.0989,2.654,-0.1974,-0.1786,0.0187,0.25,7.6477,0.501,0.8649,4.95,2.5004,0.1538
60.05,seguindo,gargalo_eixo,4.0989,2.654,-0.1974,-0.1786,0.0187,0.25,7.6477,0.501,0.8649,4.95,2.5004,0.1538
60.1,seguindo,gargalo_eixo,4.0989,2.654,-0.1974,-0.1786,0.0187,0.25,7.6477,0.501,0.8649,4.95,2.5004,0.1538
60.15,seguindo,gargalo_eixo,4.0989,2.654,-0.1974,-0.1786,0.0187,0.25,7.6477,0.501,0.8649,4.95,2.5004,0.1538
60.2,seguindo,gargalo_eixo,4.0989,2.654,-0.1974,-0.1786,0.0187,0.25,7.6477,0.501,0.8649,4.95,2.5004,0.1538
60.25,seguindo,gargalo_eixo,4.0989,2.654,-0.1974,-0.1786,0.0187,0.25,7.6477,0.501,0.8649,4.95,2.5004,0.1538
60.3,seguindo,gargalo_eixo,4.0989,2.654,-0.1974,-0.1786,0.0187,0.25,7.6477,0.501,0.8649,4.95,2.5004,0.1538
60.35,seguindo,gargalo_eixo,4.0989,2.654,-0.1974,-0.1786,0.0187,0.25,7.6477,0.501,0.8649,4.95,2.5004,0.1538
60.4,seguindo,gargalo_eixo,4.0989,2.654,-0.1974,-0.1786,0.0187,0.25,7.6477,0.501,0.8649,4.95,2.5004,0.1538
60.45,seguindo,gargalo_eixo,4.0989,2.654,-0.1974,-0.1786,0.0187,0.25,7.6477,0.501,0.8649,4.95,2.5004,0.1538
60.5,seguindo,gargalo_eixo,4.0989,2.654,-0.1974,-0.1786,0.0187,0.25,7.6477,0.501,0.8649,4.95,2.5004,0.1538
60.55,seguindo,gargalo_eixo,4.0989,2.654,-0.1974,-0.1786,0.0187,0.25,7.6477,0.501,0.8649,4.95,2.5004,0.1538
60.6,seguindo,gargalo_eixo,4.0989,2.654,-0.1974,-0.1786,0.0187,0.25,7.6477,0.501,0.8649,4.95,2.5004,0.1538
60.65,seguindo,gargalo_eixo,4.0989,2.654,-0.1974,-0.1786,0.0187,0.25,7.6477,0.501,0.8649,4.95,2.5004,0.1538
60.7,seguindo,gargalo_eixo,4.0989,2.654,-0.1974,-0.1786,0.0187,0.25,7.6477,0.501,0.8649,4.95,2.5004,0.1538
60.75,seguindo,gargalo_eixo,4.0989,2.654,-0.1974,-0.1786,0.0187,0.25,7.6477,0.501,0.8649,4.95,2.5004,0.1538
60.8,seguindo,gargalo_eixo,4.0989,2.654,-0.1974,-0.1786,0.0187,0.25,7.6477,0.501,0.8649,4.95,2.5004,0.1538
60.85,seguindo,gargalo_eixo,4.0989,2.654,-0.1974,-0.1786,0.0187,0.25,7.6477,0.501,0.8649,4.95,2.5004,0.1538
60.9,seguindo,gargalo_eixo,4.0989,2.654,-0.1974,-0.1786,0.0187,0.25,7.6477,0.501,0.8649,4.95,2.5004,0.1538
60.95,seguindo,gargalo_eixo,4.0989,2.654,-0.1974,-0.1786,0.0187,0.25,7.6477,0.501,0.8649,4.95,2.5004,0.1538
61.0,seguindo,gargalo_eixo,4.0989,2.654,-0.1974,-0.1786,0.0187,0.25,7.6477,0.501,0.8649,4.95,2.5004,0.1538
61.05,seguindo,gargalo_eixo,4.0989,2.654,-0.1974,-0.1786,0.0187,0.25,7.6477,0.501,0.8649,4.95,2.5004,0.1538
61.1,seguindo,gargalo_eixo,4.0989,2.654,-0.1974,-0.1786,0.0187,0.25,7.6477,0.501,0.8649,4.95,2.5004,0.1538
61.15,seguindo,gargalo_eixo,4.0989,2.654,-0.1974,-0.1786,0.0187,0.25,7.6477,0.501,0.8649,4.95,2.5004,0.1538
61.2,seguindo,gargalo_eixo,4.0989,2.654,-0.1974,-0.1786,0.0187,0.25,7.6477,0.501,0.8649,4.95,2.5004,0.1538
61.25,seguindo,gargalo_eixo,4.0989,2.654,-0.1974,-0.1786,0.0187,0.25,7.6477,0.501,0.8649,4.95,2.5004,0.1538
61.3,seguindo,gargalo_eixo,4.0989,2.654,-0.1974,-0.1786,0.0187,0.25,7.6477,0.501,0.8649,4.95,2.5004,0.1538
61.35,seguindo,gargalo_eixo,4.0989,2.654,-0.1974,-0.1786,0.0187,0.25,7.6477,0.501,0.8649,4.95,2.5004,0.1538
61.4,seguindo,gargalo_eixo,4.0989,2.654,-0.1974,-0.1786,0.0187,0.25,7.6477,0.501,0.8649,4.95,2.5004,0.1538
61.45,seguindo,gargalo_eixo,4.0989,2.654,-0.1974,-0.1786,0.0187,0.25,7.6477,0.501,0.8649,4.95,2.5004,0.1538
61.5,seguindo,gargalo_eixo,4.0989,2.654,-0.1974,-0.1786,0.0187,0.25,7.6477,0.501,0.8649,4.95,2.5004,0.1538
61.55,seguindo,gargalo_eixo,4.0989,2.654,-0.1974,-0.1786,0.0187,0.25,7.6477,0.501,0.8649,4.95,2.5004,0.1538
61.6,seguindo,gargalo_eixo,4.0989,2.654,-0.1974,-0.1786,0.0187,0.25,7.6477,0.501,0.8649,4.95,2.5004,0.1538
61.65,seguindo,gargalo_eixo,4.0989,2.654,-0.1974,-0.1786,0.0187,0.25,7.6477,0.501,0.8649,4.95,2.5004,0.1538
61.7,seguindo,gargalo_eixo,4.0989,2.654,-0.1974,-0.1786,0.0187,0.25,7.6477,0.501,0.8649,4.95,2.5004,0.1538
61.75,seguindo,gargalo_eixo,4.0989,2.654,-0.1974,-0.1786,0.0187,0.25,7.6477,0.501,0.8649,4.95,2.5004,0.1538
61.8,seguindo,gargalo_eixo,4.0989,2.654,-0.1974,-0.1786,0.0187,0.25,7.6477,0.501,0.8649,4.95,2.5004,0.1538
61.85,seguindo,gargalo_eixo,4.0989,2.654,-0.1974,-0.1786,0.0187,0.25,7.6477,0.501,0.8649,4.95,2.5004,0.1538
61.9,seguindo,gargalo_eixo,4.0989,2.654,-0.1974,-0.1786,0.0187,0.25,7.6477,0.501,0.8649,4.95,2.5004,0.1538
61.95,seguindo,gargalo_eixo,4.0989,2.654,-0.1974,-0.1786,0.0187,0.25,7.6477,0.501,0.8649,4.95,2.5004,0.1538
62.0,seguindo,gargalo_eixo,4.0989,2.654,-0.1974,-0.1786,0.0187,0.25,7.6477,0.501,0.8649,4.95,2.5004,0.1538
62.05,seguindo,gargalo_eixo,4.0989,2.654,-0.1974,-0.1786,0.0187,0.25,7.6477,0.501,0.8649,4.95,2.5004,0.1538
62.1,seguindo,gargalo_eixo,4.0989,2.654,-0.1974,-0.1786,0.0187,0.25,7.6477,0.501,0.8649,4.95,2.5004,0.1538
62.15,seguindo,gargalo_eixo,4.0989,2.654,-0.1974,-0.1786,0.0187,0.25,7.6477,0.501,0.8649,4.95,2.5004,0.1538
62.2,seguindo,gargalo_eixo,4.0989,2.654,-0.1974,-0.1786,0.0187,0.25,7.6477,0.501,0.8649,4.95,2.5004,0.1538
62.25,seguindo,gargalo_eixo,4.0989,2.654,-0.1974,-0.1786,0.0187,0.25,7.6477,0.501,0.8649,4.95,2.5004,0.1538
62.3,seguindo,gargalo_eixo,4.0989,2.654,-0.1974,-0.1786,0.0187,0.25,7.6477,0.501,0.8649,4.95,2.5004,0.1538
62.35,seguindo,gargalo_eixo,4.0989,2.654,-0.1974,-0.1786,0.0187,0.25,7.6477,0.501,0.8649,4.95,2.5004,0.1538
62.4,seguindo,gargalo_eixo,4.0989,2.654,-0.1974,-0.1786,0.0187,0.25,7.6477,0.501,0.8649,4.95,2.5004,0.1538
62.45,seguindo,gargalo_eixo,4.0989,2.654,-0.1974,-0.1786,0.0187,0.25,7.6477,0.501,0.8649,4.95,2.5004,0.1538
62.5,seguindo,gargalo_eixo,4.0989,2.654,-0.1974,-0.1786,0.0187,0.25,7.6477,0.501,0.8649,4.95,2.5004,0.1538
62.55,seguindo,gargalo_eixo,4.0989,2.654,-0.1974,-0.1786,0.0187,0.25,7.6477,0.501,0.8649,4.95,2.5004,0.1538
62.6,seguindo,gargalo_eixo,4.0989,2.654,-0.1974,-0.1786,0.0187,0.25,7.6477,0.501,0.8649,4.95,2.5004,0.1538
62.65,seguindo,gargalo_eixo,4.0989,2.654,-0.1974,-0.1786,0.0187,0.25,7.6477,0.501,0.8649,4.95,2.5004,0.1538
62.7,seguindo,gargalo_eixo,4.0989,2.654,-0.1974,-0.1786,0.0187,0.25,7.6477,0.501,0.8649,4.95,2.5004,0.1538
62.75,seguindo,gargalo_eixo,4.0989,2.654,-0.1974,-0.1786,0.0187,0.25,7.6477,0.501,0.8649,4.95,2.5004,0.1538
62.8,re,,4.0989,2.654,-0.1974,-0.1974,0.0,0.203,7.6477,inf,,,,0.0
62.85,re,,4.0989,2.654,-0.1974,-0.1974,0.0,0.203,7.6477,inf,,,,0.0
62.9,re,,4.0989,2.654,-0.1974,-0.1974,0.0,0.203,7.6477,inf,,,,0.0
62.95,re,,4.0989,2.654,-0.1974,-0.1974,0.0,0.203,7.6477,inf,,,,0.0
63.0,re,,4.0989,2.654,-0.1974,-0.1974,0.0,0.203,7.6477,inf,,,,0.0
63.05,re,,4.0989,2.654,-0.1974,-0.1974,0.0,0.203,7.6477,inf,,,,0.0
63.1,re,,4.0989,2.654,-0.1974,-0.1974,0.0,0.203,7.6477,inf,,,,0.0
63.15,re,,4.0989,2.654,-0.1974,-0.1974,0.0,0.203,7.6477,inf,,,,0.0
63.2,re,,4.0989,2.654,-0.1974,-0.1974,0.0,0.203,7.6477,inf,,,,0.0
63.25,re,,4.1017,2.6538,-0.2017,-0.2017,0.0,0.203,7.6455,inf,,,,0.0
63.3,re,,4.1049,2.6535,-0.2069,-0.2069,0.0,0.203,7.6428,inf,,,,0.0
63.35,re,,4.1125,2.6528,-0.2189,-0.2189,0.0,0.203,7.6367,inf,,,,0.0
63.4,re,,4.119,2.6522,-0.2291,-0.2291,0.0,0.203,7.6315,inf,,,,0.0
63.45,re,,4.1313,2.6505,-0.2456,-0.2456,0.0,0.203,7.6218,inf,,,,0.0
63.5,re,,4.1409,2.6489,-0.2562,-0.2562,0.0,0.203,7.6144,inf,,,,0.0
63.55,re,,4.1579,2.6457,-0.2731,-0.2731,0.0,0.203,7.6016,inf,,,,0.0
63.6,re,,4.1705,2.643,-0.2837,-0.2837,0.0,0.203,7.5922,inf,,,,0.0
63.65,re,,4.1896,2.6385,-0.2986,-0.2986,0.0,0.203,7.5783,inf,,,,0.0
63.7,re,,4.2025,2.6352,-0.3073,-0.3073,0.0,0.203,7.569,inf,,,,0.0
63.75,re,,4.2207,2.6301,-0.3158,-0.3158,0.0,0.203,7.5562,inf,,,,0.0
63.8,re,,4.2324,2.6265,-0.3193,-0.3193,0.0,0.203,7.5481,inf,,,,0.0
63.85,re,,4.2488,2.6211,-0.3195,-0.3195,0.0,0.203,7.537,inf,,,,0.0
63.9,re,,4.2593,2.6175,-0.3177,-0.3177,0.0,0.203,7.53,inf,,,,0.0
63.95,re,,4.2741,2.6121,-0.31,-0.31,0.0,0.203,7.5204,inf,,,,0.0
64.0,re,,4.2836,2.6085,-0.3032,-0.3032,0.0,0.203,7.5142,inf,,,,0.0
64.1,seguindo,gargalo_eixo,4.306,2.5994,-0.2761,-0.1526,0.1235,0.25,7.5,0.4165,0.6515,4.95,2.5004,0.0974
64.15,seguindo,gargalo_eixo,4.3191,2.594,-0.2535,-0.1473,0.1062,0.25,7.4919,0.3313,0.6378,4.95,2.5004,0.0916
64.2,seguindo,normal,4.3278,2.5904,-0.2368,-0.0209,0.2159,0.5,7.4865,0.9961,0.37,4.75,2.5816,0.0878
64.25,seguindo,normal,4.3408,2.5853,-0.2116,-0.0091,0.2025,0.5,7.4782,0.9961,0.37,4.75,2.5816,0.0824
64.3,seguindo,normal,4.3496,2.5821,-0.1948,-0.0013,0.1935,0.5,7.4725,0.9961,0.37,4.75,2.5816,0.0789
64.35,seguindo,normal,4.3629,2.5776,-0.1696,0.0104,0.18,0.5,7.4637,0.9961,0.37,4.75,2.5816,0.0739
64.4,seguindo,normal,4.3719,2.5747,-0.1529,0.0182,0.171,0.5,7.4578,0.9961,0.37,4.75,2.5816,0.0707
64.45,seguindo,normal,4.3853,2.5707,-0.1277,0.0912,0.2189,0.5,7.4486,0.8387,0.37,4.8,2.6087,0.0662
64.5,seguindo,normal,4.3944,2.5683,-0.1109,0.0992,0.2101,0.5,7.4423,0.8387,0.37,4.8,2.6087,0.0634
64.55,seguindo,normal,4.408,2.5649,-0.0858,0.1112,0.197,0.5,7.4327,0.8387,0.37,4.8,2.6087,0.0592
64.6,seguindo,normal,4.4171,2.5628,-0.069,0.1192,0.1882,0.5,7.4262,0.8387,0.37,4.8,2.6087,0.0566
64.65,seguindo,normal,4.4281,2.5603,-0.0466,0.1873,0.2339,0.5,7.4183,0.7545,0.37,4.85,2.6403,0.0535
64.7,seguindo,normal,4.4341,2.5589,-0.0314,0.1934,0.2248,0.5,7.4141,0.7545,0.37,4.85,2.6403,0.0516
64.75,seguindo,normal,4.4403,2.5573,-0.0143,0.1999,0.2142,0.5,7.4097,0.7545,0.37,4.85,2.6403,0.0497
64.8,seguindo,normal,4.4432,2.5566,-0.0061,0.2029,0.209,0.5,7.4077,0.7545,0.37,4.85,2.6403,0.0489
64.85,seguindo,normal,4.4448,2.5561,0.0007,0.205,0.2043,0.5,7.4066,0.7545,0.37,4.85,2.6403,0.0482
64.9,seguindo,normal,4.4448,2.5559,0.0022,0.2053,0.2031,0.5,7.4067,0.7545,0.37,4.85,2.6403,0.0481
64.95,seguindo,normal,4.4476,2.5559,0.003,0.2068,0.2038,0.5,7.4044,0.7545,0.37,4.85,2.6403,0.0478
65.0,seguindo,normal,4.4507,2.5559,0.0027,0.2083,0.2056,0.5,7.4017,0.7545,0.37,4.85,2.6403,0.0476
65.05,seguindo,normal,4.4583,2.556,0.0017,0.2119,0.2103,0.5,7.3954,0.7545,0.37,4.85,2.6403,0.047
65.1,seguindo,normal,4.4646,2.5561,0.0004,0.2151,0.2146,0.5,7.39,0.7545,0.37,4.85,2.6403,0.0465
65.15,seguindo,normal,4.477,2.5564,-0.0034,0.2212,0.2245,0.5,7.3795,0.7218,0.37,4.85,2.6403,0.0457
65.2,seguindo,normal,4.4865,2.5567,-0.0073,0.2261,0.2334,0.5,7.3714,0.7218,0.37,4.85,2.6403,0.0451
65.25,seguindo,normal,4.5036,2.5573,-0.0166,0.2353,0.2519,0.5,7.3568,0.7218,0.37,4.85,2.6403,0.0438
65.3,seguindo,normal,4.5164,2.5577,-0.0251,0.2428,0.2679,0.5,7.3458,0.7218,0.37,4.85,2.6403,0.0425
65.35,seguindo,normal,4.536,2.5581,-0.0385,0.3127,0.3512,0.5,7.3292,0.7402,0.37,4.9,2.6758,0.0403
65.4,seguindo,normal,4.5493,2.5583,-0.0471,0.3234,0.3705,0.5,7.3181,0.7402,0.37,4.9,2.6758,0.0384
65.45,seguindo,normal,4.5688,2.5581,-0.0577,0.3889,0.4466,0.5,7.3019,0.8154,0.37,4.95,2.7143,0.0346
65.5,seguindo,normal,4.5817,2.5578,-0.0637,0.4017,0.4654,0.5,7.2914,0.8154,0.37,4.95,2.7143,0.0319
65.55,seguindo,normal,4.6004,2.5571,-0.0696,0.4227,0.4923,0.5,7.2762,0.8154,0.37,4.95,2.7143,0.0272
65.6,seguindo,normal,4.6127,2.5564,-0.0723,0.4379,0.5102,0.5,7.2663,0.8154,0.37,4.95,2.7143,0.0234
65.65,seguindo,normal,4.6307,2.5552,-0.0734,0.4831,0.5565,0.5,7.2521,0.7525,1.0,5.55,3.0374,0.0177
65.7,seguindo,normal,4.6425,2.5543,-0.073,0.4892,0.5622,0.5,7.2428,0.7525,1.0,5.55,3.0374,0.0138
65.75,seguindo,normal,4.6584,2.5527,-0.0672,0.498,0.5652,0.5,7.2305,0.7525,1.0,5.55,3.0374,0.0073
65.8,seguindo,normal,4.6684,2.5516,-0.0617,0.5036,0.5653,0.5,7.2229,0.7525,1.0,5.55,3.0374,0.003
65.85,seguindo,normal,4.6829,2.5497,-0.0485,0.5899,0.6384,0.5,7.2119,1.2234,0.37,5.05,2.7954,-0.0035
65.9,seguindo,normal,4.6924,2.5484,-0.0379,0.6045,0.6425,0.5,7.2047,1.2234,0.37,5.05,2.7954,-0.0079
65.95,seguindo,normal,4.7065,2.5463,-0.0171,0.6275,0.6445,0.5,7.1943,1.2234,0.37,5.05,2.7954,-0.0146
66.0,seguindo,normal,4.7158,2.5449,-0.0013,0.6432,0.6445,0.5,7.1874,1.2234,0.37,5.05,2.7954,-0.0196
66.05,seguindo,normal,4.7298,2.5431,0.0234,0.6674,0.644,0.5,7.1769,1.2234,0.37,5.05,2.7954,-0.027
66.1,seguindo,normal,4.7391,2.542,0.0402,0.683,0.6429,0.5,7.1698,1.7007,0.37,5.1,2.8357,-0.0318
66.15,seguindo,normal,4.753,2.5406,0.0657,0.7046,0.6389,0.5,7.1591,1.7007,0.37,5.1,2.8357,-0.0386
66.2,seguindo,normal,4.7623,2.5399,0.0829,0.7192,0.6363,0.5,7.1519,1.7007,0.37,5.1,2.8357,-0.0431
66.25,seguindo,normal,4.7762,2.5392,0.1084,0.7415,0.6331,0.5,7.1408,1.7007,0.37,5.1,2.8357,-0.0498
66.3,seguindo,normal,4.7856,2.5389,0.1253,0.7566,0.6313,0.5,7.1333,1.7007,0.37,5.1,2.8357,-0.0545
66.35,seguindo,normal,4.7993,2.5385,0.1528,0.7794,0.6267,0.5,7.1222,1.7007,0.37,5.1,2.8357,-0.0613
66.4,seguindo,normal,4.8083,2.5384,0.1718,0.7949,0.623,0.5,7.1149,2.7904,0.37,5.1,2.8357,-0.0657
66.45,seguindo,normal,4.8217,2.5385,0.2013,0.8183,0.6169,0.5,7.1038,2.7904,0.37,5.1,2.8357,-0.072
66.5,seguindo,normal,4.8307,2.5388,0.2213,0.8341,0.6128,0.5,7.0964,2.7904,0.37,5.1,2.8357,-0.0761
66.55,seguindo,normal,4.8439,2.5394,0.2519,0.8581,0.6062,0.5,7.0851,2.7904,0.37,5.1,2.8357,-0.082
66.6,seguindo,normal,4.8571,2.5404,0.2828,0.8825,0.5996,0.5,7.0738,2.7904,0.37,5.1,2.8357,-0.0882
66.65,seguindo,normal,4.8659,2.5413,0.3035,0.899,0.5955,0.5,7.0661,2.7904,0.37,5.1,2.8357,-0.0922
66.7,seguindo,normal,4.8746,2.5423,0.3241,0.9157,0.5915,0.5,7.0583,2.7904,0.37,5.1,2.8357,-0.0959
66.75,seguindo,normal,4.8877,2.5443,0.3551,0.899,0.5439,0.5,7.0465,7.8109,0.37,5.15,2.8742,-0.1013
66.8,seguindo,normal,4.8964,2.5458,0.3757,0.9131,0.5374,0.5,7.0385,7.8109,0.37,5.15,2.8742,-0.1047
66.85,seguindo,normal,4.9094,2.5484,0.4064,0.9345,0.5281,0.5,7.0264,7.8109,0.37,5.15,2.8742,-0.1094
66.9,seguindo,normal,4.918,2.5504,0.4268,0.9489,0.5221,0.5,7.0182,7.8109,0.37,5.15,2.8742,-0.1126
66.95,seguindo,normal,4.9309,2.5538,0.4573,0.9709,0.5135,0.5,7.0058,7.8109,0.37,5.15,2.8742,-0.1174
67.0,seguindo,normal,4.9394,2.5562,0.4776,0.9857,0.5081,0.5,6.9974,7.8109,0.37,5.15,2.8742,-0.1203
67.05,seguindo,normal,4.952,2.5602,0.5082,0.9537,0.4455,0.5,6.9848,10.0002,0.37,5.2,2.9097,-0.1244
67.1,seguindo,normal,4.9604,2.563,0.5286,0.966,0.4374,0.5,6.9763,10.0002,0.37,5.2,2.9097,-0.1269
67.15,seguindo,normal,4.9729,2.5677,0.5591,0.9846,0.4255,0.5,6.9634,10.0002,0.37,5.2,2.9097,-0.1304
67.2,seguindo,normal,4.9812,2.571,0.5791,0.9971,0.418,0.5,6.9547,10.0002,0.37,5.2,2.9097,-0.1326
67.25,seguindo,normal,4.9935,2.5764,0.6087,1.016,0.4073,0.5,6.9416,10.0002,0.37,5.2,2.9097,-0.1358
67.3,seguindo,normal,5.0016,2.5803,0.628,1.0288,0.4008,0.5,6.9327,10.0002,0.37,5.2,2.9097,-0.1377
67.35,seguindo,normal,5.0139,2.5864,0.6563,0.9837,0.3274,0.5,6.9192,2.9687,0.37,5.25,2.9413,-0.1403
67.4,seguindo,normal,5.022,2.5908,0.6748,0.9941,0.3193,0.5,6.91,2.9687,0.37,5.25,2.9413,-0.1418
67.45,seguindo,normal,5.0341,2.5977,0.7019,1.0098,0.308,0.5,6.8961,2.9687,0.37,5.25,2.9413,-0.1437
67.5,seguindo,normal,5.0421,2.6026,0.7196,1.0204,0.3007,0.5,6.8868,2.9687,0.37,5.25,2.9413,-0.1448
67.55,seguindo,normal,5.0539,2.6101,0.7459,1.0362,0.2903,0.5,6.8728,2.9687,0.37,5.25,2.9413,-0.1463
67.6,seguindo,normal,5.0617,2.6155,0.7629,1.047,0.284,0.5,6.8633,2.9687,0.37,5.25,2.9413,-0.1471
67.65,seguindo,normal,5.0735,2.6238,0.7877,0.9248,0.1371,0.5,6.849,1.6846,0.37,5.35,2.9906,-0.1479
67.7,seguindo,normal,5.0812,2.6296,0.8037,0.9309,0.1272,0.5,6.8393,1.6846,0.37,5.35,2.9906,-0.1483
67.75,seguindo,normal,5.0928,2.6386,0.8271,0.9398,0.1126,0.5,6.8246,1.6846,0.37,5.35,2.9906,-0.1485
67.8,seguindo,normal,5.1003,2.6448,0.8425,0.9455,0.103,0.5,6.8149,1.6846,0.37,5.35,2.9906,-0.1485
67.85,seguindo,normal,5.1115,2.6545,0.8642,0.9536,0.0894,0.5,6.8002,1.6846,0.37,5.35,2.9906,-0.148
67.9,seguindo,normal,5.1188,2.6613,0.8776,0.8894,0.0118,0.5,6.7902,1.1286,0.37,5.4,3.008,-0.1474
67.95,seguindo,normal,5.1297,2.6717,0.8971,0.8938,-0.0032,0.5,6.7753,1.1286,0.37,5.4,3.008,-0.1462
68.0,seguindo,normal,5.1369,2.6789,0.9097,0.8964,-0.0132,0.5,6.7653,1.1286,0.37,5.4,3.008,-0.1452
68.05,seguindo,normal,5.1474,2.6899,0.928,0.8998,-0.0283,0.5,6.7504,1.1286,0.37,5.4,3.008,-0.1433
68.1,seguindo,normal,5.1543,2.6974,0.9399,0.9016,-0.0383,0.5,6.7404,1.1286,0.37,5.4,3.008,-0.1418
68.15,seguindo,normal,5.1646,2.7094,0.954,0.8294,-0.1245,0.5,6.725,0.8628,0.37,5.45,3.0212,-0.1389
68.2,seguindo,normal,5.1748,2.7221,0.9652,0.8269,-0.1384,0.5,6.7094,0.8628,0.37,5.45,3.0212,-0.1354
68.25,seguindo,normal,5.1817,2.7317,0.9675,0.8232,-0.1443,0.5,6.6982,0.8628,0.37,5.45,3.0212,-0.1322
68.3,seguindo,normal,5.1885,2.7414,0.9693,0.8191,-0.1502,0.5,6.687,0.8628,0.37,5.45,3.0212,-0.1287
68.35,seguindo,normal,5.1986,2.756,0.9705,0.812,-0.1584,0.5,6.6703,0.8628,0.37,5.45,3.0212,-0.1233
68.4,seguindo,normal,5.2054,2.7658,0.9708,0.7323,-0.2385,0.5,6.6592,0.7476,0.37,5.5,3.0307,-0.1196
68.45,seguindo,normal,5.2154,2.7805,0.9713,0.7213,-0.25,0.5,6.6425,0.7476,0.37,5.5,3.0307,-0.1142
68.5,seguindo,normal,5.2221,2.7902,0.9717,0.7134,-0.2583,0.5,6.6315,0.7476,0.37,5.5,3.0307,-0.1102
68.55,seguindo,normal,5.2322,2.8048,0.9726,0.7006,-0.2719,0.5,6.6148,0.7476,0.37,5.5,3.0307,-0.1041
68.6,seguindo,normal,5.2389,2.8145,0.9732,0.6215,-0.3517,0.5,6.6038,0.7192,0.37,5.55,3.0374,-0.1001
68.65,seguindo,normal,5.2489,2.829,0.9748,0.6053,-0.3696,0.5,6.5873,0.7192,0.37,5.55,3.0374,-0.0941
68.7,seguindo,normal,5.2555,2.8387,0.9761,0.5936,-0.3825,0.5,6.5763,0.7192,0.37,5.55,3.0374,-0.0897
68.75,seguindo,normal,5.2655,2.853,0.9786,0.5749,-0.4037,0.5,6.56,0.7192,0.37,5.55,3.0374,-0.0829
68.8,seguindo,normal,5.2721,2.8626,0.9804,0.4495,-0.5308,0.5,6.5491,0.7598,0.37,5.65,3.0449,-0.0783
68.85,seguindo,normal,5.2819,2.8769,0.9833,0.4282,-0.5551,0.5,6.5328,0.7598,0.37,5.65,3.0449,-0.0715
68.9,seguindo,normal,5.2885,2.8865,0.9853,0.4131,-0.5722,0.5,6.522,0.7598,0.37,5.65,3.0449,-0.0666
68.95,seguindo,normal,5.2983,2.9009,0.9883,0.3888,-0.5995,0.5,6.5058,0.7598,0.37,5.65,3.0449,-0.0586
69.0,seguindo,normal,5.3048,2.9105,0.9902,0.3324,-0.6579,0.5,6.4949,0.8711,0.37,5.7,3.0469,-0.0532
69.05,seguindo,normal,5.3151,2.9264,0.9886,0.3033,-0.6852,0.5,6.4774,0.8711,0.37,5.7,3.0469,-0.0441
69.1,seguindo,normal,5.3222,2.9377,0.9853,0.2814,-0.7039,0.5,6.4652,0.8711,0.37,5.7,3.0469,-0.0371
69.15,seguindo,normal,5.3326,2.9546,0.9755,0.0444,-0.9311,0.5,6.447,3.3899,1.0,6.35,2.9998,0.0462
69.2,seguindo,normal,5.3395,2.9659,0.9671,0.0335,-0.9336,0.5,6.4349,3.3899,1.0,6.35,2.9998,0.0558
69.25,seguindo,normal,5.3495,2.9827,0.9496,0.0172,-0.9324,0.5,6.4172,3.3899,1.0,6.35,2.9998,0.0701
69.3,seguindo,normal,5.3561,2.9937,0.9361,0.0062,-0.9299,0.5,6.4055,3.3899,1.0,6.35,2.9998,0.0795
69.35,seguindo,normal,5.3661,3.01,0.914,-0.0098,-0.9238,0.5,6.388,3.5744,1.0,6.4,2.9999,0.0934
69.4,seguindo,normal,5.373,3.0208,0.8987,-0.0203,-0.919,0.5,6.3763,3.5744,1.0,6.4,2.9999,0.1025
69.45,seguindo,normal,5.3834,3.0367,0.8748,-0.0361,-0.911,0.5,6.3588,3.5744,1.0,6.4,2.9999,0.116
69.5,seguindo,normal,5.3905,3.0471,0.8586,-0.0467,-0.9054,0.5,6.3471,3.5744,1.0,6.4,2.9999,0.1248
69.55,seguindo,normal,5.4016,3.0625,0.8345,-0.0596,-0.8941,0.5,6.3293,3.2354,1.0,6.45,2.9999,0.1379
69.6,seguindo,normal,5.4091,3.0727,0.8185,-0.0698,-0.8883,0.5,6.3173,3.2354,1.0,6.45,2.9999,0.1464
69.65,seguindo,normal,5.4199,3.0873,0.7891,-0.0846,-0.8738,0.5,6.3002,3.2354,1.0,6.45,2.9999,0.1587
69.7,seguindo,normal,5.4271,3.0968,0.768,-0.0944,-0.8624,0.5,6.289,3.2354,1.0,6.45,2.9999,0.1668
69.75,seguindo,normal,5.438,3.1107,0.7354,-0.109,-0.8445,0.5,6.2721,3.2354,1.0,6.45,2.9999,0.1786
69.8,seguindo,normal,5.4456,3.1198,0.7134,-0.1131,-0.8266,0.5,6.2608,3.1851,1.0,6.5,3.0,0.1862
69.85,seguindo,normal,5.4572,3.133,0.6801,-0.1269,-0.807,0.5,6.2438,3.1851,1.0,6.5,3.0,0.1973
69.9,seguindo,normal,5.4651,3.1417,0.6577,-0.1361,-0.7938,0.5,6.2324,3.1851,1.0,6.5,3.0,0.2044
69.95,seguindo,normal,5.4774,3.1542,0.6243,-0.1497,-0.774,0.5,6.2152,3.1851,1.0,6.5,3.0,0.2149
70.0,seguindo,normal,5.4859,3.1624,0.602,-0.1588,-0.7608,0.5,6.2037,3.1851,1.0,6.5,3.0,0.2216
70.05,seguindo,normal,5.4989,3.1743,0.5686,-0.1643,-0.7329,0.5,6.1862,3.4074,1.0,6.55,3.0,0.2313
70.1,seguindo,normal,5.5078,3.182,0.5464,-0.1729,-0.7193,0.5,6.1746,3.4074,1.0,6.55,3.0,0.2375
70.15,seguindo,normal,5.5214,3.1931,0.513,-0.1856,-0.6986,0.5,6.1571,3.4074,1.0,6.55,3.0,0.2465
70.2,seguindo,normal,5.5307,3.2003,0.4906,-0.194,-0.6847,0.5,6.1454,3.4074,1.0,6.55,3.0,0.2522
70.25,seguindo,normal,5.5425,3.2093,0.4592,-0.1954,-0.6546,0.5,6.1305,3.544,1.0,6.6,3.0,0.2593
70.3,seguindo,normal,5.5494,3.2146,0.4362,-0.2015,-0.6377,0.5,6.1219,3.544,1.0,6.6,3.0,0.2637
70.35,seguindo,normal,5.562,3.2235,0.4007,-0.2121,-0.6128,0.5,6.1065,3.544,1.0,6.6,3.0,0.2706
70.4,seguindo,normal,5.5718,3.2296,0.3784,-0.2197,-0.5981,0.5,6.0949,3.544,1.0,6.6,3.0,0.2753
70.45,seguindo,normal,5.5873,3.2383,0.3467,-0.2206,-0.5673,0.5,6.0771,3.2216,1.0,6.65,3.0,0.2818
70.5,seguindo,normal,5.5981,3.2438,0.3267,-0.2278,-0.5545,0.5,6.0652,3.2216,1.0,6.65,3.0,0.2857
70.55,seguindo,normal,5.6145,3.2516,0.2975,-0.2384,-0.5359,0.5,6.0471,3.2216,1.0,6.65,3.0,0.2912
70.6,seguindo,normal,5.6258,3.2566,0.2788,-0.2454,-0.5243,0.5,6.035,3.2216,1.0,6.65,3.0,0.2946
70.65,seguindo,normal,5.6427,3.2636,0.2504,-0.2443,-0.4947,0.5,6.0171,3.1839,1.0,6.7,3.0,0.2993
70.7,seguindo,normal,5.6541,3.268,0.2312,-0.2508,-0.482,0.5,6.0052,3.1839,1.0,6.7,3.0,0.3021
70.75,seguindo,normal,5.6713,3.2741,0.2028,-0.2604,-0.4632,0.5,5.9874,3.1839,1.0,6.7,3.0,0.3061
