t,estado,x,y,rumo,rumo_alvo,erro_rumo,v_alvo,dist,raio_curva,desvio_lateral
13.8,seguindo,-0.0,-0.0,-0.0,-0.0331,-0.0331,0.5,5.7095,33.5903,0.0191
13.85,seguindo,-0.0,-0.0,-0.0,-0.0331,-0.0331,0.5,5.7095,33.5903,0.0191
13.9,seguindo,-0.0,-0.0,-0.0,-0.0331,-0.0331,0.5,5.7095,33.5903,0.0191
13.95,seguindo,-0.0,-0.0,-0.0,-0.0331,-0.0331,0.5,5.7095,33.5903,0.0191
14.0,seguindo,-0.0,-0.0,-0.0,-0.0331,-0.0331,0.5,5.7095,33.5903,0.0191
14.05,seguindo,-0.0,-0.0,-0.0,-0.0331,-0.0331,0.5,5.7095,33.5903,0.0191
14.1,seguindo,-0.0,-0.0,-0.0,-0.0331,-0.0331,0.5,5.7095,33.5903,0.0191
14.15,seguindo,-0.0,-0.0,-0.0,-0.0331,-0.0331,0.5,5.7095,33.5903,0.0191
14.2,seguindo,-0.0,-0.0,-0.0,-0.0331,-0.0331,0.5,5.7095,33.5903,0.0191
14.25,seguindo,0.0027,0.0003,-0.0037,-0.0334,-0.0297,0.5,5.7067,33.5903,0.0194
14.3,seguindo,0.0059,0.0007,-0.0088,-0.0339,-0.0251,0.5,5.7035,33.5903,0.0198
14.35,seguindo,0.0135,0.0015,-0.0202,-0.0341,-0.014,0.5,5.696,40.6348,0.0206
14.4,seguindo,0.0199,0.0022,-0.0303,-0.035,-0.0046,0.5,5.6896,40.6348,0.0213
14.45,seguindo,0.0322,0.003,-0.0462,-0.0361,0.01,0.5,5.6773,40.6348,0.0222
14.5,seguindo,0.0419,0.0033,-0.0563,-0.0368,0.0196,0.5,5.6678,40.6348,0.0226
14.55,seguindo,0.059,0.0035,-0.0723,-0.0375,0.0347,0.5,5.651,40.6348,0.0228
14.6,seguindo,0.0718,0.0033,-0.0825,-0.0369,0.0456,0.5,5.6385,54.1303,0.0228
14.65,seguindo,0.0914,0.0027,-0.0967,-0.037,0.0597,0.5,5.6195,54.1303,0.0223
14.7,seguindo,0.1047,0.0021,-0.1052,-0.0368,0.0683,0.5,5.6067,54.1303,0.0217
14.75,seguindo,0.1241,0.0008,-0.1156,-0.0354,0.0803,0.5,5.5879,78.6638,0.0206
14.8,seguindo,0.1369,-0.0003,-0.1216,-0.0348,0.0868,0.5,5.5756,78.6638,0.0197
14.85,seguindo,0.1556,-0.0021,-0.1281,-0.0434,0.0847,0.5,5.5578,inf,0.0174
14.9,seguindo,0.1741,-0.0041,-0.1326,-0.0413,0.0914,0.5,5.5402,inf,0.0158
14.95,seguindo,0.1859,-0.0057,-0.1327,-0.0402,0.0925,0.5,5.529,inf,0.0146
15.0,seguindo,0.1977,-0.0073,-0.1326,-0.0391,0.0935,0.5,5.5178,inf,0.0133
15.05,seguindo,0.215,-0.0098,-0.1303,-0.0367,0.0936,0.5,5.5014,inf,0.0113
15.1,seguindo,0.2264,-0.0114,-0.128,-0.0354,0.0926,0.5,5.4907,inf,0.0099
15.15,seguindo,0.2434,-0.0139,-0.1238,-0.0335,0.0903,0.5,5.4746,inf,0.0078
15.2,seguindo,0.2547,-0.0156,-0.1207,-0.0322,0.0885,0.5,5.4639,inf,0.0065
15.25,seguindo,0.2717,-0.018,-0.1164,-0.0434,0.073,0.5,5.4472,inf,0.0061
15.3,seguindo,0.2831,-0.0195,-0.1136,-0.0423,0.0713,0.5,5.4364,inf,0.005
15.35,seguindo,0.3002,-0.0217,-0.1098,-0.0408,0.069,0.5,5.4202,inf,0.0034
15.4,seguindo,0.3116,-0.0232,-0.1074,-0.0397,0.0677,0.5,5.4093,inf,0.0024
15.45,seguindo,0.3289,-0.0253,-0.1041,-0.0383,0.0658,0.5,5.3929,inf,0.0009
15.5,seguindo,0.3404,-0.0266,-0.1021,-0.0374,0.0647,0.5,5.382,inf,-0.0
15.55,seguindo,0.3577,-0.0286,-0.0993,-0.036,0.0633,0.5,5.3655,inf,-0.0013
15.6,seguindo,0.3692,-0.0299,-0.0975,-0.0352,0.0623,0.5,5.3545,inf,-0.0022
15.65,seguindo,0.3866,-0.0318,-0.095,-0.0339,0.061,0.5,5.3379,inf,-0.0034
15.7,seguindo,0.3981,-0.033,-0.0933,-0.0331,0.0602,0.5,5.3269,inf,-0.0042
15.75,seguindo,0.4155,-0.0348,-0.0908,-0.0321,0.0587,0.5,5.3103,inf,-0.0054
15.8,seguindo,0.4271,-0.036,-0.0891,-0.0313,0.0578,0.5,5.2993,inf,-0.0061
15.85,seguindo,0.4445,-0.0377,-0.0866,-0.0301,0.0565,0.5,5.2827,inf,-0.0072
15.9,seguindo,0.456,-0.0389,-0.0848,-0.0971,-0.0123,0.5,5.2716,1.512,-0.0092
15.95,seguindo,0.4734,-0.0405,-0.0822,-0.093,-0.0107,0.5,5.2551,1.3977,-0.0054
16.0,seguindo,0.485,-0.0416,-0.0805,-0.093,-0.0125,0.5,5.244,1.3977,-0.0029
16.05,seguindo,0.5024,-0.0432,-0.0778,-0.093,-0.0152,0.5,5.2274,1.3977,0.0009
16.1,seguindo,0.5139,-0.0443,-0.076,-0.0891,-0.013,0.5,5.2164,1.2817,0.0035
16.15,seguindo,0.5313,-0.0458,-0.0733,-0.0891,-0.0158,0.5,5.1998,1.2817,0.0073
16.2,seguindo,0.5487,-0.0473,-0.0706,-0.0892,-0.0185,0.5,5.1832,1.2817,0.0111
16.25,seguindo,0.5603,-0.0482,-0.0688,-0.1012,-0.0324,0.5,5.1675,1.3181,0.0157
16.3,seguindo,0.5718,-0.0491,-0.067,-0.1014,-0.0344,0.5,5.1564,1.3181,0.0183
16.35,seguindo,0.5892,-0.0505,-0.0643,-0.1018,-0.0375,0.5,5.1397,1.3181,0.0222
16.4,seguindo,0.6008,-0.0514,-0.0625,-0.1021,-0.0396,0.5,5.1286,1.3181,0.0247
16.45,seguindo,0.6182,-0.0527,-0.0598,-0.0989,-0.0391,0.5,5.1119,1.512,0.0285
16.5,seguindo,0.6298,-0.0535,-0.058,-0.0992,-0.0412,0.5,5.1007,1.512,0.0311
16.55,seguindo,0.6472,-0.0547,-0.0553,-0.0997,-0.0444,0.5,5.084,1.512,0.0345
16.6,seguindo,0.6588,-0.0555,-0.0535,-0.1001,-0.0466,0.5,5.0728,1.512,0.0367
16.65,seguindo,0.6762,-0.0566,-0.0509,-0.0971,-0.0462,0.5,5.0561,1.9249,0.0402
16.7,seguindo,0.6878,-0.0573,-0.0491,-0.0975,-0.0484,0.5,5.0449,1.9249,0.0423
16.75,seguindo,0.7052,-0.0584,-0.0465,-0.0981,-0.0517,0.5,5.0282,1.9249,0.0451
16.8,seguindo,0.7168,-0.0591,-0.0447,-0.0951,-0.0503,0.5,5.017,2.7018,0.047
16.85,seguindo,0.7342,-0.06,-0.0421,-0.0958,-0.0536,0.5,5.0002,2.7018,0.0498
16.9,seguindo,0.7516,-0.061,-0.0395,-0.0251,0.0144,0.5,4.9834,inf,0.0184
16.95,seguindo,0.7632,-0.0616,-0.0377,-0.0239,0.0138,0.5,4.9722,inf,0.0179
17.0,seguindo,0.7748,-0.0621,-0.0358,-0.0236,0.0122,0.5,4.9611,inf,0.0174
17.05,seguindo,0.7922,-0.063,-0.0331,-0.0232,0.0099,0.5,4.9443,inf,0.0167
17.1,seguindo,0.8038,-0.0635,-0.0312,-0.0229,0.0083,0.5,4.9331,inf,0.0162
17.15,seguindo,0.8213,-0.0642,-0.0285,-0.0349,-0.0063,0.5,4.9123,inf,0.015
17.2,seguindo,0.8387,-0.0649,-0.0258,-0.0348,-0.0089,0.5,4.8954,inf,0.0146
17.25,seguindo,0.8503,-0.0654,-0.024,-0.0348,-0.0107,0.5,4.8841,inf,0.0144
17.3,seguindo,0.8619,-0.0658,-0.0222,-0.034,-0.0118,0.5,4.8729,inf,0.0143
17.35,seguindo,0.8793,-0.0664,-0.0196,-0.034,-0.0145,0.5,4.856,inf,0.014
17.4,seguindo,0.8909,-0.0667,-0.0178,-0.0341,-0.0163,0.5,4.8447,inf,0.0139
17.45,seguindo,0.9053,-0.0671,-0.0166,-0.0335,-0.0169,0.5,4.8308,inf,0.0138
17.5,seguindo,0.9136,-0.0672,-0.0167,-0.0337,-0.017,0.5,4.8227,inf,0.0139
17.55,seguindo,0.9289,-0.0675,-0.0154,-0.0338,-0.0184,0.5,4.8078,inf,0.0138
17.6,seguindo,0.9405,-0.0679,-0.0136,-0.0339,-0.0203,0.5,4.7966,inf,0.0137
17.65,seguindo,0.9579,-0.0683,-0.0109,-0.0334,-0.0224,0.5,4.7797,inf,0.0136
17.7,seguindo,0.9695,-0.0686,-0.0091,-0.0335,-0.0243,0.5,4.7685,inf,0.0136
17.75,seguindo,0.9869,-0.0689,-0.0065,-0.0337,-0.0273,0.5,4.7515,inf,0.0136
17.8,seguindo,0.9986,-0.0691,-0.0047,-0.0339,-0.0292,0.5,4.7402,inf,0.0136
17.85,seguindo,1.0162,-0.0693,-0.0034,-0.0336,-0.0302,0.5,4.7231,inf,0.0138
17.9,seguindo,1.0281,-0.0694,-0.0031,-0.034,-0.0309,0.5,4.7115,inf,0.014
17.95,seguindo,1.0459,-0.0694,-0.0029,-0.0379,-0.0349,0.5,4.6941,inf,0.0202
18.0,seguindo,1.0637,-0.0695,-0.0028,-0.0374,-0.0346,0.5,4.6768,inf,0.0205
18.05,seguindo,1.0755,-0.0696,-0.0017,-0.0488,-0.0471,0.5,4.6653,inf,0.0244
18.1,seguindo,1.0872,-0.0697,-0.0006,-0.0493,-0.0487,0.5,4.6538,inf,0.0246
18.15,seguindo,1.1047,-0.0699,0.0017,-0.0488,-0.0504,0.5,4.6368,inf,0.0248
18.2,seguindo,1.1163,-0.07,0.0035,-0.0492,-0.0527,0.5,4.6255,inf,0.025
18.25,seguindo,1.1337,-0.0701,0.0061,-0.0499,-0.0561,0.5,4.6085,inf,0.0253
18.3,seguindo,1.1454,-0.0702,0.0079,-0.0505,-0.0584,0.5,4.5972,inf,0.0255
18.35,seguindo,1.1628,-0.0703,0.0109,-0.05,-0.0608,0.5,4.5802,inf,0.0259
18.4,seguindo,1.1744,-0.0703,0.0129,-0.0505,-0.0634,0.5,4.5689,inf,0.0261
18.45,seguindo,1.1917,-0.0703,0.0159,-0.0514,-0.0673,0.5,4.552,inf,0.0266
18.5,seguindo,1.2033,-0.0703,0.018,-0.0507,-0.0687,0.5,4.5407,inf,0.0269
18.55,seguindo,1.2207,-0.0702,0.0209,-0.0517,-0.0726,0.5,4.5237,inf,0.0274
18.6,seguindo,1.2323,-0.0701,0.0228,-0.0524,-0.0751,0.5,4.5124,inf,0.0278
18.65,seguindo,1.2497,-0.0699,0.0255,-0.0535,-0.079,0.5,4.4953,inf,0.0284
18.7,seguindo,1.2614,-0.0697,0.0273,-0.0515,-0.0789,0.5,4.484,inf,0.0288
18.75,seguindo,1.2788,-0.0694,0.03,-0.0527,-0.0827,0.5,4.4669,inf,0.0295
18.8,seguindo,1.2904,-0.0692,0.0318,-0.0534,-0.0852,0.5,4.4556,inf,0.03
18.85,seguindo,1.3079,-0.0689,0.0344,-0.0533,-0.0877,0.5,4.4385,inf,0.0308
18.9,seguindo,1.3195,-0.0686,0.0362,-0.0541,-0.0903,0.5,4.4271,inf,0.0314
18.95,seguindo,1.3369,-0.0682,0.0388,-0.025,-0.0638,0.5,4.4146,124530.0895,-0.0229
19.0,seguindo,1.3485,-0.0678,0.0406,-0.0256,-0.0662,0.5,4.4033,124530.0895,-0.022
19.05,seguindo,1.366,-0.0673,0.0433,-0.0275,-0.0707,0.5,4.3863,30312.5309,-0.0207
19.1,seguindo,1.3776,-0.067,0.045,-0.0281,-0.0732,0.5,4.375,30312.5309,-0.0198
19.15,seguindo,1.395,-0.0664,0.0477,-0.0292,-0.0769,0.5,4.358,30312.5309,-0.0183
19.2,seguindo,1.4124,-0.0657,0.0504,-0.0311,-0.0815,0.5,4.3411,15102.4094,-0.0169
19.25,seguindo,1.4241,-0.0653,0.0522,-0.0318,-0.084,0.5,4.3297,15102.4094,-0.0159
19.3,seguindo,1.4357,-0.0648,0.054,-0.0326,-0.0866,0.5,4.3184,15102.4094,-0.0149
19.35,seguindo,1.4531,-0.0641,0.0567,-0.0339,-0.0906,0.5,4.3014,15102.4094,-0.0133
19.4,seguindo,1.4647,-0.0635,0.0585,-0.0354,-0.0938,0.5,4.2901,7562.7355,-0.0123
19.45,seguindo,1.4821,-0.0627,0.0611,-0.0367,-0.0979,0.5,4.2731,7562.7355,-0.0106
19.5,seguindo,1.4937,-0.0621,0.0629,-0.0377,-0.1007,0.5,4.2617,7562.7355,-0.0095
19.55,seguindo,1.5111,-0.0612,0.0656,-0.0395,-0.1051,0.5,4.2447,3808.534,-0.0078
19.6,seguindo,1.5228,-0.0606,0.0673,-0.0406,-0.1079,0.5,4.2333,3808.534,-0.0066
19.65,seguindo,1.5402,-0.0596,0.07,-0.0422,-0.1122,0.5,4.2163,3808.534,-0.0048
19.7,seguindo,1.5518,-0.059,0.0718,-0.0433,-0.1151,0.5,4.205,3808.534,-0.0036
19.75,seguindo,1.5692,-0.0579,0.0745,-0.0451,-0.1196,0.5,4.1879,984.9458,-0.0017
19.8,seguindo,1.5808,-0.0572,0.0763,-0.0463,-0.1226,0.5,4.1766,984.9458,-0.0005
19.85,seguindo,1.5981,-0.056,0.079,-0.0428,-0.1218,0.5,4.1534,506.6402,-0.0016
19.9,seguindo,1.6097,-0.0553,0.0808,-0.044,-0.1248,0.5,4.142,506.6402,-0.0003
19.95,seguindo,1.6271,-0.054,0.0835,-0.0459,-0.1294,0.5,4.125,506.6402,0.0017
20.0,seguindo,1.6387,-0.0532,0.0853,-0.0449,-0.1303,0.5,4.1136,567.6911,-0.0054
20.05,seguindo,1.6561,-0.0519,0.088,-0.0468,-0.1348,0.5,4.0965,294.3546,-0.0032
20.1,seguindo,1.6677,-0.051,0.0898,-0.0481,-0.1379,0.5,4.0852,294.3546,-0.0017
20.15,seguindo,1.6851,-0.0497,0.0925,-0.0503,-0.1427,0.5,4.0681,294.3546,0.0005
20.2,seguindo,1.6967,-0.0487,0.0943,-0.0517,-0.146,0.5,4.0567,294.3546,0.002
20.25,seguindo,1.714,-0.0473,0.097,-0.0532,-0.1502,0.5,4.0396,81.6399,0.0044
20.3,seguindo,1.7256,-0.0463,0.0987,-0.0548,-0.1535,0.5,4.0282,81.6399,0.0059
20.35,seguindo,1.743,-0.0448,0.1014,-0.0572,-0.1586,0.5,4.0111,81.6399,0.0083
20.4,seguindo,1.7546,-0.0437,0.1032,-0.0572,-0.1605,0.5,3.9997,43.7968,0.01
20.45,seguindo,1.7719,-0.0421,0.1059,-0.0597,-0.1656,0.5,3.9826,43.7968,0.0124
20.5,seguindo,1.7835,-0.041,0.1077,-0.0614,-0.1691,0.5,3.9712,43.7968,0.0141
20.55,seguindo,1.8009,-0.0394,0.1104,-0.0614,-0.1717,0.5,3.9541,23.8423,0.0167
20.6,seguindo,1.8124,-0.0382,0.1122,-0.0631,-0.1753,0.5,3.9427,23.8423,0.0184
20.65,seguindo,1.8298,-0.0365,0.1148,-0.0659,-0.1807,0.5,3.9256,23.8423,0.021
20.7,seguindo,1.8413,-0.0353,0.1166,-0.0677,-0.1844,0.5,3.9142,23.8423,0.0228
20.75,seguindo,1.8587,-0.0334,0.1193,-0.0723,-0.1917,0.5,3.8958,13.1994,0.0273
20.8,seguindo,1.8702,-0.0322,0.1211,-0.0743,-0.1954,0.5,3.8844,13.1994,0.0292
20.85,seguindo,1.8876,-0.0303,0.1238,-0.0774,-0.2012,0.5,3.8672,13.1994,0.032
20.9,seguindo,1.8991,-0.029,0.1256,-0.0724,-0.198,0.5,3.8558,7.4513,0.034
20.95,seguindo,1.9164,-0.027,0.1283,-0.0755,-0.2037,0.5,3.8386,7.4513,0.0369
21.0,seguindo,1.928,-0.0256,0.1301,-0.0776,-0.2077,0.5,3.8271,7.4513,0.0389
21.05,seguindo,1.9453,-0.0236,0.1327,-0.047,-0.1797,0.5,3.81,1.3936,-0.0112
21.1,seguindo,1.9568,-0.0222,0.1345,-0.0489,-0.1834,0.5,3.7985,1.3936,-0.0062
21.15,seguindo,1.9741,-0.02,0.1372,-0.0519,-0.1891,0.5,3.7813,1.3936,0.0014
21.2,seguindo,1.9857,-0.0186,0.139,-0.054,-0.193,0.5,3.7699,1.3936,0.0064
21.25,seguindo,2.0029,-0.0163,0.1417,-0.0404,-0.1821,0.5,3.7527,1.275,0.0139
21.3,seguindo,2.0145,-0.0148,0.1435,-0.0424,-0.1859,0.5,3.7412,1.275,0.019
21.35,seguindo,2.0318,-0.0125,0.1462,-0.0455,-0.1916,0.5,3.724,1.275,0.0265
21.4,seguindo,2.0433,-0.011,0.1479,-0.0476,-0.1955,0.5,3.7125,1.275,0.0315
21.45,seguindo,2.0605,-0.0086,0.1506,-0.033,-0.1836,0.5,3.6953,1.3047,0.039
21.5,seguindo,2.0721,-0.007,0.1524,-0.035,-0.1874,0.5,3.6838,1.3047,0.044
21.55,seguindo,2.0893,-0.0045,0.1551,-0.0381,-0.1933,0.5,3.6666,1.3047,0.0514
21.6,seguindo,2.1008,-0.0029,0.1569,-0.0403,-0.1972,0.5,3.6551,1.3047,0.0562
21.65,seguindo,2.1181,-0.0003,0.1596,-0.049,-0.2086,0.5,3.6361,1.183,0.0777
21.7,seguindo,2.1296,0.0014,0.1614,-0.0513,-0.2127,0.5,3.6246,1.183,0.0827
21.75,seguindo,2.1468,0.004,0.1641,-0.0549,-0.2189,0.5,3.6074,1.183,0.0901
21.8,seguindo,2.1583,0.0058,0.1658,-0.0574,-0.2232,0.5,3.5958,1.183,0.0948
21.85,seguindo,2.1755,0.0084,0.1685,-0.0399,-0.2084,0.5,3.5786,1.0979,0.1019
21.9,seguindo,2.187,0.0103,0.1703,-0.0422,-0.2125,0.5,3.567,1.0979,0.1067
21.95,seguindo,2.2042,0.013,0.173,-0.0458,-0.2188,0.5,3.5497,1.0979,0.1134
22.0,seguindo,2.2157,0.0149,0.1748,-0.0483,-0.2231,0.5,3.5382,1.0979,0.1178
22.05,seguindo,2.2329,0.0177,0.1775,-0.0287,-0.2062,0.5,3.5209,1.1067,0.1243
22.1,seguindo,2.2443,0.0196,0.1793,-0.3927,-0.572,0.5,3.5094,inf,0.0058
22.15,seguindo,2.2615,0.0226,0.182,-0.3532,-0.5352,0.5,3.4921,inf,0.0168
22.2,seguindo,2.2787,0.0255,0.1846,-0.374,-0.5586,0.5,3.4748,inf,0.0278
22.25,seguindo,2.2902,0.0275,0.1864,-0.3887,-0.5752,0.5,3.4632,inf,0.0352
22.3,seguindo,2.3016,0.0295,0.1882,-0.4043,-0.5925,0.5,3.4517,inf,0.0423
22.35,seguindo,2.3188,0.0326,0.1909,-0.4291,-0.62,0.5,3.4344,inf,0.053
22.4,seguindo,2.3302,0.0347,0.1927,-0.3995,-0.5922,0.5,3.4228,inf,0.0601
22.45,seguindo,2.3474,0.0378,0.1954,-0.4229,-0.6183,0.5,3.4055,inf,0.0708
22.5,seguindo,2.3588,0.0399,0.1973,-0.4395,-0.6368,0.5,3.394,inf,0.0778
22.55,seguindo,2.3755,0.0435,0.1951,-0.4714,-0.6665,0.5,3.3932,inf,0.0895
22.6,seguindo,2.3865,0.0459,0.1919,-0.4893,-0.6812,0.5,3.3819,inf,0.0967
22.65,seguindo,2.4029,0.0498,0.182,-0.5181,-0.7001,0.5,3.3651,inf,0.1072
22.7,seguindo,2.4138,0.0525,0.1735,-0.5384,-0.7119,0.5,3.3539,inf,0.1142
22.75,seguindo,2.43,0.0566,0.1559,-0.5029,-0.6588,0.5,3.3372,inf,0.1248
22.8,seguindo,2.4407,0.0594,0.1423,-0.5218,-0.664,0.5,3.3261,inf,0.1319
22.85,seguindo,2.4569,0.0636,0.117,-0.5517,-0.6687,0.5,3.3094,inf,0.142
22.9,seguindo,2.4677,0.0663,0.0983,-0.5725,-0.6708,0.5,3.2983,inf,0.1486
22.95,seguindo,2.4837,0.0703,0.0653,-0.5281,-0.5934,0.5,3.2818,inf,0.1584
23.0,seguindo,2.4943,0.0728,0.0414,-0.5468,-0.5882,0.5,3.2709,inf,0.1648
23.05,seguindo,2.5103,0.0764,0.0014,-0.5758,-0.5772,0.5,3.2546,inf,0.1737
23.1,seguindo,2.521,0.0786,-0.0269,-0.499,-0.4721,0.5,3.2437,inf,0.0372
23.15,seguindo,2.5369,0.0814,-0.0706,-0.4891,-0.4185,0.5,3.2209,inf,0.0088
23.2,seguindo,2.5475,0.0829,-0.1002,-0.5058,-0.4056,0.5,3.2103,inf,0.016
23.25,seguindo,2.5636,0.0845,-0.1439,-0.531,-0.387,0.5,3.1945,inf,0.0277
23.3,seguindo,2.5744,0.0852,-0.1727,-0.5479,-0.3752,0.5,3.184,inf,0.0352
23.35,seguindo,2.5906,0.0857,-0.2166,-0.5176,-0.3009,0.5,3.1685,inf,0.046
23.4,seguindo,2.6013,0.0856,-0.2462,-0.5315,-0.2853,0.5,3.1583,inf,0.0529
23.45,seguindo,2.6175,0.0849,-0.2897,-0.5212,-0.2314,0.5,3.1242,inf,0.0731
23.5,seguindo,2.6284,0.0838,-0.3173,-0.5332,-0.216,0.5,3.1141,inf,0.0792
23.55,seguindo,2.6449,0.0815,-0.3576,-0.551,-0.1934,0.5,3.0991,inf,0.0878
23.6,seguindo,2.6561,0.0793,-0.3824,-0.5625,-0.1801,0.5,3.0891,inf,0.0926
23.65,seguindo,2.6729,0.0753,-0.4177,-0.5035,-0.0858,0.5,3.0743,inf,0.0993
23.7,seguindo,2.6842,0.0721,-0.4398,-0.5109,-0.0711,0.5,3.0645,inf,0.1035
23.75,seguindo,2.7012,0.0668,-0.4725,-0.5215,-0.0491,0.5,3.0501,inf,0.108
23.8,seguindo,2.7124,0.0629,-0.4939,-0.444,0.0499,0.5,3.0406,inf,0.1105
23.85,seguindo,2.7295,0.0563,-0.524,-0.455,0.069,0.5,3.0261,inf,0.1168
23.9,seguindo,2.741,0.0514,-0.5429,-0.4571,0.0858,0.5,3.0168,inf,0.1173
23.95,seguindo,2.7582,0.0436,-0.5701,-0.3628,0.2073,0.5,3.0031,inf,0.1174
24.0,seguindo,2.7696,0.038,-0.5874,-0.3594,0.228,0.5,2.9941,inf,0.1162
24.05,seguindo,2.7868,0.0289,-0.6119,-0.2525,0.3594,0.5,2.9809,inf,0.1133
24.1,seguindo,2.7982,0.0226,-0.6271,-0.2428,0.3843,0.5,2.9722,inf,0.1108
24.15,seguindo,2.8138,0.013,-0.6455,-0.0118,0.6337,0.5,2.9608,inf,0.0078
24.2,seguindo,2.8236,0.0067,-0.6568,0.0045,0.6613,0.5,2.9537,inf,0.0032
24.25,seguindo,2.8378,-0.0033,-0.6668,0.0741,0.7409,0.5,2.9439,inf,-0.0044
24.3,seguindo,2.8471,-0.0102,-0.6708,0.093,0.7638,0.5,2.9376,inf,-0.0097
24.35,seguindo,2.8606,-0.021,-0.6701,0.1239,0.794,0.5,2.9288,inf,-0.0181
24.4,seguindo,2.8695,-0.0283,-0.667,0.1459,0.8129,0.5,2.9232,inf,-0.024
24.45,seguindo,2.8827,-0.0392,-0.6618,0.217,0.8788,0.5,2.9147,inf,-0.0329
24.5,seguindo,2.8916,-0.0465,-0.658,0.2391,0.8972,0.5,2.9091,inf,-0.0388
24.55,seguindo,2.9026,-0.056,-0.6474,0.2686,0.9161,0.5,2.9024,inf,-0.0466
24.6,seguindo,2.9089,-0.0618,-0.6368,0.287,0.9238,0.5,2.8987,inf,-0.0516
24.65,seguindo,2.9176,-0.0702,-0.6158,0.3139,0.9297,0.5,2.8938,inf,-0.0589
24.7,seguindo,2.923,-0.0757,-0.5989,0.3315,0.9304,0.5,2.8909,inf,-0.0637
24.75,seguindo,2.9308,-0.0838,-0.5687,0.3842,0.9529,0.5,2.8868,inf,-0.0709
24.8,seguindo,2.936,-0.0892,-0.5462,0.4003,0.9466,0.5,2.8841,inf,-0.0756
24.85,seguindo,2.9437,-0.0973,-0.5078,0.425,0.9328,0.5,2.8801,inf,-0.0828
24.9,seguindo,2.9514,-0.1052,-0.4663,0.4497,0.916,0.5,2.8761,inf,-0.0898
24.95,seguindo,2.9562,-0.1104,-0.4348,0.4659,0.9007,0.5,2.8737,inf,-0.0946
25.0,seguindo,2.9611,-0.1153,-0.4036,0.4817,0.8854,0.5,2.8712,inf,-0.0992
25.05,seguindo,2.9681,-0.1225,-0.3542,0.505,0.8592,0.5,2.8676,inf,-0.1059
25.1,seguindo,2.9751,-0.1292,-0.3037,0.5277,0.8314,0.5,2.8639,inf,-0.1121
25.15,seguindo,2.9795,-0.1338,-0.2651,0.6563,0.9214,0.5,2.8791,1.4776,-0.0011
25.201,seguindo,2.9863,-0.1403,-0.2069,0.6652,0.8722,0.5,2.8756,1.4776,-0.0099
25.25,seguindo,2.991,-0.1446,-0.1655,0.6713,0.8368,0.5,2.8731,1.4776,-0.0158
25.3,seguindo,2.9958,-0.1487,-0.1241,0.6773,0.8013,0.5,2.8703,1.4776,-0.0216
25.35,seguindo,3.0034,-0.1545,-0.0621,0.6829,0.745,0.5,2.8408,1.4307,-0.0383
25.4,seguindo,3.0087,-0.1581,-0.0209,0.6889,0.7098,0.5,2.8374,1.4307,-0.0437
25.45,seguindo,3.0169,-0.163,0.0405,0.6979,0.6574,0.5,2.8319,1.4307,-0.0516
25.5,seguindo,3.0226,-0.166,0.0812,0.7037,0.6226,0.5,2.8279,1.4307,-0.0567
25.55,seguindo,3.0314,-0.17,0.1418,0.734,0.5922,0.5,2.8386,1.4307,-0.0837
25.6,seguindo,3.0374,-0.1723,0.1821,0.7396,0.5576,0.5,2.8341,1.4307,-0.0884
25.65,seguindo,3.0466,-0.1754,0.2423,0.748,0.5057,0.5,2.827,1.4307,-0.0951
25.7,seguindo,3.0529,-0.1771,0.2823,0.7534,0.4711,0.5,2.8221,1.4307,-0.0993
25.75,seguindo,3.0624,-0.1791,0.3421,0.7763,0.4342,0.5,2.8128,1.4307,-0.1111
25.8,seguindo,3.0688,-0.1802,0.3819,0.7816,0.3997,0.5,2.8075,1.4307,-0.1148
25.85,seguindo,3.0786,-0.1811,0.4408,0.7885,0.3476,0.5,2.7992,1.2833,-0.12
25.9,seguindo,3.0852,-0.1814,0.4797,0.7931,0.3133,0.5,2.7934,1.2833,-0.1231
25.95,seguindo,3.0951,-0.1813,0.5375,0.7997,0.2622,0.5,2.7844,1.2833,-0.1273
26.0,seguindo,3.1017,-0.1808,0.5758,0.804,0.2282,0.5,2.7783,1.2833,-0.1298
26.05,seguindo,3.1117,-0.1796,0.6328,0.7972,0.1645,0.5,2.7762,1.2833,-0.1444
26.1,seguindo,3.1183,-0.1784,0.6705,0.801,0.1305,0.5,2.7697,1.2833,-0.1462
26.15,seguindo,3.1282,-0.1761,0.7262,0.8063,0.0801,0.5,2.7598,1.2833,-0.1483
26.2,seguindo,3.1348,-0.1738,0.761,0.8087,0.0476,0.5,2.7528,1.9427,-0.0407
26.25,seguindo,3.1448,-0.1694,0.8096,0.8128,0.0031,0.5,2.7419,1.9427,-0.046
26.3,seguindo,3.1515,-0.1658,0.8396,0.8151,-0.0245,0.5,2.7343,1.9427,-0.049
26.35,seguindo,3.1617,-0.1593,0.8811,0.8153,-0.0658,0.5,2.7311,1.9427,-0.0479
26.4,seguindo,3.1686,-0.1545,0.9076,0.8147,-0.0929,0.5,2.7228,2.4193,-0.0505
26.45,seguindo,3.1791,-0.146,0.9428,0.8164,-0.1263,0.5,2.7096,2.4193,-0.0537
26.5,seguindo,3.1861,-0.1399,0.9635,0.8173,-0.1462,0.5,2.7006,2.4193,-0.0555
26.55,seguindo,3.1975,-0.1278,0.9903,0.8173,-0.173,0.5,2.6851,2.4193,-0.0568
26.6,seguindo,3.2054,-0.1183,1.005,0.8166,-0.1884,0.5,2.6739,3.4342,-0.057
26.65,seguindo,3.2165,-0.1036,1.0221,0.8146,-0.2075,0.5,2.6576,3.4342,-0.0565
26.7,seguindo,3.2236,-0.0936,1.0307,0.8128,-0.2179,0.5,2.647,3.4342,-0.0553
26.75,seguindo,3.2335,-0.0782,1.0378,0.8089,-0.2289,0.5,2.6315,5.3567,-0.0527
26.8,seguindo,3.2398,-0.0678,1.0401,0.8064,-0.2338,0.5,2.6214,5.3567,-0.0507
26.85,seguindo,3.249,-0.0521,1.0402,0.8021,-0.2381,0.5,2.6065,5.3567,-0.0471
26.9,seguindo,3.2551,-0.0417,1.0391,0.7992,-0.2399,0.5,2.5967,5.3567,-0.0444
26.95,seguindo,3.2641,-0.0262,1.0388,0.7975,-0.2413,0.5,2.5821,8.907,-0.0405
27.0,seguindo,3.2702,-0.016,1.0391,0.7948,-0.2443,0.5,2.5725,8.907,-0.0379
27.05,seguindo,3.2792,-0.001,1.041,0.7907,-0.2503,0.5,2.5581,8.907,-0.0338
27.1,seguindo,3.2852,0.009,1.0428,0.7941,-0.2487,0.5,2.5487,7.0898,-0.031
27.15,seguindo,3.2941,0.0239,1.046,0.7901,-0.2559,0.5,2.5346,7.0898,-0.0269
27.2,seguindo,3.3001,0.0338,1.0483,0.7751,-0.2732,0.5,2.5252,2.6021,0.0207
27.25,seguindo,3.3089,0.0486,1.0518,0.7707,-0.281,0.5,2.5112,2.6021,0.0129
27.3,seguindo,3.3148,0.0586,1.054,0.7677,-0.2863,0.5,2.5019,2.6021,0.016
27.35,seguindo,3.3236,0.0736,1.0572,0.7956,-0.2616,0.5,2.484,2.6936,0.0126
27.4,seguindo,3.3294,0.0836,1.0593,0.7928,-0.2665,0.5,2.4748,2.6936,0.016
27.45,seguindo,3.3381,0.0986,1.0623,0.7885,-0.2738,0.5,2.4609,2.6936,0.0212
27.5,seguindo,3.3439,0.1087,1.0642,0.7855,-0.2787,0.5,2.4517,2.6936,0.0247
27.55,seguindo,3.3525,0.1238,1.067,0.798,-0.2689,0.5,2.4379,1.8361,0.03
27.6,seguindo,3.3582,0.1339,1.0688,0.7951,-0.2736,0.5,2.4288,1.8361,0.0336
27.65,seguindo,3.3668,0.1491,1.0714,0.7906,-0.2808,0.5,2.4151,1.8361,0.039
27.7,seguindo,3.3725,0.1593,1.0731,0.7875,-0.2856,0.5,2.4061,1.8361,0.0426
27.75,seguindo,3.3809,0.1752,1.0708,0.8004,-0.2704,0.5,2.3923,1.3646,0.0486
27.8,seguindo,3.3866,0.1861,1.0674,0.7969,-0.2705,0.5,2.3831,1.3646,0.0528
27.85,seguindo,3.3949,0.2027,1.0573,0.7912,-0.2661,0.5,2.3694,1.3646,0.0594
27.9,seguindo,3.4004,0.2139,1.0487,0.7873,-0.2615,0.5,2.3602,1.3646,0.0639
27.95,seguindo,3.4086,0.2306,1.0309,0.7993,-0.2316,0.5,2.3467,0.9734,0.0707
28.0,seguindo,3.414,0.2417,1.0173,0.7955,-0.2218,0.5,2.3377,0.9734,0.0752
28.05,seguindo,3.4223,0.2584,0.9931,0.7896,-0.2035,0.5,2.3243,0.9734,0.0819
28.1,seguindo,3.4308,0.275,0.967,0.8005,-0.1665,0.5,2.3106,0.9734,0.0883
28.15,seguindo,3.4368,0.2859,0.9495,0.7971,-0.1524,0.5,2.3013,0.9734,0.0923
28.2,seguindo,3.4429,0.2968,0.9321,0.7939,-0.1382,0.5,2.292,0.9734,0.0961
28.25,seguindo,3.4525,0.3128,0.9065,0.8316,-0.0749,0.5,2.2776,1.0993,0.0015
28.3,seguindo,3.4593,0.3235,0.8901,0.8295,-0.0606,0.5,2.2678,1.0993,0.0067
28.35,seguindo,3.4698,0.3392,0.8659,0.8439,-0.022,0.5,2.2438,1.0993,-0.0004
28.4,seguindo,3.4771,0.3496,0.85,0.8424,-0.0076,0.5,2.2335,1.0993,0.0041
28.45,seguindo,3.4884,0.365,0.8269,0.8427,0.0158,0.5,2.2179,1.1334,0.0105
28.5,seguindo,3.4963,0.3752,0.8126,0.8418,0.0292,0.5,2.2072,1.1334,0.0144
28.55,seguindo,3.5086,0.3903,0.792,0.8409,0.0489,0.5,2.1908,1.1334,0.0194
28.6,seguindo,3.5172,0.4004,0.7797,0.84,0.0603,0.5,2.1796,1.4871,0.0224
28.65,seguindo,3.5305,0.4152,0.7621,0.84,0.0778,0.5,2.1624,1.4871,0.0266
28.7,seguindo,3.5397,0.4251,0.7517,0.8402,0.0885,0.5,2.1507,1.4871,0.0288
28.75,seguindo,3.5516,0.4375,0.7398,0.8382,0.0984,0.5,2.1356,1.2451,0.0311
28.8,seguindo,3.5588,0.4448,0.7328,0.8386,0.1059,0.5,2.1266,1.2451,0.0324
28.85,seguindo,3.5709,0.4561,0.7282,0.84,0.1118,0.5,2.1118,1.2451,0.0338
28.9,seguindo,3.5795,0.4637,0.728,0.8413,0.1133,0.5,2.1014,1.2451,0.0342
28.95,seguindo,3.5925,0.4749,0.7317,0.8389,0.1073,0.5,2.0857,1.0993,0.0345
29.0,seguindo,3.6012,0.4824,0.7357,0.8404,0.1048,0.5,2.0752,1.0993,0.0346
29.05,seguindo,3.6142,0.4935,0.7419,0.8427,0.1007,0.5,2.0596,1.0993,0.0347
29.1,seguindo,3.6229,0.501,0.7462,0.8442,0.0979,0.5,2.0493,1.0993,0.0347
29.15,seguindo,3.6358,0.5124,0.7517,0.8398,0.0881,0.5,2.0337,1.1334,0.0348
29.2,seguindo,3.6487,0.524,0.7566,0.8416,0.085,0.5,2.0182,1.1334,0.0351
29.25,seguindo,3.6573,0.5319,0.7581,0.8413,0.0832,0.5,2.0078,2.2592,-0.0329
29.301,seguindo,3.6701,0.5439,0.76,0.8351,0.075,0.5,1.9922,2.2228,-0.0329
29.35,seguindo,3.6764,0.5498,0.7601,0.8357,0.0756,0.5,1.9847,2.2228,-0.0328
29.4,seguindo,3.6825,0.5557,0.7602,0.8363,0.0761,0.5,1.9772,2.2228,-0.0327
29.45,seguindo,3.6939,0.5664,0.7616,0.8376,0.076,0.5,1.9635,2.2228,-0.0326
29.5,seguindo,3.7024,0.5743,0.7632,0.8386,0.0754,0.5,1.9532,2.2228,-0.0326
29.55,seguindo,3.7152,0.5862,0.7657,0.8296,0.0639,0.5,1.9379,1.6562,-0.0325
29.6,seguindo,3.7236,0.5942,0.7673,0.8305,0.0631,0.5,1.9277,1.6562,-0.0324
29.65,seguindo,3.7363,0.6062,0.7699,0.8427,0.0728,0.5,1.9177,1.6562,-0.0394
29.7,seguindo,3.7448,0.6142,0.7716,0.8437,0.072,0.5,1.9076,1.6562,-0.0394
29.75,seguindo,3.7575,0.6264,0.7734,0.831,0.0576,0.5,1.8923,1.4886,-0.0392
29.8,seguindo,3.7659,0.6345,0.7743,0.8317,0.0574,0.5,1.8821,1.4886,-0.0391
29.85,seguindo,3.7786,0.6469,0.7751,0.8328,0.0577,0.5,1.8668,1.4886,-0.0388
29.9,seguindo,3.7914,0.6593,0.7756,0.8338,0.0582,0.5,1.8516,1.4886,-0.0386
29.95,seguindo,3.7998,0.6674,0.7768,0.8162,0.0394,0.5,1.8415,1.4237,-0.0385
30.0,seguindo,3.8082,0.6756,0.778,0.8167,0.0387,0.5,1.8315,1.4237,-0.0384
30.05,seguindo,3.8208,0.6877,0.7804,0.8176,0.0372,0.5,1.8165,1.4237,-0.0383
30.1,seguindo,3.8291,0.6958,0.7822,0.8182,0.0359,0.5,1.8066,1.4237,-0.0383
30.15,seguindo,3.8416,0.708,0.785,0.7958,0.0109,0.5,1.7918,1.3173,-0.0382
30.2,seguindo,3.85,0.7161,0.7868,0.7961,0.0093,0.5,1.782,1.3173,-0.0381
30.25,seguindo,3.8624,0.7282,0.7896,0.7964,0.0068,0.5,1.7673,1.3173,-0.0379
30.3,seguindo,3.8707,0.7364,0.7916,0.7601,-0.0314,0.5,1.7576,1.2441,0.0131
30.35,seguindo,3.883,0.7486,0.7945,0.7598,-0.0347,0.5,1.743,1.2441,0.0003
30.4,seguindo,3.8913,0.7568,0.7964,0.7595,-0.0369,0.5,1.7334,1.2441,0.0002
30.45,seguindo,3.9036,0.7691,0.7993,0.7591,-0.0402,0.5,1.719,1.2441,0.0002
30.5,seguindo,3.9118,0.7773,0.8011,0.7053,-0.0958,0.5,1.7094,0.9767,0.0002
30.55,seguindo,3.9218,0.7875,0.8022,0.7041,-0.0981,0.5,1.6978,0.9767,0.0003
30.6,seguindo,3.9275,0.7935,0.8023,0.7033,-0.099,0.5,1.6911,0.9767,0.0004
30.65,seguindo,3.9384,0.8045,0.8038,0.7019,-0.1019,0.5,1.6785,0.9767,0.0003
30.7,seguindo,3.9465,0.8127,0.8056,0.7009,-0.1047,0.5,1.6691,0.9767,0.0003
30.75,seguindo,3.9587,0.8252,0.8082,0.6695,-0.1388,0.5,1.6551,0.7358,0.0002
30.8,seguindo,3.9668,0.8335,0.81,0.668,-0.142,0.5,1.6458,0.7358,0.0002
30.85,seguindo,3.979,0.846,0.8127,0.6657,-0.147,0.5,1.6319,0.7358,0.0001
30.9,seguindo,3.9871,0.8543,0.8144,0.6641,-0.1504,0.5,1.6227,0.7358,-0.0001
30.95,seguindo,3.9993,0.867,0.8163,0.6321,-0.1842,0.5,1.626,0.7358,0.0189
31.0,seguindo,4.0074,0.8755,0.8172,0.82,0.0028,0.5,1.6169,inf,0.0189
31.05,seguindo,4.0195,0.8884,0.8178,0.8202,0.0024,0.5,1.6034,inf,0.019
31.1,seguindo,4.0277,0.8971,0.8181,0.8203,0.0023,0.5,1.5944,inf,0.0189
31.15,seguindo,4.0398,0.9099,0.8193,0.8207,0.0014,0.5,1.5811,inf,0.0184
31.2,seguindo,4.0479,0.9184,0.8204,0.8142,-0.0063,0.5,1.5723,inf,0.0181
31.25,seguindo,4.0599,0.9311,0.8228,0.8143,-0.0085,0.5,1.5592,inf,0.0177
31.3,seguindo,4.0679,0.9395,0.8246,0.8144,-0.0102,0.5,1.5505,inf,0.0172
31.35,seguindo,4.0799,0.9522,0.8273,0.8135,-0.0139,0.5,1.5376,inf,0.0348
31.4,seguindo,4.0879,0.9606,0.8292,0.8134,-0.0158,0.5,1.5291,inf,0.0326
31.45,seguindo,4.0998,0.9733,0.832,0.8022,-0.0299,0.5,1.5165,inf,0.0293
31.5,seguindo,4.1077,0.9818,0.834,0.8017,-0.0323,0.5,1.5081,inf,0.0271
31.55,seguindo,4.1196,0.9945,0.8369,0.8008,-0.0361,0.5,1.4957,inf,0.0241
31.6,seguindo,4.1274,1.0031,0.8388,0.8,-0.0388,0.5,1.4875,inf,0.0221
31.65,seguindo,4.1392,1.0159,0.8417,0.7837,-0.058,0.5,1.4752,inf,0.0192
31.7,seguindo,4.1471,1.0244,0.8436,0.7823,-0.0613,0.5,1.4672,inf,0.0173
31.75,seguindo,4.1588,1.0373,0.8463,0.7801,-0.0663,0.5,1.4552,inf,0.0149
31.8,seguindo,4.1666,1.0459,0.8481,0.7784,-0.0698,0.5,1.4473,inf,0.0134
31.85,seguindo,4.1783,1.0589,0.8508,0.7566,-0.0942,0.5,1.4355,inf,0.0112
31.9,seguindo,4.186,1.0675,0.8526,0.7543,-0.0983,0.5,1.4278,inf,0.0097
31.95,seguindo,4.1977,1.0805,0.8553,0.7503,-0.1049,0.5,1.4163,inf,0.0083
32.0,seguindo,4.2054,1.0892,0.857,0.7241,-0.1329,0.5,1.4087,inf,0.0073
32.05,seguindo,4.2169,1.1023,0.8597,0.719,-0.1407,0.5,1.3975,inf,0.006
32.1,seguindo,4.2285,1.1153,0.8623,0.7133,-0.149,0.5,1.3865,inf,0.0051
32.15,seguindo,4.2361,1.1241,0.8641,0.7478,-0.1163,0.5,1.3796,inf,-0.0073
32.2,seguindo,4.2438,1.1328,0.8659,0.7447,-0.1212,0.5,1.3723,inf,-0.0075
32.25,seguindo,4.2552,1.146,0.8686,0.7053,-0.1633,0.5,1.3614,inf,-0.0079
32.3,seguindo,4.2628,1.1548,0.8704,0.7011,-0.1693,0.5,1.3542,inf,-0.0081
32.35,seguindo,4.2742,1.168,0.873,0.6951,-0.178,0.5,1.3436,inf,-0.0245
32.4,seguindo,4.2818,1.1768,0.8748,0.6901,-0.1847,0.5,1.3367,inf,-0.02
32.45,seguindo,4.2931,1.1901,0.8775,0.682,-0.1955,0.5,1.3264,inf,-0.0175
32.5,seguindo,4.3007,1.1989,0.8793,0.6338,-0.2455,0.5,1.3196,inf,-0.0159
32.55,seguindo,4.3119,1.2122,0.882,0.6235,-0.2585,0.5,1.3096,inf,-0.0133
32.6,seguindo,4.3232,1.2255,0.8847,0.6122,-0.2725,0.5,1.2999,inf,-0.0107
32.65,seguindo,4.3306,1.2344,0.8865,0.604,-0.2825,0.5,1.2935,inf,-0.0088
32.7,seguindo,4.3381,1.2434,0.8883,0.5483,-0.3399,0.5,1.2871,inf,-0.007
32.75,seguindo,4.3492,1.2568,0.891,0.5337,-0.3572,0.5,1.2778,inf,-0.0042
32.8,seguindo,4.3566,1.2657,0.8927,0.5232,-0.3695,0.5,1.2717,inf,-0.0022
32.85,seguindo,4.3677,1.2792,0.8954,0.5062,-0.3892,0.5,1.2628,inf,0.001
32.9,seguindo,4.3751,1.2882,0.8972,0.447,-0.4502,0.5,1.257,inf,0.0031
32.95,seguindo,4.3861,1.3017,0.8999,0.4274,-0.4725,0.5,1.2484,inf,0.0063
33.0,seguindo,4.3935,1.3107,0.9017,0.4134,-0.4883,0.5,1.2428,inf,0.0087
33.05,seguindo,4.4046,1.325,0.8995,0.389,-0.5106,0.5,1.2346,inf,0.0129
33.1,seguindo,4.412,1.3348,0.8962,0.3294,-0.5668,0.5,1.2293,inf,0.0159
33.15,seguindo,4.4228,1.3495,0.8862,0.3017,-0.5845,0.5,1.2218,inf,0.0207
33.2,seguindo,4.43,1.3593,0.8777,0.282,-0.5957,0.5,1.217,inf,0.0242
33.25,seguindo,4.4405,1.3739,0.8599,0.2502,-0.6097,0.5,1.2102,inf,0.0298
33.3,seguindo,4.4475,1.3836,0.8463,0.1686,-0.6777,0.5,1.2058,inf,0.0335
33.35,seguindo,4.4578,1.3981,0.8208,0.1215,-0.6994,0.5,1.217,inf,0.0503
33.4,seguindo,4.4646,1.4076,0.802,0.1105,-0.6915,0.5,1.213,inf,0.0398
33.45,seguindo,4.4751,1.4217,0.7704,0.0802,-0.6902,0.5,1.207,inf,0.0446
33.5,seguindo,4.4823,1.431,0.7482,0.0594,-0.6888,0.5,1.2029,inf,0.05
33.55,seguindo,4.4931,1.4446,0.713,0.0276,-0.6854,0.5,1.1968,inf,0.0576
33.6,seguindo,4.5005,1.4534,0.6891,-0.0023,-0.6914,0.5,1.1926,inf,0.0624
33.651,seguindo,4.512,1.4663,0.6529,-0.0317,-0.6846,0.5,1.186,inf,0.0692
33.7,seguindo,4.5198,1.4746,0.6287,-0.0517,-0.6804,0.5,1.1814,inf,0.0736
33.75,seguindo,4.5313,1.4866,0.588,-0.1023,-0.6903,0.5,1.1963,inf,0.0907
33.8,seguindo,4.5389,1.4943,0.5595,-0.1218,-0.6812,0.5,1.1921,inf,0.0951
33.85,seguindo,4.5509,1.5055,0.5174,-0.1513,-0.6687,0.5,1.1853,inf,0.1012
33.9,seguindo,4.5593,1.5127,0.4901,-0.1658,-0.6559,0.5,1.1804,inf,0.1049
33.95,seguindo,4.5699,1.5217,0.4504,-0.1891,-0.6395,0.5,1.1743,inf,0.1096
34.0,seguindo,4.5759,1.5272,0.4207,-0.2034,-0.6242,0.5,1.171,inf,0.1125
34.05,seguindo,4.5827,1.5334,0.383,-0.267,-0.65,0.5,1.1747,inf,0.1319
34.1,seguindo,4.5879,1.5384,0.3491,-0.2808,-0.6299,0.5,1.1722,inf,0.1354
34.15,seguindo,4.589,1.5401,0.3336,-0.2851,-0.6187,0.5,1.172,inf,0.1368
34.2,seguindo,4.5898,1.5416,0.3185,-0.2889,-0.6074,0.5,1.1721,inf,0.1381
34.25,seguindo,4.5883,1.5426,0.302,-0.29,-0.592,0.5,1.1738,inf,0.1394
34.3,seguindo,4.5861,1.5425,0.2947,-0.2885,-0.5832,0.5,1.1757,inf,0.1399
34.35,seguindo,4.5802,1.5412,0.2888,-0.2822,-0.571,0.5,1.1804,inf,0.1402
34.4,seguindo,4.5751,1.5399,0.2871,-0.2763,-0.5634,0.5,1.1844,inf,0.1403
34.45,seguindo,4.5647,1.537,0.2852,-0.2718,-0.557,0.5,1.1924,inf,0.0297
34.5,seguindo,4.5566,1.5347,0.2843,-0.2616,-0.5459,0.5,1.1988,inf,0.0318
34.55,seguindo,4.5472,1.532,0.2841,-0.2501,-0.5342,0.5,1.2061,inf,0.0366
34.6,seguindo,4.5422,1.5306,0.2841,-0.2442,-0.5283,0.5,1.21,inf,0.0398
34.65,seguindo,4.5349,1.5285,0.2835,-0.2357,-0.5192,0.5,1.2157,inf,0.0452
34.7,seguindo,4.5301,1.5272,0.2829,-0.2304,-0.5132,0.5,1.2195,inf,0.0491
34.75,seguindo,4.5249,1.5258,0.2824,-0.2247,-0.5071,0.5,1.2237,inf,0.0536
34.8,seguindo,4.5223,1.525,0.282,-0.2219,-0.5039,0.5,1.2257,inf,0.0559
34.85,seguindo,4.5204,1.5245,0.282,-0.2199,-0.5018,0.5,1.2273,inf,-0.0576
34.901,seguindo,4.5197,1.5243,0.2819,-0.2192,-0.5011,0.5,1.2278,inf,-0.0582
34.95,seguindo,4.5197,1.5243,0.2819,-0.2192,-0.5011,0.5,1.2278,inf,-0.0582
35.0,seguindo,4.5197,1.5243,0.2819,-0.2192,-0.5011,0.5,1.2278,inf,-0.0582
35.05,seguindo,4.5197,1.5243,0.2819,-0.2192,-0.5011,0.5,1.2278,inf,-0.0582
35.1,seguindo,4.5197,1.5243,0.2819,-0.2192,-0.5011,0.5,1.2278,inf,-0.0582
35.15,seguindo,4.5197,1.5243,0.2819,-0.2192,-0.5011,0.5,1.2278,inf,-0.0582
35.2,seguindo,4.5197,1.5243,0.2819,-0.2192,-0.5011,0.5,1.2278,inf,-0.0582
35.25,seguindo,4.5197,1.5243,0.2819,-0.2192,-0.5011,0.5,1.2278,inf,-0.0582
35.3,seguindo,4.5197,1.5243,0.2819,-0.2192,-0.5011,0.5,1.2278,inf,-0.0582
35.35,seguindo,4.5197,1.5243,0.2819,-0.2192,-0.5011,0.5,1.2278,inf,-0.0582
35.4,seguindo,4.5197,1.5243,0.2819,-0.2192,-0.5011,0.5,1.2278,inf,-0.0582
35.45,seguindo,4.5197,1.5243,0.2819,-0.2099,-0.4918,0.5,1.2278,inf,0.0124
35.5,seguindo,4.5197,1.5243,0.2819,-0.2099,-0.4918,0.5,1.2278,inf,0.0124
35.55,seguindo,4.5197,1.5243,0.2819,-0.2099,-0.4918,0.5,1.2278,inf,0.0124
35.6,seguindo,4.5197,1.5243,0.2819,-0.2099,-0.4918,0.5,1.2278,inf,0.0124
35.651,seguindo,4.5197,1.5243,0.2819,-0.2099,-0.4918,0.5,1.2278,inf,0.0124
35.7,seguindo,4.5197,1.5243,0.2819,-0.2099,-0.4918,0.5,1.2278,inf,0.0124
35.75,seguindo,4.5197,1.5243,0.2819,-0.2099,-0.4918,0.5,1.2278,inf,0.0124
35.8,seguindo,4.5197,1.5243,0.2819,-0.2099,-0.4918,0.5,1.2278,inf,0.0124
35.85,seguindo,4.5197,1.5243,0.2819,-0.2099,-0.4918,0.5,1.2278,inf,0.0124
35.9,seguindo,4.5197,1.5243,0.2819,-0.2099,-0.4918,0.5,1.2278,inf,0.0124
35.95,seguindo,4.5197,1.5243,0.2819,-0.2099,-0.4918,0.5,1.2278,inf,0.0124
36.0,seguindo,4.5197,1.5243,0.2819,-0.2099,-0.4918,0.5,1.2278,inf,0.0124
36.05,seguindo,4.5197,1.5243,0.2819,-0.2099,-0.4918,0.5,1.2278,inf,0.0124
36.1,seguindo,4.5197,1.5243,0.2819,-0.2099,-0.4918,0.5,1.2278,inf,0.0124
36.15,seguindo,4.5197,1.5243,0.2819,-0.2099,-0.4918,0.5,1.2278,inf,0.0124
36.2,seguindo,4.5197,1.5243,0.2819,-0.2099,-0.4918,0.5,1.2278,inf,0.0124
36.25,seguindo,4.5197,1.5243,0.2819,-0.2099,-0.4918,0.5,1.2278,inf,0.0124
36.3,seguindo,4.5197,1.5243,0.2819,-0.2099,-0.4918,0.5,1.2278,inf,0.0124
36.35,seguindo,4.5197,1.5243,0.2819,-0.2099,-0.4918,0.5,1.2278,inf,0.0124
36.4,seguindo,4.5197,1.5243,0.2819,-0.2099,-0.4918,0.5,1.2278,inf,0.0124
36.452,seguindo,4.5197,1.5243,0.2819,-0.2163,-0.4982,0.5,1.2278,inf,0.0124
36.5,seguindo,4.5197,1.5243,0.2819,-0.2163,-0.4982,0.5,1.2278,inf,0.0124
36.55,seguindo,4.5197,1.5243,0.2819,-0.2163,-0.4982,0.5,1.2278,inf,0.0124
36.6,seguindo,4.5197,1.5243,0.2819,-0.2163,-0.4982,0.5,1.2278,inf,0.0124
36.65,seguindo,4.5197,1.5243,0.2819,-0.2163,-0.4982,0.5,1.2278,inf,0.0124
36.7,seguindo,4.5197,1.5243,0.2819,-0.2163,-0.4982,0.5,1.2278,inf,0.0124
36.75,seguindo,4.5197,1.5243,0.2819,-0.2163,-0.4982,0.5,1.2278,inf,0.0124
36.8,seguindo,4.5197,1.5243,0.2819,-0.2163,-0.4982,0.5,1.2278,inf,0.0124
36.85,seguindo,4.5197,1.5243,0.2819,-0.2163,-0.4982,0.5,1.2278,inf,0.0124
36.9,seguindo,4.5197,1.5243,0.2819,-0.2163,-0.4982,0.5,1.2278,inf,0.0124
36.95,seguindo,4.5197,1.5243,0.2819,-0.2163,-0.4982,0.5,1.2278,inf,0.0124
37.0,seguindo,4.5197,1.5243,0.2819,-0.2163,-0.4982,0.5,1.2278,inf,0.0124
37.05,seguindo,4.5197,1.5243,0.2819,-0.2163,-0.4982,0.5,1.2278,inf,0.0124
37.1,seguindo,4.5197,1.5243,0.2819,-0.2163,-0.4982,0.5,1.2278,inf,0.0124
37.15,seguindo,4.5197,1.5243,0.2819,-0.2163,-0.4982,0.5,1.2278,inf,0.0124
37.2,seguindo,4.5197,1.5243,0.2819,-0.2163,-0.4982,0.5,1.2278,inf,0.0124
37.25,seguindo,4.5197,1.5243,0.2819,-0.2163,-0.4982,0.5,1.2278,inf,0.0124
37.3,seguindo,4.5197,1.5243,0.2819,-0.2163,-0.4982,0.5,1.2278,inf,0.0124
37.35,seguindo,4.5197,1.5243,0.2819,-0.2163,-0.4982,0.5,1.2278,inf,0.0124
37.4,seguindo,4.5197,1.5243,0.2819,-0.2163,-0.4982,0.5,1.2278,inf,0.0124
37.45,seguindo,4.5197,1.5243,0.2819,-0.2163,-0.4982,0.5,1.2278,inf,0.0124
37.5,seguindo,4.5197,1.5243,0.2819,-0.2163,-0.4982,0.5,1.2278,inf,0.0124
37.55,seguindo,4.5197,1.5243,0.2819,-0.2163,-0.4982,0.5,1.2278,inf,0.0124
37.6,seguindo,4.5197,1.5243,0.2819,-0.2163,-0.4982,0.5,1.2278,inf,0.0124
37.65,seguindo,4.5197,1.5243,0.2819,-0.2163,-0.4982,0.5,1.2278,inf,0.0124
37.7,re,4.5197,1.5243,0.2819,0.2819,0.0,-0.203,1.2278,inf,0.0
37.75,re,4.5197,1.5243,0.2819,0.2819,0.0,-0.203,1.2278,inf,0.0
37.8,re,4.5197,1.5243,0.2819,0.2819,0.0,-0.203,1.2278,inf,0.0
37.85,re,4.5197,1.5243,0.2819,0.2819,0.0,-0.203,1.2278,inf,0.0
37.9,re,4.5197,1.5243,0.2819,0.2819,0.0,-0.203,1.2278,inf,0.0
37.95,re,4.5197,1.5243,0.2819,0.2819,0.0,-0.203,1.2278,inf,0.0
38.0,re,4.5197,1.5243,0.2819,0.2819,0.0,-0.203,1.2278,inf,0.0
38.05,re,4.5197,1.5243,0.2819,0.2819,0.0,-0.203,1.2278,inf,0.0
38.1,re,4.5197,1.5243,0.2819,0.2819,0.0,-0.203,1.2278,inf,0.0
38.15,re,4.5168,1.5235,0.2807,0.2807,0.0,-0.203,1.2302,inf,0.0
38.2,re,4.5136,1.5227,0.2795,0.2795,0.0,-0.203,1.2327,inf,0.0
38.25,re,4.506,1.5207,0.2778,0.2778,0.0,-0.203,1.2389,inf,0.0
38.3,re,4.4997,1.519,0.2766,0.2766,0.0,-0.203,1.2439,inf,0.0
38.35,re,4.4874,1.5157,0.2749,0.2749,0.0,-0.203,1.2538,inf,0.0
38.4,re,4.478,1.5131,0.2737,0.2737,0.0,-0.203,1.2614,inf,0.0
38.45,re,4.4621,1.5088,0.272,0.272,0.0,-0.203,1.2744,inf,0.0
38.501,re,4.4451,1.5042,0.2704,0.2704,0.0,-0.203,1.2884,inf,0.0
38.55,re,4.4338,1.5012,0.2695,0.2695,0.0,-0.203,1.2977,inf,0.0
38.6,re,4.4225,1.4981,0.2686,0.2686,0.0,-0.203,1.3071,inf,0.0
38.65,re,4.4056,1.4936,0.2679,0.2679,0.0,-0.203,1.3211,inf,0.0
38.7,re,4.3944,1.4905,0.2677,0.2677,0.0,-0.203,1.3304,inf,0.0
38.75,re,4.3778,1.4859,0.2683,0.2683,0.0,-0.203,1.3444,inf,0.0
38.8,re,4.3667,1.4828,0.2689,0.2689,0.0,-0.203,1.3537,inf,0.0
38.9,seguindo,4.3394,1.475,0.2721,-0.0526,-0.3247,0.5,1.3767,inf,-0.1435
38.95,seguindo,4.3231,1.4702,0.2746,-0.0423,-0.317,0.5,1.3905,inf,-0.1605
39.0,seguindo,4.3123,1.467,0.2765,-0.0358,-0.3123,0.5,1.3997,inf,-0.1718
39.05,seguindo,4.2961,1.4621,0.2793,-0.0752,-0.3545,0.5,1.4141,inf,-0.1861
39.1,seguindo,4.2853,1.4589,0.2812,-0.0682,-0.3494,0.5,1.423,inf,-0.1974
39.15,seguindo,4.2692,1.4539,0.2839,-0.0582,-0.3421,0.5,1.4364,inf,-0.2143
39.2,seguindo,4.2584,1.4506,0.2858,-0.0517,-0.3376,0.5,1.4454,inf,-0.2255
39.25,seguindo,4.2422,1.4456,0.2886,-0.0424,-0.331,0.5,1.459,inf,-0.2424
39.3,seguindo,4.2315,1.4422,0.2905,-0.0364,-0.3269,0.5,1.468,inf,-0.2537
39.35,seguindo,4.2153,1.4371,0.2933,-0.0277,-0.321,0.5,1.4816,inf,-0.2706
39.4,seguindo,4.2046,1.4337,0.2951,-0.0221,-0.3173,0.5,1.4907,inf,-0.2818
39.45,seguindo,4.191,1.4298,0.2937,-0.0159,-0.3096,0.5,1.5023,inf,-0.2959
39.5,seguindo,4.1833,1.4278,0.2896,-0.0128,-0.3024,0.5,1.509,inf,-0.3039
39.55,seguindo,4.1743,1.4254,0.2871,0.1102,-0.177,0.5,1.5168,inf,-0.0172
39.6,seguindo,4.1697,1.4241,0.2871,0.1123,-0.1748,0.5,1.5208,inf,-0.0193
39.65,seguindo,4.1653,1.4228,0.2872,0.114,-0.1732,0.5,1.5246,inf,-0.0212
39.7,seguindo,4.1637,1.4224,0.2872,0.1147,-0.1725,0.5,1.526,inf,-0.022
39.75,seguindo,4.1639,1.4228,0.2833,0.1137,-0.1696,0.5,1.526,inf,-0.0215
39.8,seguindo,4.1652,1.4236,0.278,0.1121,-0.1659,0.5,1.5249,inf,-0.0205
39.85,seguindo,4.1698,1.426,0.2662,0.1076,-0.1586,0.5,1.5213,inf,-0.0174
39.9,seguindo,4.1742,1.428,0.2557,0.1037,-0.152,0.5,1.5178,inf,-0.0147
39.95,seguindo,4.1833,1.432,0.2358,0.0959,-0.1399,0.5,1.5103,inf,-0.0092
40.0,seguindo,4.1907,1.4351,0.2201,0.071,-0.1491,0.5,1.5043,inf,-0.0049
40.05,seguindo,4.2036,1.4402,0.1915,0.061,-0.1305,0.5,1.4936,inf,0.0023
40.1,seguindo,4.2133,1.4437,0.1708,0.0539,-0.1169,0.5,1.4856,inf,0.0074
40.15,seguindo,4.2273,1.4488,0.135,0.0429,-0.0921,0.5,1.4741,inf,0.0139
40.2,seguindo,4.2364,1.4521,0.1092,0.0355,-0.0737,0.5,1.4666,inf,0.0178
40.25,seguindo,4.2521,1.4566,0.0724,0.0051,-0.0672,0.5,1.4534,inf,0.0235
40.3,seguindo,4.2635,1.4592,0.0499,-0.001,-0.0509,0.5,1.4436,inf,0.0269
40.35,seguindo,4.2812,1.4623,0.0189,-0.004,-0.0229,0.5,1.4318,inf,0.0314
40.4,seguindo,4.2933,1.464,0.0001,-0.0279,-0.028,0.5,1.421,inf,0.0324
40.45,seguindo,4.312,1.4658,-0.0254,-0.0336,-0.0082,0.5,1.4042,inf,0.0331
40.5,seguindo,4.3248,1.4666,-0.0405,-0.0367,0.0038,0.5,1.3925,inf,0.0322
40.55,seguindo,4.3431,1.4672,-0.0583,-0.0587,-0.0004,0.5,1.3756,inf,0.0298
40.6,seguindo,4.355,1.4672,-0.0679,-0.2088,-0.141,0.5,1.3645,1.5916,0.0009
40.65,seguindo,4.3728,1.4667,-0.0777,-0.212,-0.1343,0.5,1.3478,1.5916,0.0046
40.7,seguindo,4.3846,1.4661,-0.0821,-0.2139,-0.1319,0.5,1.3366,1.5916,0.0062
40.75,seguindo,4.4021,1.4648,-0.0837,-0.2429,-0.1592,0.5,1.3199,1.5916,0.0081
40.8,seguindo,4.4137,1.4637,-0.0829,-0.2446,-0.1617,0.5,1.3087,1.5916,0.0092
40.85,seguindo,4.431,1.4621,-0.0802,-0.2472,-0.167,0.5,1.2921,1.5916,0.0102
40.9,seguindo,4.4425,1.461,-0.0778,-0.249,-0.1712,0.5,1.2811,1.5916,0.0105
40.95,seguindo,4.4597,1.4594,-0.0741,-0.2818,-0.2077,0.5,1.2646,1.1531,0.0109
41.0,seguindo,4.4712,1.4583,-0.0716,-0.284,-0.2124,0.5,1.2536,1.1531,0.0112
41.05,seguindo,4.4884,1.4568,-0.0682,-0.2874,-0.2192,0.5,1.2371,1.1531,0.0112
41.1,seguindo,4.5,1.4559,-0.0661,-0.3214,-0.2553,0.5,1.2262,0.9175,0.0112
41.15,seguindo,4.5173,1.4545,-0.0631,-0.3254,-0.2624,0.5,1.2097,0.9175,0.0112
41.2,seguindo,4.5289,1.4536,-0.0612,-0.3283,-0.2671,0.5,1.1988,0.9175,0.0112
41.25,seguindo,4.5462,1.4524,-0.0584,-0.3067,-0.2483,0.5,1.1876,0.9175,-0.0018
41.3,seguindo,4.5636,1.4512,-0.0557,-0.3108,-0.2552,0.5,1.1711,0.7904,-0.0019
41.35,seguindo,4.5752,1.4504,-0.0539,-0.3137,-0.2597,0.5,1.1601,0.7904,-0.002
41.4,seguindo,4.5868,1.4496,-0.0522,-0.3166,-0.2644,0.5,1.1492,0.7904,-0.002
41.45,seguindo,4.6043,1.4485,-0.0496,-0.3212,-0.2716,0.5,1.1328,0.7904,-0.0019
41.5,seguindo,4.6159,1.4478,-0.0479,-0.1013,-0.0533,0.5,1.1218,inf,-0.0018
41.55,seguindo,4.6333,1.4468,-0.0453,-0.1031,-0.0578,0.5,1.1055,inf,-0.0016
41.6,seguindo,4.6449,1.4461,-0.0436,-0.1045,-0.0609,0.5,1.0947,inf,-0.0014
41.65,seguindo,4.6623,1.4452,-0.0409,-0.1089,-0.068,0.5,1.0784,inf,-0.0037
41.7,seguindo,4.6739,1.4446,-0.0392,-0.1105,-0.0713,0.5,1.0676,inf,-0.0031
41.75,seguindo,4.6913,1.4437,-0.0365,-0.1132,-0.0767,0.5,1.0515,inf,-0.0021
41.8,seguindo,4.7029,1.4431,-0.0347,-0.1152,-0.0804,0.5,1.0408,inf,-0.0015
41.85,seguindo,4.7204,1.4423,-0.032,-0.1266,-0.0946,0.5,1.0248,inf,-0.0004
41.9,seguindo,4.732,1.4418,-0.0302,-0.129,-0.0988,0.5,1.0141,inf,0.0003
41.95,seguindo,4.7494,1.4411,-0.0275,-0.1329,-0.1054,0.5,0.9982,inf,0.0014
42.0,seguindo,4.761,1.4407,-0.0257,-0.148,-0.1223,0.5,0.9876,inf,0.0022
42.05,seguindo,4.7784,1.44,-0.023,-0.1527,-0.1297,0.5,0.9718,inf,0.0034
42.1,seguindo,4.79,1.4396,-0.0212,-0.1562,-0.135,0.5,0.9613,inf,0.0043
42.15,seguindo,4.8075,1.439,-0.0185,-0.1619,-0.1434,0.5,0.9457,inf,0.0056
42.2,seguindo,4.8191,1.4387,-0.0166,-0.1841,-0.1675,0.5,0.9353,inf,0.0065
42.25,seguindo,4.8365,1.4382,-0.0139,-0.1274,-0.1135,0.5,0.8983,inf,-0.0116
42.3,seguindo,4.8481,1.4379,-0.0121,-0.1632,-0.1511,0.5,0.8879,inf,-0.0108
42.35,seguindo,4.8655,1.4375,-0.0094,-0.1692,-0.1598,0.5,0.8723,inf,-0.0096
42.4,seguindo,4.883,1.4371,-0.0068,-0.1759,-0.1691,0.5,0.8568,inf,-0.0083
42.45,seguindo,4.8946,1.4369,-0.005,-0.2213,-0.2163,0.5,0.8465,inf,-0.0074
42.5,seguindo,4.9062,1.4367,-0.0032,-0.2269,-0.2238,0.5,0.8362,inf,-0.0064
42.55,seguindo,4.9236,1.4365,-0.0005,-0.2362,-0.2357,0.5,0.8209,inf,-0.0049
42.6,seguindo,4.9353,1.4363,0.0013,-0.2428,-0.2441,0.5,0.8108,inf,-0.0039
42.65,seguindo,4.9527,1.4361,0.004,-0.2993,-0.3033,0.5,0.7957,inf,-0.0028
42.7,seguindo,4.9643,1.4361,0.0059,-0.3073,-0.3132,0.5,0.7857,inf,-0.0016
42.75,seguindo,4.9817,1.436,0.0086,-0.3203,-0.3289,0.5,0.7709,inf,0.0003
42.8,seguindo,4.9934,1.4359,0.0104,-0.3297,-0.3401,0.5,0.761,inf,0.0017
42.85,seguindo,5.0108,1.4359,0.0131,-0.3925,-0.4056,0.5,0.7464,inf,0.0038
42.9,seguindo,5.0224,1.4359,0.0148,-0.4032,-0.4181,0.5,0.7367,inf,0.0052
42.95,seguindo,5.0398,1.436,0.0175,-0.4204,-0.4379,0.5,0.7223,inf,0.0077
43.0,seguindo,5.0515,1.4361,0.0193,-0.4327,-0.452,0.5,0.7128,inf,0.0094
43.05,seguindo,5.0689,1.4362,0.022,-0.4525,-0.4746,0.5,0.6986,inf,0.0119
43.1,seguindo,5.0805,1.4363,0.0238,-0.4668,-0.4906,0.5,0.6893,inf,0.014
43.15,seguindo,5.0985,1.4369,0.0216,-0.652,-0.6736,0.5,0.6753,0.6943,0.0176
43.2,seguindo,5.1106,1.4374,0.0182,-0.6637,-0.6819,0.5,0.666,0.6943,0.0202
43.25,seguindo,5.1288,1.4385,0.0082,-0.6821,-0.6903,0.5,0.6525,0.6943,0.0246
43.3,seguindo,5.1409,1.4393,-0.0003,-0.6948,-0.6945,0.5,0.6436,0.6943,0.028
43.35,seguindo,5.1587,1.4406,-0.0181,-0.6668,-0.6488,0.5,0.6167,0.8153,0.0109
43.4,seguindo,5.1704,1.4414,-0.0317,-0.6799,-0.6481,0.5,0.608,0.8153,0.0141
43.45,seguindo,5.188,1.4427,-0.0572,-0.7001,-0.6429,0.5,0.5953,0.8153,0.0201
43.5,seguindo,5.2055,1.4437,-0.0854,-0.7209,-0.6355,0.5,0.5827,1.0378,0.026
43.55,seguindo,5.2171,1.4445,-0.1082,-0.7352,-0.627,0.5,0.5745,1.0378,0.0299
43.6,seguindo,5.2288,1.445,-0.1312,-0.7496,-0.6185,0.5,0.5663,1.0378,0.0337
43.65,seguindo,5.2456,1.4457,-0.1702,-0.7712,-0.601,0.5,0.5546,3.5079,-0.0159
43.7,seguindo,5.2565,1.4459,-0.1979,-0.7855,-0.5876,0.5,0.547,3.5079,-0.0082
43.75,seguindo,5.2729,1.4458,-0.2403,-0.7781,-0.5378,0.5,0.5263,3.5079,-0.0078
43.8,seguindo,5.2838,1.4454,-0.2687,-0.7922,-0.5235,0.5,0.5183,3.5079,-0.0007
43.85,seguindo,5.3001,1.4441,-0.3109,-0.8134,-0.5025,0.5,0.5061,3.5079,0.0094
43.9,seguindo,5.311,1.4428,-0.3386,-0.8276,-0.489,0.5,0.4977,3.9761,0.0159
43.95,seguindo,5.3272,1.4404,-0.3806,-0.8488,-0.4682,0.5,0.485,3.9761,0.0251
44.0,seguindo,5.3379,1.4384,-0.4088,-0.863,-0.4542,0.5,0.4765,3.9761,0.0309
44.05,seguindo,5.3539,1.4349,-0.4509,-0.8719,-0.4211,0.5,0.4459,3.9761,0.0348
44.1,seguindo,5.3645,1.4321,-0.4789,-0.8864,-0.4075,0.5,0.4371,4.9043,0.0399
44.15,seguindo,5.3803,1.4274,-0.5208,-0.9082,-0.3874,0.5,0.4236,4.9043,0.0469
44.2,seguindo,5.3906,1.4239,-0.5487,-0.9228,-0.3741,0.4987,0.4145,4.9043,0.0513
44.25,seguindo,5.4061,1.418,-0.5895,-0.9446,-0.355,0.4902,0.4005,4.9043,0.0576
44.3,seguindo,5.4164,1.4135,-0.6157,-0.9592,-0.3435,0.4843,0.3909,4.9043,0.0614
44.35,seguindo,5.4316,1.4062,-0.654,-0.9818,-0.3278,0.462,0.3557,inf,0.0652
44.4,seguindo,5.4417,1.4009,-0.6793,-0.9976,-0.3183,0.4555,0.3457,inf,0.0683
44.45,seguindo,5.4567,1.3926,-0.7176,-1.0222,-0.3046,0.4455,0.3307,inf,0.0728
44.5,seguindo,5.4668,1.3868,-0.7432,-1.0395,-0.2963,0.4386,0.3206,inf,0.0756
44.55,seguindo,5.4818,1.3776,-0.782,-1.0666,-0.2846,0.4279,0.3052,inf,0.0795
44.6,seguindo,5.4917,1.3713,-0.8079,-1.0858,-0.2779,0.4206,0.2948,inf,0.0818
44.65,seguindo,5.5065,1.361,-0.8455,-1.1154,-0.2699,0.4091,0.279,inf,0.0849
44.7,seguindo,5.5208,1.3501,-0.8823,-1.146,-0.2638,0.3973,0.2631,inf,-0.0126
53.95,seguindo,5.6211,1.2705,-1.2501,2.906,-2.1271,0.3081,5.7533,0.3081,0.0109
54.0,seguindo,5.6211,1.2705,-1.2501,2.936,-2.0971,0.5,5.7533,0.658,0.0109
54.05,seguindo,5.6211,1.2705,-1.2501,2.936,-2.0971,0.5,5.7533,0.658,0.0109
54.1,seguindo,5.6211,1.2705,-1.2501,2.936,-2.0971,0.5,5.7533,0.658,0.0109
54.15,seguindo,5.6211,1.2705,-1.2501,2.936,-2.0971,0.5,5.7533,0.658,0.0109
54.2,seguindo,5.6211,1.2705,-1.2501,2.936,-2.0971,0.5,5.7533,0.658,0.0109
54.25,seguindo,5.6211,1.2705,-1.2501,2.936,-2.0971,0.5,5.7533,0.658,0.0109
54.3,seguindo,5.6211,1.2705,-1.2501,2.936,-2.0971,0.5,5.7533,0.658,0.0109
54.35,seguindo,5.6211,1.2705,-1.2501,2.936,-2.0971,0.5,5.7533,0.658,0.0109
54.4,seguindo,5.6211,1.2705,-1.2501,2.936,-2.0971,0.5,5.7533,0.658,0.0109
54.45,seguindo,5.6219,1.2693,-1.2546,2.9349,-2.0937,0.5,5.7538,0.658,0.0117
54.5,seguindo,5.6232,1.2672,-1.2624,2.9332,-2.0876,0.5,5.7547,0.658,0.0133
54.55,seguindo,5.6245,1.2659,-1.2726,2.9322,-2.0784,0.5,5.7556,0.658,0.0143
54.6,seguindo,5.6258,1.2646,-1.2829,2.9313,-2.069,0.5,5.7566,0.658,0.0154
54.65,seguindo,5.628,1.2628,-1.3035,2.93,-2.0497,0.5,5.7584,0.658,0.0174
54.7,seguindo,5.6305,1.261,-1.3268,2.9287,-2.0276,0.5,5.7604,0.658,0.0195
54.75,seguindo,5.6325,1.2598,-1.3472,2.9462,-1.9898,0.5,5.7741,0.658,0.0366
54.8,seguindo,5.6344,1.2586,-1.3677,2.9454,-1.97,0.5,5.7757,0.658,0.0388
54.85,seguindo,5.6377,1.2568,-1.4035,2.9443,-1.9353,0.5,5.7785,0.658,0.0422
54.9,seguindo,5.6401,1.2555,-1.4292,2.9436,-1.9104,0.5,5.7805,0.658,0.0447
54.95,seguindo,5.6439,1.2536,-1.4728,2.9425,-1.8679,0.5,5.7837,0.658,0.0487
55.0,seguindo,5.6465,1.2522,-1.5037,2.9234,-1.8561,0.5,5.786,0.8832,-0.0373
55.05,seguindo,5.6508,1.2499,-1.5548,2.9222,-1.8061,0.5,5.7896,0.8832,-0.0407
55.1,seguindo,5.6537,1.2483,-1.5908,2.9213,-1.7711,0.5,5.7921,0.8832,-0.0432
55.15,seguindo,5.6584,1.2457,-1.6497,2.9225,-1.711,0.5,5.7925,0.8832,-0.0436
55.2,seguindo,5.6615,1.2438,-1.6908,2.9213,-1.6711,0.5,5.7951,0.8832,-0.0464
55.25,seguindo,5.6665,1.2406,-1.7574,2.9193,-1.6064,0.5,5.7993,0.8832,-0.0511
55.3,seguindo,5.6699,1.2382,-1.8037,2.9178,-1.5616,0.5,5.802,0.8832,-0.0543
55.35,seguindo,5.6751,1.2343,-1.8781,2.9044,-1.5006,0.5,5.8112,0.8832,-0.0659
55.4,seguindo,5.6785,1.2314,-1.9296,2.9025,-1.4511,0.5,5.814,0.8832,-0.0697
55.45,seguindo,5.6838,1.2266,-2.0117,2.8993,-1.3723,0.5,5.818,0.8832,-0.0757
55.5,seguindo,5.6872,1.2231,-2.0682,2.8968,-1.3182,0.5,5.8205,0.8832,-0.0797
55.55,seguindo,5.6922,1.2173,-2.158,2.9046,-1.2205,0.5,5.8187,0.8832,-0.0798
55.6,seguindo,5.6954,1.2131,-2.2197,2.9015,-1.162,0.5,5.8208,0.8832,-0.0841
55.65,seguindo,5.6999,1.2061,-2.3173,2.8962,-1.0697,0.5,5.8236,0.8832,-0.0907
55.7,seguindo,5.7027,1.2012,-2.3842,2.8923,-1.0067,0.5,5.8252,0.8832,-0.0951
55.75,seguindo,5.7064,1.1931,-2.4894,2.6439,-1.1498,0.5,5.8332,inf,-0.111
55.8,seguindo,5.7085,1.1874,-2.5614,2.6361,-1.0857,0.5,5.834,inf,-0.1156
55.85,seguindo,5.7127,1.1792,-2.6747,2.6262,-0.9823,0.5,5.8363,inf,0.1234
55.9,seguindo,5.7163,1.1742,-2.7495,2.6215,-0.9123,0.5,5.8388,inf,0.1291
55.95,seguindo,5.7215,1.1672,-2.8546,2.6149,-0.8137,0.5,5.8423,inf,0.1373
56.0,seguindo,5.7247,1.1626,-2.9201,2.6106,-0.7525,0.5,5.8445,inf,0.1426
56.05,seguindo,5.7291,1.1556,-3.0139,2.5473,-0.722,0.5,5.8483,inf,-0.0239
56.1,seguindo,5.7316,1.151,-3.0732,2.5412,-0.6687,0.5,5.8498,inf,-0.0268
56.15,seguindo,5.7346,1.1441,3.1247,2.5315,-0.5932,0.5,5.8513,inf,-0.0316
56.2,seguindo,5.7364,1.1397,3.0711,2.525,-0.5461,0.5,5.8521,inf,-0.035
56.25,seguindo,5.7384,1.1333,2.9947,2.5309,-0.4637,0.5,5.8559,inf,0.0501
56.3,seguindo,5.7395,1.1293,2.9472,2.5246,-0.4226,0.5,5.856,inf,0.0535
56.35,seguindo,5.7407,1.1234,2.8798,2.515,-0.3648,0.5,5.8558,inf,0.0584
56.4,seguindo,5.7413,1.1197,2.8384,2.509,-0.3294,0.5,5.8555,inf,0.0614
56.45,seguindo,5.7421,1.1143,2.7789,2.5025,-0.2764,0.5,5.8506,inf,0.0674
56.5,seguindo,5.7425,1.111,2.7427,2.497,-0.2457,0.5,5.8502,inf,0.0703
56.55,seguindo,5.7429,1.1062,2.6908,2.4888,-0.202,0.5,5.8494,inf,0.0746
56.6,seguindo,5.7432,1.1032,2.6599,2.4839,-0.176,0.5,5.849,inf,0.0772
56.65,seguindo,5.7436,1.0989,2.6158,2.4768,-0.139,0.5,5.8483,inf,0.0811
56.7,seguindo,5.7439,1.0963,2.5901,2.4726,-0.1174,0.5,5.848,inf,0.0835
56.75,seguindo,5.7443,1.0925,2.5537,2.4444,-0.1093,0.5,5.8427,inf,0.0919
56.8,seguindo,5.7447,1.0902,2.533,2.441,-0.092,0.5,5.8426,inf,0.0942
56.85,seguindo,5.7452,1.0869,2.5043,2.4363,-0.068,0.5,5.8423,inf,0.0974
56.9,seguindo,5.7457,1.0849,2.4888,2.4338,-0.055,0.5,5.8424,inf,0.0994
56.95,seguindo,5.7465,1.0822,2.4688,2.4304,-0.0384,0.5,5.8424,inf,0.1021
57.0,seguindo,5.7471,1.0807,2.4586,2.4287,-0.0299,0.5,5.8427,inf,0.1038
57.05,seguindo,5.7479,1.0788,2.4478,2.4269,-0.0209,0.5,5.8431,inf,0.1058
57.1,seguindo,5.7485,1.0778,2.4427,2.4202,-0.0225,0.5,5.8434,inf,0.0076
57.15,seguindo,5.7494,1.0767,2.4402,2.4197,-0.0204,0.5,5.8441,inf,0.0078
57.2,seguindo,5.7504,1.0759,2.4403,2.4198,-0.0205,0.5,5.8448,inf,0.0077
57.25,seguindo,5.7511,1.0759,2.4454,2.4208,-0.0245,0.5,5.8454,inf,0.0073
57.3,seguindo,5.7517,1.0759,2.4506,2.4219,-0.0286,0.5,5.8461,inf,0.0069
57.35,seguindo,5.7527,1.0764,2.4629,2.4244,-0.0385,0.5,5.8472,inf,0.0058
57.4,seguindo,5.7534,1.0769,2.4728,2.4264,-0.0464,0.5,5.8479,inf,0.005
57.45,seguindo,5.754,1.0775,2.4831,2.4286,-0.0546,0.5,5.8487,inf,0.0042
57.5,seguindo,5.7542,1.0778,2.4879,2.4295,-0.0584,0.5,5.849,inf,0.0038
57.55,seguindo,5.7544,1.078,2.4904,2.43,-0.0603,0.5,5.8491,inf,0.0036
57.6,seguindo,5.7544,1.078,2.4904,2.43,-0.0603,0.5,5.8491,inf,0.0036
57.65,seguindo,5.7519,1.0795,2.4862,2.4288,-0.0573,0.5,5.8471,inf,0.0041
57.7,seguindo,5.7491,1.0811,2.481,2.4273,-0.0537,0.5,5.8447,inf,0.0048
57.75,seguindo,5.7426,1.0851,2.4696,2.4241,-0.0454,0.5,5.8393,inf,0.0061
57.8,seguindo,5.7344,1.0902,2.4554,2.4201,-0.0353,0.5,5.8325,inf,0.0078
57.85,seguindo,5.7267,1.0955,2.4451,2.4364,-0.0087,0.5,5.8264,inf,0.009
57.9,seguindo,5.7188,1.101,2.435,2.4343,-0.0007,0.5,5.82,inf,0.0101
57.95,seguindo,5.7049,1.1112,2.419,2.4312,0.0122,0.5,5.809,inf,0.0118
58.0,seguindo,5.6947,1.119,2.408,2.4293,0.0212,0.5,5.8009,inf,0.0128
58.05,re,5.6793,1.1312,2.3922,2.3922,0.0,-0.203,5.789,inf,0.0
58.1,re,5.669,1.1396,2.382,2.382,0.0,-0.203,5.781,inf,0.0
58.15,re,5.6542,1.1522,2.3699,2.3699,0.0,-0.203,5.7697,inf,0.0
58.2,re,5.6445,1.1607,2.3632,2.3632,0.0,-0.203,5.7627,inf,0.0
58.25,re,5.6308,1.1735,2.3569,2.3569,0.0,-0.203,5.7529,inf,0.0
58.3,re,5.622,1.1821,2.3542,2.3542,0.0,-0.203,5.7467,inf,0.0
58.35,re,5.6092,1.1948,2.353,2.353,0.0,-0.203,5.7379,inf,0.0
58.4,re,5.6008,1.2033,2.3531,2.3531,0.0,-0.203,5.7321,inf,0.0
58.45,re,5.5905,1.2139,2.3554,2.3554,0.0,-0.203,5.7252,inf,0.0
58.5,re,5.5845,1.2201,2.3576,2.3576,0.0,-0.203,5.7212,inf,0.0
58.55,re,5.5777,1.2273,2.3614,2.3614,0.0,-0.203,5.7166,inf,0.0
58.6,re,5.572,1.2333,2.365,2.365,0.0,-0.203,5.7129,inf,0.0
58.65,re,5.5705,1.2351,2.3676,2.3676,0.0,-0.203,5.7119,inf,0.0
58.7,re,5.569,1.2368,2.37,2.37,0.0,-0.203,5.7109,inf,0.0
58.75,re,5.5689,1.2373,2.3737,2.3737,0.0,-0.203,5.711,inf,0.0
58.8,re,5.5698,1.2368,2.376,2.376,0.0,-0.203,5.7117,inf,0.0
58.85,re,5.5732,1.2339,2.3793,2.3793,0.0,-0.203,5.7141,inf,0.0
58.9,re,5.5763,1.2311,2.3814,2.3814,0.0,-0.203,5.7164,inf,0.0
58.95,re,5.5832,1.2249,2.3839,2.3839,0.0,-0.203,5.7212,inf,0.0
59.0,re,5.5886,1.22,2.3854,2.3854,0.0,-0.203,5.725,inf,0.0
59.05,re,5.5989,1.2104,2.3867,2.3867,0.0,-0.203,5.7323,inf,0.0
59.1,re,5.6066,1.2032,2.3873,2.3873,0.0,-0.203,5.7377,inf,0.0
59.152,re,5.6189,1.1916,2.3871,2.3871,0.0,-0.203,5.7464,inf,0.0
59.2,re,5.6274,1.1836,2.3867,2.3867,0.0,-0.203,5.7523,inf,0.0
59.25,re,5.6401,1.1715,2.3856,2.3856,0.0,-0.203,5.7613,inf,0.0
59.3,re,5.6486,1.1635,2.3848,2.3848,0.0,-0.203,5.7673,inf,0.0
59.35,re,5.6612,1.1515,2.3844,2.3844,0.0,-0.203,5.7763,inf,0.0
59.4,re,5.6696,1.1435,2.3843,2.3843,0.0,-0.203,5.7823,inf,0.0
59.45,re,5.6822,1.1317,2.3852,2.3852,0.0,-0.203,5.7914,inf,0.0
59.5,re,5.6905,1.124,2.3861,2.3861,0.0,-0.203,5.7974,inf,0.0
59.55,re,5.7031,1.1124,2.388,2.388,0.0,-0.203,5.8066,inf,0.0
59.6,re,5.7114,1.1047,2.3896,2.3896,0.0,-0.203,5.8127,inf,0.0
59.65,re,5.724,1.0934,2.3923,2.3923,0.0,-0.203,5.8219,inf,0.0
59.7,re,5.7365,1.082,2.3951,2.3951,0.0,-0.203,5.8312,inf,0.0
59.75,re,5.7449,1.0745,2.3971,2.3971,0.0,-0.203,5.8374,inf,0.0
59.8,re,5.7533,1.067,2.3991,2.3991,0.0,-0.203,5.8437,inf,0.0
59.85,re,5.7659,1.0558,2.4021,2.4021,0.0,-0.203,5.8532,inf,0.0
59.9,re,5.7743,1.0483,2.4041,2.4041,0.0,-0.203,5.8596,inf,0.0
59.95,re,5.787,1.0372,2.4071,2.4071,0.0,-0.203,5.8692,inf,0.0
60.0,re,5.7955,1.0298,2.409,2.409,0.0,-0.203,5.8756,inf,0.0
60.05,re,5.8082,1.0186,2.4119,2.4119,0.0,-0.203,5.8853,inf,0.0
60.1,re,5.8167,1.0113,2.4138,2.4138,0.0,-0.203,5.8919,inf,0.0
60.15,re,5.8295,1.0002,2.4167,2.4167,0.0,-0.203,5.9017,inf,0.0
60.2,re,5.8381,0.9929,2.4186,2.4186,0.0,-0.203,5.9083,inf,0.0
60.25,re,5.8509,0.9819,2.4215,2.4215,0.0,-0.203,5.9183,inf,0.0
60.3,re,5.8595,0.9746,2.4234,2.4234,0.0,-0.203,5.9249,inf,0.0
60.35,re,5.8724,0.9636,2.4262,2.4262,0.0,-0.203,5.935,inf,0.0
60.4,re,5.881,0.9564,2.4281,2.4281,0.0,-0.203,5.9418,inf,0.0
60.45,re,5.894,0.9455,2.431,2.431,0.0,-0.203,5.952,inf,0.0
60.5,re,5.9026,0.9383,2.4329,2.4329,0.0,-0.203,5.9588,inf,0.0
60.55,re,5.9156,0.9275,2.4357,2.4357,0.0,-0.203,5.9691,inf,0.0
60.65,seguindo,5.9373,0.9095,2.4405,2.4862,0.0458,0.5,6.0087,inf,-0.1456
60.7,seguindo,5.9461,0.9024,2.4424,2.4856,0.0432,0.5,6.016,inf,-0.1563
60.75,seguindo,5.9592,0.8917,2.4452,2.4848,0.0396,0.5,6.027,inf,-0.1726
60.8,seguindo,5.9679,0.8846,2.4471,2.4843,0.0372,0.5,6.0343,inf,-0.1835
60.85,seguindo,5.9811,0.874,2.4499,2.4837,0.0338,0.5,6.0455,inf,-0.2
60.9,seguindo,5.9899,0.8669,2.4518,2.4834,0.0316,0.5,6.0529,inf,-0.2111
60.95,seguindo,6.0031,0.8563,2.4547,2.4829,0.0283,0.5,6.0641,inf,-0.2276
61.0,seguindo,6.0119,0.8493,2.4565,2.4827,0.0262,0.5,6.0716,inf,-0.2387
61.05,seguindo,6.0251,0.8388,2.4594,2.4824,0.0231,0.5,6.083,inf,-0.2554
61.1,seguindo,6.034,0.8318,2.4613,2.4823,0.021,0.5,6.0905,inf,-0.2665
61.15,seguindo,6.0473,0.8214,2.4641,2.4821,0.018,0.5,6.102,inf,-0.2833
61.2,seguindo,6.0562,0.8145,2.466,2.4986,0.0326,0.5,6.1096,3.8224,-0.0684
61.25,seguindo,6.0672,0.8058,2.4673,2.4983,0.0311,0.5,6.1192,3.8224,-0.0718
61.3,seguindo,6.0736,0.8007,2.4673,2.4981,0.0308,0.5,6.1246,3.8224,-0.0749
61.35,seguindo,6.0808,0.795,2.4673,2.4978,0.0306,0.5,6.1308,3.8224,-0.0793
61.4,seguindo,6.0846,0.792,2.4673,2.4977,0.0304,0.5,6.1341,3.8224,-0.0819
61.45,seguindo,6.0881,0.7892,2.4673,2.4976,0.0303,0.5,6.1371,3.8224,-0.0845
61.5,seguindo,6.0894,0.7881,2.4673,2.4976,0.0303,0.5,6.1383,3.8224,-0.0855
61.55,seguindo,6.0893,0.7885,2.4685,2.4977,0.0292,0.5,6.1382,3.8224,-0.0854
61.6,seguindo,6.0876,0.79,2.4707,2.4979,0.0272,0.5,6.1368,3.8224,-0.0842
61.65,seguindo,6.0842,0.7928,2.4713,2.4981,0.0268,0.5,6.1339,3.8224,-0.0818
61.7,seguindo,6.0787,0.7973,2.4722,2.4984,0.0262,0.5,6.1291,3.8224,-0.0781
61.75,seguindo,6.0727,0.8019,2.4705,2.4985,0.0279,0.5,6.1239,3.8224,-0.0746
61.8,seguindo,6.0633,0.8091,2.4674,2.4985,0.0311,0.5,6.1157,3.8224,-0.0704
61.85,seguindo,6.0546,0.8156,2.4629,2.4986,0.0357,0.5,6.1083,3.8224,-0.068
61.9,seguindo,6.0457,0.8223,2.4579,2.4986,0.0407,0.5,6.1006,3.8224,-0.0667
61.95,seguindo,6.0308,0.8334,2.4472,2.4986,0.0514,0.5,6.0876,3.8224,-0.0644
62.0,seguindo,6.0202,0.8414,2.4386,2.5286,0.0901,0.5,6.0785,2.3852,-0.0628
62.05,seguindo,6.0044,0.8534,2.4258,2.5294,0.1036,0.5,6.065,2.3852,-0.0606
62.1,seguindo,5.994,0.8615,2.4173,2.53,0.1126,0.5,6.0561,2.3852,-0.0593
62.15,seguindo,5.9792,0.8736,2.4081,2.5313,0.1232,0.5,6.0435,2.3852,-0.0578
62.2,seguindo,5.9696,0.8817,2.4035,2.5325,0.129,0.5,6.0355,2.3852,-0.0571
62.25,seguindo,5.9558,0.8939,2.4,2.5309,0.1309,0.5,6.0241,0.8223,-0.021
62.3,seguindo,5.9469,0.902,2.3989,2.5527,0.1538,0.5,6.0167,0.75,-0.0206
62.35,seguindo,5.9338,0.914,2.3995,2.5554,0.1559,0.5,6.006,0.75,-0.0203
62.4,seguindo,5.9252,0.922,2.4008,2.5573,0.1566,0.5,5.999,0.75,-0.0202
62.45,seguindo,5.9126,0.9339,2.4042,2.5603,0.1561,0.5,5.9888,0.75,-0.0201
62.5,seguindo,5.9043,0.9418,2.407,2.5624,0.1554,0.5,5.982,0.75,-0.02
62.55,seguindo,5.8918,0.9535,2.4114,2.5869,0.1755,0.5,5.9719,0.7482,-0.0199
62.6,seguindo,5.8834,0.9613,2.4144,2.5892,0.1748,0.5,5.9652,0.7482,-0.0197
62.65,seguindo,5.8707,0.973,2.4185,2.5926,0.174,0.5,5.955,0.7482,-0.0194
62.7,seguindo,5.8623,0.9807,2.4211,2.5948,0.1738,0.5,5.9481,0.7482,-0.0192
62.75,seguindo,5.8494,0.9923,2.4245,2.6425,0.218,0.5,5.9378,0.7953,-0.0187
62.801,seguindo,5.8365,1.0039,2.4276,2.6464,0.2188,0.5,5.9273,0.7953,-0.0182
62.85,seguindo,5.8278,1.0116,2.4295,2.649,0.2196,0.5,5.9204,0.7953,-0.0178
62.9,seguindo,5.8191,1.0193,2.4313,2.6517,0.2204,0.5,5.9134,0.7953,-0.0173
62.95,seguindo,5.806,1.0308,2.434,2.4437,0.0097,0.5,5.9029,inf,-0.0166
63.0,seguindo,5.7972,1.0385,2.4357,2.4443,0.0086,0.5,5.8959,inf,-0.0162
63.05,seguindo,5.7841,1.05,2.4382,2.4452,0.007,0.5,5.8853,inf,-0.0154
63.1,seguindo,5.7753,1.0576,2.4399,2.4458,0.0059,0.5,5.8783,inf,-0.0149
63.15,seguindo,5.7621,1.069,2.4424,2.4525,0.0101,0.5,5.8678,inf,-0.0141
63.2,seguindo,5.7532,1.0766,2.4441,2.4531,0.009,0.5,5.8608,inf,-0.0135
63.25,seguindo,5.74,1.0879,2.4467,2.4541,0.0074,0.5,5.8502,inf,-0.0126
63.3,seguindo,5.7311,1.0955,2.4484,2.3802,-0.0682,0.5,5.8432,inf,0.0239
63.35,seguindo,5.7178,1.1068,2.4511,2.3776,-0.0735,0.5,5.8327,inf,0.0247
63.4,seguindo,5.709,1.1143,2.4529,2.3756,-0.0772,0.5,5.8257,inf,0.0252
63.45,seguindo,5.6956,1.1255,2.4556,2.4064,-0.0492,0.5,5.8152,inf,0.026
63.5,seguindo,5.6867,1.133,2.4574,2.4053,-0.0521,0.5,5.8081,inf,0.0266
63.55,seguindo,5.6733,1.1442,2.4601,2.4034,-0.0567,0.5,5.7976,inf,0.0274
63.6,seguindo,5.6644,1.1516,2.4619,2.402,-0.0599,0.5,5.7906,inf,0.028
63.65,seguindo,5.651,1.1627,2.4646,2.3768,-0.0878,0.5,5.7903,inf,0.0357
63.7,seguindo,5.642,1.1701,2.4664,2.3743,-0.092,0.5,5.7832,inf,0.0363
63.75,seguindo,5.6285,1.1811,2.4691,2.4148,-0.0543,0.5,5.7725,inf,0.0374
63.8,seguindo,5.6195,1.1885,2.4709,2.4135,-0.0574,0.5,5.7654,inf,0.0381
63.85,seguindo,5.606,1.1995,2.4736,2.4114,-0.0622,0.5,5.7547,inf,0.0392
63.9,seguindo,5.5969,1.2068,2.4753,2.4097,-0.0656,0.5,5.7476,inf,0.0398
63.95,seguindo,5.5834,1.2177,2.478,2.407,-0.0711,0.5,5.7369,inf,0.0408
64.0,seguindo,5.5743,1.225,2.4798,2.5049,0.025,0.5,5.7298,inf,0.0415
64.05,seguindo,5.5606,1.2358,2.4825,2.5064,0.0239,0.5,5.7191,inf,0.0425
64.1,seguindo,5.5515,1.2431,2.4843,2.5074,0.0231,0.5,5.712,inf,0.0432
64.15,seguindo,5.5379,1.2539,2.487,2.509,0.022,0.5,5.7013,inf,0.0439
64.2,seguindo,5.5287,1.261,2.4888,2.51,0.0213,0.5,5.6941,inf,0.0444
64.25,seguindo,5.515,1.2718,2.4914,2.5626,0.0712,0.5,5.6834,inf,0.0452
64.3,seguindo,5.5058,1.2789,2.4932,2.5651,0.0719,0.5,5.6763,inf,0.0458
64.35,seguindo,5.492,1.2896,2.4959,2.6288,0.1329,0.5,5.6656,inf,0.0435
64.4,seguindo,5.4828,1.2967,2.4977,2.6329,0.1352,0.5,5.6584,inf,0.0346
64.45,seguindo,5.469,1.3073,2.5004,2.6395,0.1391,0.5,5.6477,inf,0.0257
64.5,seguindo,5.4598,1.3144,2.5022,2.6441,0.1419,0.5,5.6405,inf,0.0246
64.55,seguindo,5.4459,1.325,2.5049,2.6515,0.1466,0.5,5.6298,inf,0.0238
64.6,seguindo,5.4366,1.332,2.5067,2.6962,0.1895,0.5,5.6227,inf,0.0234
64.65,seguindo,5.4227,1.3425,2.5093,2.7053,0.196,0.5,5.6119,inf,0.0227
64.7,seguindo,5.4134,1.3495,2.5111,2.7118,0.2007,0.5,5.6048,inf,0.0221
64.75,seguindo,5.3995,1.3599,2.5138,2.6659,0.1521,0.5,5.5932,inf,0.0393
64.8,seguindo,5.3901,1.3668,2.5156,2.6712,0.1556,0.5,5.586,inf,0.0385
64.85,seguindo,5.3761,1.3772,2.5183,2.723,0.2047,0.5,5.5752,inf,0.0374
64.9,seguindo,5.3668,1.3841,2.5201,2.7296,0.2095,0.5,5.568,inf,0.0367
64.95,seguindo,5.3527,1.3944,2.5228,2.7402,0.2174,0.5,5.5572,inf,0.0356
65.0,seguindo,5.3433,1.4013,2.5246,2.7478,0.2232,0.5,5.55,inf,0.0342
65.05,seguindo,5.3292,1.4115,2.5272,2.8337,0.3065,0.5,5.5392,inf,0.0322
65.1,seguindo,5.3198,1.4183,2.529,2.8424,0.3134,0.5,5.532,inf,0.0309
65.15,seguindo,5.3058,1.4285,2.5325,2.8563,0.3238,0.5,5.5213,inf,0.0286
65.2,seguindo,5.2964,1.4352,2.535,2.8661,0.3311,0.5,5.5142,inf,0.0264
65.25,seguindo,5.2826,1.4453,2.5396,2.9103,0.3706,0.5,5.5036,inf,0.0232
65.3,seguindo,5.2733,1.4519,2.543,2.9208,0.3778,0.5,5.4966,inf,0.021
65.35,seguindo,5.2596,1.4618,2.549,2.9375,0.3885,0.5,5.4863,inf,0.0174
65.4,seguindo,5.2505,1.4684,2.5533,2.9554,0.402,0.5,5.4794,inf,0.037
65.45,seguindo,5.2372,1.478,2.5622,2.9929,0.4308,0.5,5.4694,inf,0.029
65.5,seguindo,5.2284,1.4844,2.5689,3.0051,0.4361,0.5,5.4628,inf,0.0237
65.55,seguindo,5.2171,1.4932,2.5859,3.0229,0.4371,0.5,5.4546,inf,0.0163
65.6,seguindo,5.2106,1.4987,2.6022,3.035,0.4328,0.5,5.4499,inf,0.0116
65.65,seguindo,5.2008,1.5071,2.6307,3.054,0.4233,0.5,5.443,inf,0.0044
65.7,seguindo,5.1943,1.5126,2.6522,3.0777,0.4255,0.5,5.4385,inf,-0.0003
65.75,seguindo,5.1848,1.5209,2.6896,3.0961,0.4066,0.5,5.4318,inf,-0.0074
65.8,seguindo,5.1785,1.5263,2.7169,3.1087,0.3918,0.5,5.4274,inf,-0.0121
65.85,seguindo,5.1694,1.5343,2.7628,-3.1008,0.4196,0.5,5.426,inf,-0.0329
65.9,seguindo,5.1634,1.5394,2.7955,-3.0872,0.4005,0.5,5.422,inf,-0.0374
65.95,seguindo,5.1546,1.5469,2.8491,-3.0665,0.3676,0.5,5.416,inf,-0.0441
66.0,seguindo,5.1487,1.5517,2.8863,-3.0558,0.3411,0.5,5.412,inf,-0.0483
66.05,seguindo,5.1396,1.5585,2.942,-3.038,0.3032,0.5,5.4057,inf,-0.0542
66.1,seguindo,5.1335,1.5626,2.9778,-3.0267,0.2787,0.5,5.4012,inf,-0.0577
66.15,seguindo,5.1252,1.5678,3.0279,-2.9719,0.2834,0.5,5.377,inf,-0.0786
66.2,seguindo,5.1201,1.5708,3.0579,-2.9631,0.2622,0.5,5.3731,inf,-0.081
66.25,seguindo,5.1134,1.5746,3.0994,-2.9515,0.2323,0.5,5.3681,inf,-0.0842
66.3,seguindo,5.1095,1.5767,3.124,-2.9449,0.2143,0.5,5.3651,inf,-0.0859
66.35,seguindo,5.1047,1.5794,-3.1263,-2.9363,0.19,0.5,5.3615,inf,-0.0882
66.4,seguindo,5.1021,1.5809,-3.1074,-2.9152,0.1922,0.5,5.3594,inf,-0.0294
66.45,seguindo,5.0991,1.583,-3.0804,-2.9088,0.1717,0.5,5.3573,inf,-0.0325
66.5,seguindo,5.0975,1.5844,-3.0623,-2.9047,0.1577,0.5,5.3563,inf,-0.0344
66.55,seguindo,5.0964,1.586,-3.0412,-2.8941,0.1471,0.5,5.3618,inf,-0.0365
66.6,seguindo,5.0961,1.5869,-3.0295,-2.8918,0.1377,0.5,5.3619,inf,-0.0374
66.65,seguindo,5.0927,1.5882,-3.0082,-2.8868,0.1213,0.5,5.3591,inf,-0.04
66.7,seguindo,5.0889,1.589,-2.9919,-2.8827,0.1093,0.5,5.3559,inf,-0.0422
66.75,seguindo,5.0808,1.5896,-2.9675,-2.8761,0.0914,0.5,5.3484,inf,-0.0461
66.8,seguindo,5.0741,1.5897,-2.9514,-2.8714,0.08,0.5,5.3421,inf,-0.0489
66.85,seguindo,5.0613,1.589,-2.9281,-2.8644,0.0636,0.5,5.3298,inf,-0.053
66.9,seguindo,5.0517,1.5881,-2.9121,-2.8595,0.0526,0.5,5.3205,inf,-0.0557
66.95,seguindo,5.0388,1.5867,-2.8915,-2.8625,0.029,0.5,5.3079,inf,-0.0589
67.0,seguindo,5.0311,1.5857,-2.879,-2.8595,0.0194,0.5,5.3003,inf,-0.0607
67.05,seguindo,5.0174,1.5834,-2.8612,-2.8556,0.0056,0.5,5.2866,inf,-0.0632
67.1,seguindo,5.0073,1.5814,-2.85,-2.8532,-0.0033,0.5,5.2765,inf,-0.0639
67.15,seguindo,4.9902,1.5771,-2.8379,-2.8477,-0.0098,0.5,5.259,inf,-0.0644
67.2,seguindo,4.978,1.5737,-2.8329,-2.8471,-0.0142,0.5,5.2463,inf,-0.0643
67.25,seguindo,4.9602,1.5681,-2.8311,-2.8742,-0.0431,0.5,5.2056,inf,-0.0535
67.3,seguindo,4.9484,1.5643,-2.8319,-2.8756,-0.0438,0.5,5.1932,inf,-0.0508
67.35,seguindo,4.9322,1.5589,-2.8348,-2.8781,-0.0433,0.5,5.1762,inf,-0.0461
67.4,seguindo,4.9168,1.5537,-2.8384,-2.8461,-0.0077,0.5,5.1599,inf,-0.0416
67.45,seguindo,4.9089,1.5511,-2.8405,-2.8538,-0.0133,0.5,5.1516,inf,0.0104
67.5,seguindo,4.9011,1.5485,-2.8424,-2.8544,-0.012,0.5,5.1434,inf,0.0116
67.55,seguindo,4.8923,1.5456,-2.8446,-2.8551,-0.0105,0.5,5.1341,inf,0.013
67.6,seguindo,4.8876,1.5441,-2.8459,-2.8555,-0.0096,0.5,5.1291,inf,0.0138
67.65,seguindo,4.8834,1.5426,-2.8481,-2.856,-0.0079,0.5,5.1247,inf,0.0145
67.7,seguindo,4.8818,1.542,-2.8493,-2.8563,-0.007,0.5,5.1229,inf,0.0148
67.75,seguindo,4.8821,1.542,-2.8511,-2.8566,-0.0055,0.5,5.1233,inf,0.0149
67.8,seguindo,4.8835,1.5423,-2.8524,-2.8569,-0.0045,0.5,5.1247,inf,0.0149
67.85,seguindo,4.8885,1.5436,-2.8544,-2.8572,-0.0028,0.5,5.1298,inf,0.0144
67.9,seguindo,4.893,1.5448,-2.8558,-2.8575,-0.0017,0.5,5.1345,inf,0.0139
67.95,seguindo,4.9025,1.5475,-2.8576,-2.8578,-0.0002,0.5,5.1444,inf,0.0128
68.0,seguindo,4.9101,1.5496,-2.8588,-2.8581,0.0007,0.5,5.1523,inf,0.012
68.05,seguindo,4.9219,1.5529,-2.8605,-2.8584,0.002,0.5,5.1645,inf,0.0107
68.1,seguindo,4.9299,1.5551,-2.8615,-2.8587,0.0028,0.5,5.1728,inf,0.0097
68.15,seguindo,4.9395,1.5572,-2.8676,-2.8999,-0.0323,0.5,5.1825,inf,0.0091
68.2,seguindo,4.9445,1.558,-2.8754,-2.9011,-0.0257,0.5,5.1876,inf,0.0092
68.25,seguindo,4.9497,1.5581,-2.8894,-2.9038,-0.0144,0.5,5.1925,inf,0.0099
68.3,seguindo,4.9519,1.5578,-2.9003,-2.906,-0.0057,0.5,5.1945,inf,0.0106
68.35,seguindo,4.9524,1.5569,-2.9116,-2.9085,0.0031,0.5,5.1947,inf,0.0116
68.4,seguindo,4.9513,1.5562,-2.9166,-2.9095,0.0071,0.5,5.1934,inf,0.012
68.453,seguindo,4.9468,1.5547,-2.9216,-2.9827,-0.0612,0.5,5.1887,inf,0.0133
68.5,seguindo,4.9425,1.5535,-2.9238,-2.9839,-0.0601,0.5,5.1843,inf,0.0139
68.55,seguindo,4.9333,1.5512,-2.9264,-2.9861,-0.0597,0.5,5.1748,inf,0.0151
68.6,seguindo,4.9259,1.5494,-2.9283,-2.9489,-0.0207,0.5,5.1672,inf,0.0159
68.65,seguindo,4.9128,1.5464,-2.9306,-2.9501,-0.0195,0.5,5.1538,inf,0.0174
68.7,seguindo,4.9032,1.5442,-2.932,-2.9508,-0.0188,0.5,5.144,inf,0.0183
68.75,seguindo,4.8862,1.5401,-2.938,-2.953,-0.015,0.5,5.1266,inf,0.0203
68.8,seguindo,4.8736,1.537,-2.9449,-2.904,0.041,0.5,5.1136,inf,0.0219
68.85,seguindo,4.8547,1.5324,-2.9556,-2.9039,0.0517,0.5,5.0943,inf,0.024
68.9,seguindo,4.8421,1.5295,-2.9627,-2.9035,0.0592,0.5,5.0814,inf,0.0253
68.95,seguindo,4.8234,1.5255,-2.9713,-2.9022,0.0691,0.5,5.0624,inf,0.0268
69.0,seguindo,4.8111,1.523,-2.9761,-2.9008,0.0753,0.5,5.0498,inf,0.0276
69.05,seguindo,4.7929,1.5197,-2.9803,-2.8976,0.0827,0.5,5.0315,inf,0.0283
69.1,seguindo,4.7809,1.5176,-2.982,-2.8317,0.1503,0.5,5.0195,inf,0.0286
69.15,seguindo,4.7632,1.5148,-2.9821,-2.8245,0.1576,0.5,5.0018,inf,0.0289
69.2,seguindo,4.7516,1.5129,-2.9814,-2.8192,0.1621,0.5,4.9902,inf,0.0288
69.25,seguindo,4.7343,1.5104,-2.9786,-2.7495,0.2291,0.5,4.973,inf,0.0284
69.3,seguindo,4.7229,1.5087,-2.9763,-2.7424,0.2339,0.5,4.9616,inf,0.0282
69.35,seguindo,4.7059,1.5061,-2.9722,-2.7188,0.2534,0.5,4.9688,inf,0.0218
69.4,seguindo,4.6946,1.5044,-2.9694,-2.7109,0.2585,0.5,4.9575,inf,0.0214
69.45,seguindo,4.6776,1.5018,-2.9652,-2.6982,0.267,0.5,4.9406,inf,0.0205
69.5,seguindo,4.6662,1.4999,-2.9626,-2.541,0.4216,0.5,4.9292,inf,0.0329
69.55,seguindo,4.6492,1.4971,-2.9589,-2.5239,0.435,0.5,4.9122,inf,0.0183
69.6,seguindo,4.6321,1.4942,-2.9556,-2.5056,0.4499,0.5,4.8951,inf,0.011
69.65,seguindo,4.6207,1.4922,-2.9535,-2.4928,0.4607,0.5,4.8837,inf,0.0075
69.7,seguindo,4.6093,1.4902,-2.9516,-2.4507,0.5009,0.5,4.8722,inf,0.0041
69.75,seguindo,4.5921,1.4871,-2.9489,-2.4312,0.5177,0.5,4.855,inf,-0.001
69.8,seguindo,4.5807,1.485,-2.9471,-2.4175,0.5296,0.5,4.8435,inf,-0.0045
69.85,seguindo,4.5635,1.4818,-2.9446,-2.3958,0.5488,0.5,4.8262,inf,-0.0103
69.9,seguindo,4.5521,1.4797,-2.943,-2.3805,0.5624,0.5,4.8147,inf,-0.0141
69.95,seguindo,4.5376,1.4774,-2.9349,-2.3593,0.5756,0.5,4.8003,inf,-0.0193
70.0,seguindo,4.5291,1.4764,-2.9255,-2.3457,0.5798,0.5,4.792,inf,-0.0226
70.05,seguindo,4.5163,1.4751,-2.9058,-2.3237,0.5822,0.5,4.7794,inf,-0.0283
70.1,seguindo,4.5078,1.4743,-2.8892,-2.3082,0.581,0.5,4.7712,inf,-0.0324
70.15,seguindo,4.4948,1.4732,-2.8608,-2.2837,0.5771,0.5,4.7586,inf,-0.0387
70.2,seguindo,4.4862,1.4724,-2.8401,-2.1388,0.7012,0.5,4.7502,1.0413,-0.0428
70.25,seguindo,4.4732,1.4712,-2.8039,-2.1288,0.6752,0.5,4.7375,1.0413,-0.049
70.3,seguindo,4.4645,1.4703,-2.7778,-2.122,0.6558,0.5,4.729,1.0413,-0.0531
70.35,seguindo,4.4515,1.4686,-2.7369,-2.1995,0.5373,0.5,4.7222,inf,-0.0591
70.4,seguindo,4.443,1.4673,-2.7095,-2.1839,0.5256,0.5,4.7137,inf,-0.0629
70.45,seguindo,4.4305,1.4648,-2.6702,-2.1609,0.5093,0.5,4.7011,inf,-0.0687
70.5,seguindo,4.4223,1.463,-2.6446,-2.1456,0.499,0.5,4.6928,inf,-0.0722
70.55,seguindo,4.4104,1.4599,-2.606,-2.2028,0.4031,0.5,4.6805,inf,-0.0203
70.6,seguindo,4.4026,1.4576,-2.5801,-2.1896,0.3905,0.5,4.6724,inf,-0.0245
70.65,seguindo,4.3914,1.455,-2.5329,-2.169,0.3638,0.5,4.661,inf,-0.0309
70.7,seguindo,4.3842,1.4533,-2.4999,-2.155,0.3449,0.5,4.6536,inf,-0.0351
70.75,seguindo,4.3736,1.4501,-2.4521,-2.0913,0.3608,0.5,4.6316,1.0206,-0.0348
70.8,seguindo,4.3666,1.4476,-2.4202,-2.0865,0.3337,0.5,4.6242,1.0206,-0.0381
70.85,seguindo,4.3563,1.4434,-2.3728,-2.0796,0.2932,0.5,4.6131,1.0206,-0.0426
70.9,seguindo,4.3495,1.4403,-2.3416,-2.0751,0.2665,0.5,4.6056,1.0206,-0.0454
70.95,seguindo,4.3393,1.435,-2.2959,-2.0686,0.2273,0.5,4.5942,1.0206,-0.0492
71.0,seguindo,4.3325,1.4311,-2.266,-2.0644,0.2016,0.5,4.5866,1.0206,-0.0514
71.05,seguindo,4.3222,1.4242,-2.2252,-2.0757,0.1495,0.5,4.5746,0.8856,-0.0541
71.1,seguindo,4.3153,1.419,-2.2003,-2.0723,0.128,0.5,4.5665,0.8856,-0.0555
71.15,seguindo,4.3051,1.4106,-2.1646,-2.078,0.0866,0.5,4.5419,0.8856,-0.0605
71.2,seguindo,4.2985,1.4048,-2.1414,-2.075,0.0664,0.5,4.5339,0.8856,-0.0613
71.25,seguindo,4.2889,1.3957,-2.1068,-2.0709,0.0359,0.5,4.522,0.8856,-0.062
71.3,seguindo,4.2827,1.3895,-2.0839,-2.0876,-0.0037,0.5,4.5143,0.8611,-0.0622
71.35,seguindo,4.2738,1.3794,-2.0518,-2.0849,-0.033,0.5,4.5029,0.8611,-0.0617
71.4,seguindo,4.268,1.3724,-2.0318,-2.0833,-0.0516,0.5,4.4953,0.8611,-0.0611
71.45,seguindo,4.2597,1.361,-2.0045,-2.0816,-0.0771,0.5,4.4841,0.8611,-0.0595
71.5,seguindo,4.2517,1.3491,-1.9797,-2.0805,-0.1008,0.5,4.4731,0.8611,-0.0575
71.55,seguindo,4.2467,1.3404,-1.9668,-2.1234,-0.1566,0.5,4.4657,0.9344,0.0174
71.6,seguindo,4.2418,1.3315,-1.9546,-2.1407,-0.1861,0.5,4.4585,0.9147,0.018
71.65,seguindo,4.2345,1.3163,-1.9415,-2.1426,-0.2012,0.5,4.4473,0.9147,0.02
71.7,seguindo,4.2297,1.3053,-1.9355,-2.1445,-0.209,0.5,4.4396,0.9147,0.0214
71.75,seguindo,4.223,1.2885,-1.9319,-2.148,-0.216,0.5,4.4287,0.9147,0.024
71.8,seguindo,4.2187,1.2773,-1.9314,-2.1505,-0.2191,0.5,4.4215,0.8095,0.0259
71.85,seguindo,4.2124,1.2605,-1.9316,-2.1545,-0.2229,0.5,4.4109,0.8095,0.0287
71.9,seguindo,4.2082,1.2493,-1.9321,-2.1573,-0.2252,0.5,4.4039,0.8095,0.0298
71.95,seguindo,4.2019,1.2325,-1.9323,-2.1767,-0.2443,0.5,4.3934,0.8226,0.0314
72.0,seguindo,4.1977,1.2214,-1.9323,-2.1795,-0.2472,0.5,4.3865,0.8226,0.0324
72.05,seguindo,4.1914,1.2048,-1.9315,-2.1838,-0.2523,0.5,4.3761,0.8226,0.0332
72.1,seguindo,4.1871,1.1938,-1.9306,-2.1867,-0.2561,0.5,4.3693,0.8226,0.0332
72.15,seguindo,4.1808,1.1775,-1.9282,-2.2045,-0.2763,0.5,4.3591,0.9344,0.0332
72.2,seguindo,4.1766,1.1667,-1.9263,-2.2075,-0.2811,0.5,4.3523,0.9344,0.0332
72.25,seguindo,4.1704,1.1505,-1.9232,-2.212,-0.2888,0.5,4.3423,0.9344,0.0322
72.3,seguindo,4.1662,1.1397,-1.9211,-2.2271,-0.306,0.5,4.3356,0.9147,0.0315
72.35,seguindo,4.16,1.1235,-1.9179,-2.2319,-0.3139,0.5,4.3257,0.9147,0.0305
72.4,seguindo,4.156,1.1127,-1.9158,-2.2352,-0.3193,0.5,4.3192,0.9147,0.0296
72.45,seguindo,4.1499,1.0964,-1.9128,-2.2403,-0.3275,0.5,4.3095,0.9147,0.028
72.5,seguindo,4.1458,1.0855,-1.9108,-2.2438,-0.3331,0.5,4.303,0.8095,0.027
72.55,seguindo,4.1398,1.0692,-1.9079,-2.2463,-0.3384,0.5,4.2889,0.8095,0.019
72.601,seguindo,4.1339,1.0528,-1.9051,-2.2219,-0.3169,0.5,4.2794,1.1427,-0.0027
72.65,seguindo,4.1301,1.0411,-1.9081,-2.2259,-0.3178,0.5,4.2731,1.3034,-0.002
72.7,seguindo,4.1262,1.0294,-1.9114,-2.23,-0.3187,0.5,4.2668,1.3034,-0.0014
72.75,seguindo,4.1208,1.0119,-1.9212,-2.2366,-0.3154,0.5,4.2577,1.3034,-0.0001
72.8,seguindo,4.1172,1.0002,-1.9296,-2.2411,-0.3115,0.5,4.2517,1.3034,0.0009
72.85,seguindo,4.112,0.9826,-1.9472,-2.2586,-0.3114,0.5,4.243,1.1518,0.0024
72.9,seguindo,4.1085,0.971,-1.9608,-2.2633,-0.3025,0.5,4.2371,1.1518,0.0035
72.95,seguindo,4.1033,0.9535,-1.9861,-2.2705,-0.2844,0.5,4.2285,1.1518,0.0053
73.0,seguindo,4.0997,0.9418,-2.0048,-2.2845,-0.2796,0.5,4.2226,1.098,0.0063
73.05,seguindo,4.0938,0.9244,-2.0327,-2.2912,-0.2586,0.5,4.2135,1.098,0.0075
73.1,seguindo,4.0896,0.9128,-2.051,-2.2956,-0.2446,0.5,4.2071,1.098,0.0082
73.15,seguindo,4.0829,0.8956,-2.0782,-2.3104,-0.2322,0.5,4.1972,1.1427,0.0088
73.2,seguindo,4.0781,0.8842,-2.0962,-2.3143,-0.2181,0.5,4.1904,1.1427,0.0089
73.25,seguindo,4.0705,0.8672,-2.1228,-2.32,-0.1972,0.5,4.1798,1.1427,0.0089
73.3,seguindo,4.0651,0.856,-2.1404,-2.3236,-0.1832,0.5,4.1725,1.1427,0.0089
73.35,seguindo,4.0567,0.8394,-2.1665,-2.3559,-0.1893,0.5,4.1964,1.1427,0.0189
73.4,seguindo,4.0508,0.8284,-2.1838,-2.3593,-0.1756,0.5,4.1889,1.1427,0.0185
73.45,seguindo,4.0415,0.812,-2.2091,-2.3643,-0.1551,0.5,4.1773,1.1427,0.0176
73.5,seguindo,4.0351,0.8012,-2.2256,-2.3754,-0.1499,0.5,4.1693,1.3034,0.0167
73.55,seguindo,4.025,0.7852,-2.2496,-2.3797,-0.1301,0.5,4.157,1.3034,0.0151
73.6,seguindo,4.0179,0.7746,-2.2649,-2.3824,-0.1175,0.5,4.1485,1.3034,0.0141
73.65,seguindo,4.0068,0.7588,-2.2871,-2.3924,-0.1053,0.5,4.1354,2.4133,-0.0202
73.7,seguindo,3.9992,0.7484,-2.3012,-2.3948,-0.0936,0.5,4.1264,2.4133,-0.0098
73.75,seguindo,3.9873,0.7329,-2.3217,-2.3981,-0.0764,0.5,4.1126,2.4133,-0.008
73.8,seguindo,3.979,0.7227,-2.3344,-2.4001,-0.0657,0.5,4.1031,2.4133,-0.0081
73.85,seguindo,3.9663,0.7075,-2.3531,-2.4141,-0.061,0.5,4.0886,3.1974,-0.0086
73.9,seguindo,3.9577,0.6975,-2.3653,-2.4158,-0.0505,0.5,4.0787,3.1974,-0.0092
73.95,seguindo,3.9444,0.6827,-2.3831,-2.4177,-0.0347,0.5,4.0621,3.1974,-0.0105
74.0,seguindo,3.9353,0.6729,-2.3941,-2.432,-0.038,0.5,4.0518,4.6087,-0.0112
74.05,seguindo,3.9213,0.6584,-2.4091,-2.4339,-0.0248,0.5,4.0363,4.6087,-0.0124
74.1,seguindo,3.9119,0.649,-2.418,-2.4349,-0.0169,0.5,4.0259,4.6087,-0.0131
74.15,seguindo,3.8987,0.6365,-2.4276,-2.4359,-0.0084,0.5,4.0114,4.6087,-0.0142
74.2,seguindo,3.8904,0.6287,-2.4328,-2.451,-0.0182,0.5,4.0022,6.5234,-0.0151
74.25,seguindo,3.8774,0.6175,-2.4338,-2.4514,-0.0176,0.5,3.9882,6.5234,-0.017
74.3,seguindo,3.8686,0.6102,-2.4319,-2.4514,-0.0195,0.5,3.9787,6.5234,-0.0182
74.35,seguindo,3.8554,0.5994,-2.4266,-2.4514,-0.0248,0.5,3.9644,6.5234,-0.0199
74.4,seguindo,3.8466,0.5921,-2.4221,-2.4851,-0.0629,0.5,3.9549,1.2909,-0.0211
74.45,seguindo,3.8334,0.5812,-2.4154,-2.4856,-0.0702,0.5,3.9407,1.2909,-0.0227
74.5,seguindo,3.8246,0.5739,-2.4109,-2.4861,-0.0752,0.5,3.9313,1.2909,-0.0237
74.55,seguindo,3.8116,0.5628,-2.405,-2.4869,-0.0819,0.5,3.9172,1.2909,-0.0247
74.6,seguindo,3.8029,0.5553,-2.4014,-2.5078,-0.1064,0.5,3.9078,1.1219,-0.0252
74.652,seguindo,3.7898,0.5437,-2.3978,-2.4888,-0.0911,0.5,3.8938,1.5966,0.0043
74.7,seguindo,3.7812,0.5359,-2.3962,-2.4898,-0.0936,0.5,3.8845,1.5966,0.0026
74.75,seguindo,3.7682,0.5242,-2.3938,-2.5122,-0.1185,0.5,3.8706,1.0876,0.0001
74.8,seguindo,3.7596,0.5163,-2.3922,-2.5135,-0.1213,0.5,3.8613,1.0876,-0.0016
74.85,seguindo,3.7467,0.5046,-2.3898,-2.5155,-0.1257,0.5,3.8475,1.0876,-0.0039
74.9,seguindo,3.7381,0.4967,-2.3882,-2.5169,-0.1287,0.5,3.8383,1.0876,-0.0053
74.95,seguindo,3.7252,0.4849,-2.3858,-2.5665,-0.1807,0.5,3.8246,0.9683,-0.0073
75.0,seguindo,3.7166,0.477,-2.3841,-2.5684,-0.1843,0.5,3.8155,0.9683,-0.0086
75.05,seguindo,3.7038,0.4651,-2.3816,-2.5714,-0.1898,0.5,3.8018,0.9683,-0.0104
75.1,seguindo,3.6953,0.4572,-2.3799,-2.5734,-0.1935,0.5,3.7928,0.9683,-0.0112
75.15,seguindo,3.6826,0.4453,-2.3772,-2.5871,-0.2098,0.5,3.7912,0.9683,-0.0047
75.2,seguindo,3.6741,0.4373,-2.3754,-2.6139,-0.2385,0.5,3.7823,0.9683,-0.0054
75.25,seguindo,3.6614,0.4254,-2.3727,-2.6178,-0.2451,0.5,3.7689,0.9683,-0.0065
75.3,seguindo,3.6529,0.4174,-2.3709,-2.6205,-0.2496,0.5,3.76,0.9683,-0.0071
75.35,seguindo,3.6403,0.4054,-2.3682,-2.6247,-0.2565,0.5,3.7468,0.9683,-0.0075
75.4,seguindo,3.6319,0.3974,-2.3664,-2.6276,-0.2612,0.5,3.738,0.9683,-0.0077
75.45,seguindo,3.6193,0.3853,-2.3636,-2.6568,-0.2931,0.5,3.7249,0.8594,-0.008
75.5,seguindo,3.6109,0.3773,-2.3618,-2.66,-0.2982,0.5,3.7161,0.8594,-0.0082
75.55,seguindo,3.5984,0.3652,-2.3591,-2.6651,-0.306,0.5,3.7031,0.8594,-0.0081
75.6,seguindo,3.59,0.3571,-2.3573,-2.6686,-0.3113,0.5,3.6945,0.8594,-0.0079
75.65,seguindo,3.5776,0.3449,-2.3546,-2.698,-0.3434,0.5,3.6815,0.7072,-0.0076
75.701,seguindo,3.5651,0.3327,-2.352,-2.6813,-0.3293,0.5,3.6687,0.7462,-0.0176
75.75,seguindo,3.5568,0.3245,-2.3502,-2.685,-0.3348,0.5,3.6602,0.7462,-0.0116
75.8,seguindo,3.5486,0.3164,-2.3484,-2.6888,-0.3404,0.5,3.6517,0.7462,-0.0107
75.85,seguindo,3.5362,0.3041,-2.3457,-2.6948,-0.3491,0.5,3.639,0.7462,-0.0093
75.9,seguindo,3.528,0.2959,-2.3439,-2.4702,-0.1263,0.5,3.6306,inf,-0.0084
75.95,seguindo,3.5155,0.2828,-2.3462,-2.4763,-0.1301,0.5,3.6178,inf,-0.0065
76.0,seguindo,3.5071,0.2739,-2.3495,-2.481,-0.1314,0.5,3.6093,inf,-0.0051
76.05,seguindo,3.4948,0.2604,-2.3596,-2.4893,-0.1297,0.5,3.5967,inf,-0.0027
76.1,seguindo,3.4866,0.2513,-2.3681,-2.4955,-0.1274,0.5,3.5884,inf,-0.001
76.15,seguindo,3.4744,0.2377,-2.3858,-2.5231,-0.1373,0.5,3.5762,inf,0.0016
76.2,seguindo,3.4663,0.2286,-2.3994,-2.5299,-0.1305,0.5,3.568,inf,0.0033
76.25,seguindo,3.4542,0.215,-2.4249,-2.5412,-0.1163,0.5,3.5559,inf,0.0061
76.3,seguindo,3.446,0.206,-2.4436,-2.5489,-0.1053,0.5,3.5477,inf,0.0078
76.35,seguindo,3.4326,0.1923,-2.4688,-2.5741,-0.1053,0.5,3.5344,inf,0.0099
76.4,seguindo,3.4229,0.1832,-2.483,-2.5804,-0.0974,0.5,3.5248,inf,0.0107
76.45,seguindo,3.408,0.1699,-2.502,-2.5861,-0.0841,0.5,3.4961,inf,0.0073
76.5,seguindo,3.3978,0.1612,-2.5132,-2.6215,-0.1083,0.5,3.486,inf,0.0077
76.55,seguindo,3.3822,0.1485,-2.5294,-2.6291,-0.0997,0.5,3.4707,inf,0.0081
76.6,seguindo,3.3717,0.1401,-2.5399,-2.6341,-0.0942,0.5,3.4604,inf,0.0082
76.65,seguindo,3.3556,0.1277,-2.5555,-2.6416,-0.0861,0.5,3.4447,inf,0.0085
76.7,seguindo,3.3448,0.1196,-2.5658,-2.6654,-0.0997,0.5,3.4342,inf,0.0085
76.75,seguindo,3.3299,0.1089,-2.5776,-2.6714,-0.0939,0.5,3.4197,inf,0.0025
76.8,seguindo,3.3205,0.1023,-2.5847,-2.6753,-0.0907,0.5,3.4105,inf,0.0027
76.85,seguindo,3.306,0.093,-2.5884,-2.6799,-0.0915,0.5,3.3964,inf,0.0026
76.9,seguindo,3.2963,0.087,-2.5884,-2.6826,-0.0942,0.5,3.387,inf,0.0023
76.95,seguindo,3.2816,0.0783,-2.5839,-2.7136,-0.1297,0.5,3.3727,inf,0.0017
77.0,seguindo,3.2718,0.0726,-2.5792,-2.7163,-0.1371,0.5,3.3631,inf,0.0012
77.05,seguindo,3.2571,0.064,-2.5722,-2.721,-0.1487,0.5,3.3489,inf,0.0007
77.1,seguindo,3.2473,0.0581,-2.5676,-2.7245,-0.1569,0.5,3.3394,inf,0.0007
77.15,seguindo,3.2326,0.0492,-2.5613,-2.7661,-0.2048,0.5,3.3253,inf,0.0009
77.2,seguindo,3.2229,0.0431,-2.5574,-2.7712,-0.2138,0.5,3.3159,inf,0.0011
77.25,seguindo,3.2082,0.0338,-2.5536,-2.78,-0.2264,0.5,3.3018,inf,0.0017
77.3,seguindo,3.1985,0.0274,-2.552,-2.7867,-0.2347,0.5,3.2925,inf,0.0026
77.35,seguindo,3.1838,0.0179,-2.5496,-2.8372,-0.2876,0.5,3.2785,inf,0.004
77.4,seguindo,3.1741,0.0115,-2.548,-2.8453,-0.2973,0.5,3.2692,inf,0.0049
77.45,seguindo,3.1621,0.0035,-2.5471,-2.8562,-0.3091,0.5,3.2578,inf,0.0062
77.5,seguindo,3.1552,-0.0012,-2.5471,-2.863,-0.3159,0.5,3.2512,inf,0.0071
77.55,seguindo,3.1423,-0.0099,-2.5457,-2.8994,-0.3537,0.5,3.2385,inf,0.0139
77.6,seguindo,3.1325,-0.0164,-2.5441,-2.9476,-0.4036,0.5,3.2294,inf,0.0153
77.65,seguindo,3.118,-0.026,-2.5416,-2.9654,-0.4238,0.5,3.2158,inf,0.0175
77.7,seguindo,3.1083,-0.0325,-2.5399,-2.9782,-0.4383,0.5,3.2067,inf,0.0191
77.751,seguindo,3.0938,-0.0422,-2.5372,-3.0252,-0.4879,0.5,3.1932,inf,0.0002
77.8,seguindo,3.0842,-0.0487,-2.5354,-3.0389,-0.5034,0.5,3.1843,inf,0.0039
77.85,seguindo,3.0696,-0.0591,-2.5377,3.0584,-0.6871,0.5,3.1708,0.8822,0.0099
77.902,seguindo,3.0548,-0.0697,-2.5426,3.0466,-0.694,0.5,3.1572,0.8822,0.0162
77.95,seguindo,3.0452,-0.077,-2.551,3.0384,-0.6938,0.5,3.1485,0.8822,0.0209
78.0,seguindo,3.0357,-0.0842,-2.5595,3.0301,-0.6936,0.5,3.1397,0.8822,0.0255
78.05,seguindo,3.0215,-0.095,-2.5773,3.0148,-0.6911,0.5,3.1269,0.8947,0.0325
78.1,seguindo,3.0122,-0.1022,-2.5909,3.0067,-0.6856,0.5,3.1184,0.8947,0.0372
78.15,seguindo,2.9982,-0.1129,-2.6164,2.9941,-0.6727,0.5,3.1058,0.8947,0.0446
78.2,seguindo,2.9888,-0.12,-2.6351,2.9857,-0.6624,0.5,3.0974,0.8947,0.0496
78.25,seguindo,2.9748,-0.1305,-2.6677,2.973,-0.6425,0.5,3.0849,1.1866,0.0569
78.3,seguindo,2.9654,-0.1373,-2.691,2.9649,-0.6273,0.5,3.0764,1.1866,0.0616
78.35,seguindo,2.9519,-0.1471,-2.7308,2.953,-0.5993,0.5,3.0643,1.1866,0.0689
78.4,seguindo,2.9429,-0.1534,-2.759,2.9453,-0.5789,0.5,3.0563,1.1866,0.0736
78.45,seguindo,2.9292,-0.1623,-2.8016,2.9633,-0.5183,0.5,3.032,1.4613,0.0544
78.5,seguindo,2.9199,-0.1679,-2.8301,2.9563,-0.4968,0.5,3.0234,1.4613,0.0583
78.55,seguindo,2.9057,-0.1758,-2.8734,2.946,-0.4639,0.5,3.0104,1.4613,0.0644
78.6,seguindo,2.8961,-0.1807,-2.9023,2.9393,-0.4416,0.5,3.0016,1.4613,0.0682
78.65,seguindo,2.8814,-0.1876,-2.9456,2.9331,-0.4045,0.5,2.9879,1.9622,0.0734
78.7,seguindo,2.8714,-0.1918,-2.9743,2.9271,-0.3818,0.5,2.9786,1.9622,0.0765
78.75,seguindo,2.8562,-0.1976,-3.017,2.9322,-0.334,0.5,2.959,1.9622,0.0732
78.8,seguindo,2.8458,-0.2011,-3.0454,2.9752,-0.2626,0.5,2.9493,1.5952,-0.0461
78.85,seguindo,2.8301,-0.2057,-3.0872,2.9629,-0.2331,0.5,2.9343,1.4087,-0.036
78.9,seguindo,2.8192,-0.2083,-3.1137,2.9585,-0.211,0.5,2.9239,1.4087,-0.0296
78.95,seguindo,2.8027,-0.2116,3.1307,2.9522,-0.1785,0.5,2.908,1.4087,-0.0206
79.0,seguindo,2.7916,-0.2134,3.1054,2.9483,-0.1571,0.5,2.8972,1.4087,-0.0149
79.05,seguindo,2.7746,-0.2155,3.0682,2.9395,-0.1288,0.5,2.8807,1.2991,-0.0069
79.1,seguindo,2.7631,-0.2165,3.0447,2.9363,-0.1084,0.5,2.8695,1.2991,-0.0019
79.15,seguindo,2.7456,-0.2173,3.0102,2.9482,-0.062,0.5,2.8473,1.2991,0.0024
79.2,seguindo,2.7338,-0.2174,2.9887,2.9458,-0.0428,0.5,2.8355,1.2991,0.0064
79.25,seguindo,2.7156,-0.2167,2.9594,2.9409,-0.0185,0.5,2.8174,1.3522,0.0119
79.3,seguindo,2.7031,-0.2157,2.9426,2.9395,-0.0032,0.5,2.8048,1.3522,0.015
79.35,seguindo,2.6841,-0.2136,2.9191,2.9377,0.0186,0.5,2.7858,1.3522,0.019
79.4,seguindo,2.6714,-0.2118,2.9044,2.9365,0.0321,0.5,2.7729,1.5952,0.0213
79.45,seguindo,2.6521,-0.2087,2.884,2.9357,0.0517,0.5,2.7534,1.5952,0.0243
79.5,seguindo,2.6391,-0.2062,2.8721,2.9355,0.0634,0.5,2.7402,1.5952,0.0256
79.55,seguindo,2.6211,-0.2023,2.8572,2.937,0.0797,0.5,2.7219,2.1226,0.0271
79.6,seguindo,2.6098,-0.1998,2.8477,2.9372,0.0894,0.5,2.7102,2.1226,0.0278
79.65,seguindo,2.593,-0.1952,2.8403,2.9382,0.0979,0.5,2.693,2.1226,0.0277
79.7,seguindo,2.5818,-0.192,2.838,2.9392,0.1011,0.5,2.6816,2.1226,0.0273
79.75,seguindo,2.5654,-0.1867,2.8398,2.9437,0.1039,0.5,2.6646,2.4509,0.0262
79.8,seguindo,2.5545,-0.183,2.8433,2.9452,0.1019,0.5,2.6533,2.4509,0.0251
79.85,seguindo,2.5382,-0.1775,2.849,2.9202,0.0712,0.5,2.6364,14.1242,-0.0068
79.9,seguindo,2.5273,-0.1739,2.853,2.9225,0.0695,0.5,2.6252,16.5712,-0.008
79.95,seguindo,2.5109,-0.1687,2.8585,2.924,0.0655,0.5,2.6082,16.5712,-0.0095
80.0,seguindo,2.5,-0.1652,2.8617,2.925,0.0634,0.5,2.5969,16.5712,-0.0105
80.05,seguindo,2.4834,-0.1602,2.8652,2.9241,0.0589,0.5,2.5729,16.7255,-0.0083
80.1,seguindo,2.4723,-0.1569,2.8672,2.9249,0.0577,0.5,2.5615,16.7255,-0.0091
80.15,seguindo,2.4556,-0.152,2.8699,2.9261,0.0562,0.5,2.5443,16.7255,-0.0102
80.2,seguindo,2.4444,-0.1487,2.8716,2.9305,0.0589,0.5,2.5328,14.4085,-0.0109
80.25,seguindo,2.4276,-0.1439,2.8742,2.9317,0.0575,0.5,2.5156,14.4085,-0.012
80.301,seguindo,2.4108,-0.1391,2.8767,2.9329,0.0562,0.5,2.4983,14.4085,-0.013
80.35,seguindo,2.3996,-0.1359,2.8783,2.9336,0.0553,0.5,2.4868,14.4085,-0.0136
80.4,seguindo,2.3884,-0.1328,2.88,2.939,0.059,0.5,2.4753,14.1242,-0.0142
80.45,seguindo,2.3716,-0.1281,2.8825,2.9402,0.0577,0.5,2.4581,14.1242,-0.0151
80.5,seguindo,2.3604,-0.125,2.8842,2.941,0.0568,0.5,2.4466,14.1242,-0.0157
80.55,seguindo,2.3436,-0.1204,2.8868,2.9474,0.0606,0.5,2.4293,9.1574,-0.0165
80.6,seguindo,2.3323,-0.1173,2.8886,2.9482,0.0597,0.5,2.4178,9.1574,-0.0171
80.65,seguindo,2.3155,-0.1127,2.8912,2.9495,0.0582,0.5,2.4006,9.1574,-0.0178
80.7,seguindo,2.3043,-0.1097,2.893,2.9503,0.0573,0.5,2.3891,9.1574,-0.0183
80.75,seguindo,2.2874,-0.1053,2.8957,2.957,0.0613,0.5,2.3718,5.3208,-0.019
80.8,seguindo,2.2762,-0.1023,2.8975,2.9578,0.0603,0.5,2.3604,5.3208,-0.0194
80.85,seguindo,2.2593,-0.0979,2.9003,2.9933,0.0931,0.5,2.3431,1.8386,-0.019
80.9,seguindo,2.2481,-0.095,2.9021,2.9976,0.0955,0.5,2.3316,1.9544,-0.0185
80.95,seguindo,2.2312,-0.0907,2.9048,2.9994,0.0947,0.5,2.3143,1.9544,-0.0177
81.0,seguindo,2.2199,-0.0878,2.9066,3.0007,0.0941,0.5,2.3028,1.9544,-0.0171
81.05,seguindo,2.203,-0.0835,2.9093,3.015,0.1057,0.5,2.2903,1.9544,-0.0253
81.1,seguindo,2.1917,-0.0807,2.9111,3.0186,0.1075,0.5,2.2788,2.2947,-0.0247
81.15,seguindo,2.1748,-0.0766,2.9137,3.0206,0.1069,0.5,2.2616,2.2947,-0.0239
81.2,seguindo,2.1635,-0.0738,2.9155,3.022,0.1064,0.5,2.2501,2.2947,-0.0233
81.25,seguindo,2.1466,-0.0697,2.9182,3.0259,0.1077,0.5,2.2328,1.9471,-0.0224
81.3,seguindo,2.1353,-0.067,2.92,3.0272,0.1072,0.5,2.2213,1.9471,-0.0218
81.35,seguindo,2.1183,-0.063,2.9227,3.0293,0.1066,0.5,2.204,1.9471,-0.0209
81.4,seguindo,2.107,-0.0603,2.9246,3.0307,0.1061,0.5,2.1925,1.9471,-0.0203
81.45,seguindo,2.09,-0.0564,2.9273,3.0342,0.1069,0.5,2.1753,1.8386,-0.0194
81.5,seguindo,2.0787,-0.0538,2.9291,3.0355,0.1065,0.5,2.1637,1.8386,-0.0187
81.55,seguindo,2.0617,-0.0499,2.9318,3.0376,0.1058,0.5,2.1465,1.8386,-0.0179
81.6,seguindo,2.0504,-0.0473,2.9335,3.0401,0.1065,0.5,2.1349,1.9544,-0.0173
81.65,seguindo,2.0333,-0.0436,2.9362,3.0421,0.1058,0.5,2.1177,1.9544,-0.0164
81.7,seguindo,2.022,-0.041,2.938,3.0434,0.1054,0.5,2.1061,1.9544,-0.0158
81.75,seguindo,2.005,-0.0373,2.9407,3.0455,0.1048,0.5,2.0888,1.9544,-0.0151
81.8,seguindo,1.9936,-0.0349,2.9425,3.0476,0.1051,0.5,2.0773,2.3297,-0.0146
81.85,seguindo,1.9766,-0.0312,2.9452,3.0496,0.1044,0.5,2.06,2.3297,-0.0138
81.9,seguindo,1.9652,-0.0288,2.947,3.0238,0.0769,0.5,2.0485,1.512,-0.0314
81.95,seguindo,1.9481,-0.0253,2.9496,3.1155,0.1658,0.5,2.0429,1.3977,-0.081
82.0,seguindo,1.9367,-0.0229,2.9514,3.1175,0.166,0.5,2.0315,1.3977,-0.0797
82.05,seguindo,1.9196,-0.0194,2.9541,3.1205,0.1664,0.5,2.0144,1.3977,-0.0777
82.1,seguindo,1.9083,-0.0171,2.9559,3.1225,0.1666,0.5,2.0029,1.3977,-0.0764
82.15,seguindo,1.8912,-0.0137,2.9586,3.1258,0.1672,0.5,1.9858,1.2817,-0.0744
82.2,seguindo,1.8798,-0.0115,2.9604,3.1278,0.1674,0.5,1.9744,1.2817,-0.073
82.25,seguindo,1.8626,-0.0081,2.9631,3.1309,0.1678,0.5,1.9572,1.2817,-0.0711
82.3,seguindo,1.8512,-0.0059,2.9649,3.1327,0.1679,0.5,1.9458,1.3181,-0.0698
82.35,seguindo,1.8341,-0.0027,2.9676,3.1357,0.1681,0.5,1.9286,1.3181,-0.0679
82.4,seguindo,1.8227,-0.0005,2.9694,3.1378,0.1683,0.5,1.9172,1.3181,-0.0667
82.45,seguindo,1.8056,0.0026,2.9721,3.1409,0.1688,0.5,1.9,1.3181,-0.065
82.5,seguindo,1.7941,0.0047,2.9739,-3.1409,0.1684,0.5,1.8886,1.512,-0.0638
82.55,seguindo,1.777,0.0078,2.9765,-3.1379,0.1688,0.5,1.8714,1.512,-0.0621
82.6,seguindo,1.7655,0.0099,2.9783,-3.1358,0.1691,0.5,1.8599,1.512,-0.0612
82.65,seguindo,1.7483,0.0129,2.981,-3.1337,0.1684,0.5,1.8428,1.9249,-0.0599
82.7,seguindo,1.7369,0.0149,2.9829,-3.1317,0.1686,0.5,1.8313,1.9249,-0.059
82.75,seguindo,1.7197,0.0179,2.9856,-3.1287,0.1689,0.5,1.8142,1.9249,-0.0578
82.8,seguindo,1.7083,0.0198,2.9874,-3.1266,0.1692,0.5,1.8027,1.9249,-0.0573
82.85,seguindo,1.6911,0.0227,2.9901,-3.1249,0.1682,0.5,1.7855,2.7018,-0.0566
82.9,seguindo,1.6739,0.0255,2.9928,-3.1219,0.1685,0.5,1.7683,inf,-0.0386
82.95,seguindo,1.6624,0.0273,2.9945,-3.1374,0.1512,0.5,1.7128,inf,-0.0161
83.0,seguindo,1.6509,0.0292,2.9963,-3.1355,0.1513,0.5,1.7013,inf,-0.0178
83.05,seguindo,1.6337,0.0319,2.999,-3.1327,0.1515,0.5,1.6841,inf,-0.0203
83.1,seguindo,1.6222,0.0337,3.0008,-3.1318,0.1505,0.5,1.6726,inf,-0.022
83.15,seguindo,1.605,0.0363,3.0035,-3.129,0.1507,0.5,1.6554,inf,-0.0244
83.2,seguindo,1.5935,0.0381,3.0053,-3.1271,0.1508,0.5,1.6439,inf,-0.026
83.25,seguindo,1.5762,0.0406,3.008,-3.1243,0.151,0.5,1.6266,inf,-0.0284
83.3,seguindo,1.5647,0.0423,3.0097,-3.1238,0.1496,0.5,1.6151,inf,-0.0299
83.35,seguindo,1.5475,0.0448,3.0124,-3.1211,0.1497,0.5,1.5979,inf,-0.0322
83.4,seguindo,1.536,0.0464,3.0142,-3.1192,0.1498,0.5,1.5864,inf,-0.0337
83.45,seguindo,1.5187,0.0488,3.0169,-3.1181,0.1482,0.5,1.5692,inf,-0.0359
83.5,seguindo,1.5072,0.0504,3.0186,-3.1163,0.1483,0.5,1.5577,inf,-0.0373
83.55,seguindo,1.4899,0.0527,3.0213,-3.1135,0.1484,0.5,1.5404,inf,-0.0395
83.6,seguindo,1.4784,0.0543,3.0232,-3.1116,0.1485,0.5,1.5289,inf,-0.0409
83.65,seguindo,1.4611,0.0565,3.0259,-3.1109,0.1464,0.5,1.5117,inf,-0.0429
83.7,seguindo,1.4496,0.058,3.0278,-3.1091,0.1464,0.5,1.5002,inf,-0.0443
83.75,seguindo,1.4323,0.0602,3.0305,-3.1063,0.1464,0.5,1.483,inf,-0.0462
83.8,seguindo,1.4208,0.0616,3.0323,-3.1068,0.1441,0.5,1.4714,inf,-0.0475
83.85,seguindo,1.4035,0.0637,3.035,-3.1078,0.1404,0.5,1.4545,inf,-0.0458
83.9,seguindo,1.3919,0.0651,3.0367,-3.106,0.1404,0.5,1.4429,inf,-0.0471
83.95,seguindo,1.3746,0.0671,3.0394,-3.118,0.1258,0.5,1.4257,20956.8167,0.0002
84.0,seguindo,1.363,0.0684,3.0412,-3.1164,0.1255,0.5,1.4142,20956.8167,-0.0014
84.05,seguindo,1.3457,0.0704,3.0439,-3.114,0.1253,0.5,1.3969,20956.8167,-0.0037
84.1,seguindo,1.3342,0.0716,3.0457,-3.1124,0.1251,0.5,1.3854,20956.8167,-0.0053
84.15,seguindo,1.3168,0.0735,3.0484,-3.1104,0.1244,0.5,1.3681,10847.5693,-0.0076
84.2,seguindo,1.3053,0.0747,3.0502,-3.1088,0.1242,0.5,1.3566,10847.5693,-0.0091
84.25,seguindo,1.2879,0.0765,3.0528,-3.1064,0.1239,0.5,1.3393,10847.5693,-0.0113
84.3,seguindo,1.2764,0.0777,3.0546,-3.1048,0.1237,0.5,1.3278,10847.5693,-0.0127
84.35,seguindo,1.259,0.0794,3.0573,-3.1032,0.1227,0.5,1.3105,5671.3591,-0.0148
84.4,seguindo,1.2474,0.0805,3.0591,-3.1016,0.1225,0.5,1.299,5671.3591,-0.0162
84.45,seguindo,1.2301,0.0821,3.0618,-3.0992,0.1222,0.5,1.2817,5671.3591,-0.0182
84.5,seguindo,1.2185,0.0832,3.0636,-3.0987,0.1209,0.5,1.2701,2999.6759,-0.0196
84.55,seguindo,1.2011,0.0847,3.0663,-3.0964,0.1205,0.5,1.2529,2999.6759,-0.0216
84.6,seguindo,1.1896,0.0857,3.068,-3.0949,0.1203,0.5,1.2413,2999.6759,-0.0228
84.65,seguindo,1.1722,0.0872,3.0707,-3.0939,0.1186,0.5,1.224,1608.2532,-0.0247
84.7,seguindo,1.1606,0.0882,3.0724,-3.0924,0.1184,0.5,1.2125,1608.2532,-0.026
84.75,seguindo,1.1432,0.0896,3.075,-3.063,0.1451,0.5,1.1893,1608.2532,-0.032
84.8,seguindo,1.1316,0.0905,3.0767,-3.0612,0.1453,0.5,1.1778,1608.2532,-0.0334
84.85,seguindo,1.1142,0.0918,3.0794,-3.0604,0.1434,0.5,1.1606,876.2503,-0.0356
84.9,seguindo,1.1026,0.0927,3.0812,-3.0586,0.1434,0.5,1.1491,876.2503,-0.037
84.95,seguindo,1.0852,0.0939,3.0839,-3.0558,0.1434,0.5,1.1319,876.2503,-0.039
85.0,seguindo,1.0737,0.0947,3.0858,-3.057,0.1404,0.5,1.1204,382.682,-0.03
85.05,seguindo,1.0563,0.0959,3.0885,-3.0544,0.1403,0.5,1.1032,382.682,-0.0321
85.1,seguindo,1.0447,0.0966,3.0904,-3.0526,0.1402,0.5,1.0917,382.682,-0.0335
85.15,seguindo,1.0273,0.0977,3.0931,-3.0522,0.1379,0.5,1.0744,217.7441,-0.0356
85.2,seguindo,1.0157,0.0984,3.0949,-3.0505,0.1378,0.5,1.0629,217.7441,-0.0369
85.25,seguindo,0.9983,0.0994,3.0976,-3.0479,0.1377,0.5,1.0457,217.7441,-0.0389
85.3,seguindo,0.9867,0.1001,3.0994,-3.0461,0.1377,0.5,1.0342,217.7441,-0.0402
85.35,seguindo,0.9693,0.101,3.1021,-3.0462,0.135,0.5,1.017,127.667,-0.0421
85.4,seguindo,0.9577,0.1016,3.1039,-3.0445,0.1349,0.5,1.0055,127.667,-0.0434
85.45,seguindo,0.9402,0.1025,3.1065,-3.0419,0.1348,0.5,0.9882,127.667,-0.0452
85.5,seguindo,0.9286,0.103,3.1082,-3.0402,0.1348,0.5,0.9767,77.8024,-0.0464
85.55,seguindo,0.9112,0.1038,3.1109,-3.0375,0.1348,0.5,0.9595,77.8024,-0.0481
85.6,seguindo,0.8996,0.1043,3.1126,-3.0357,0.1348,0.5,0.948,77.8024,-0.0493
85.65,seguindo,0.8822,0.105,3.1154,-2.996,0.1718,0.5,0.9497,77.8024,-0.0616
85.7,seguindo,0.8706,0.1054,3.1172,-2.9938,0.1722,0.5,0.9383,77.8024,-0.063
85.75,seguindo,0.8531,0.106,3.1199,-2.9903,0.1729,0.5,0.9212,49.9145,-0.0651
85.8,seguindo,0.8415,0.1064,3.1217,-2.988,0.1735,0.5,0.9098,49.9145,-0.0664
85.85,seguindo,0.8241,0.107,3.1244,-2.9844,0.1744,0.5,0.8926,49.9145,-0.0684
85.9,seguindo,0.8125,0.1073,3.1262,-2.9819,0.1751,0.5,0.8812,49.9145,-0.0697
85.95,seguindo,0.7951,0.1078,3.1289,-2.9782,0.1761,0.5,0.8641,34.3836,-0.0716
86.0,seguindo,0.7834,0.1081,3.1307,-2.9757,0.1768,0.5,0.8527,12.9981,-0.0096
86.05,seguindo,0.766,0.1084,3.1334,-2.9717,0.1781,0.5,0.8356,12.9981,-0.0127
86.1,seguindo,0.7544,0.1087,3.1352,-2.9691,0.1789,0.5,0.8241,10.0142,-0.0148
86.15,seguindo,0.737,0.109,3.1378,-2.965,0.1803,0.5,0.807,10.0142,-0.018
86.2,seguindo,0.7253,0.1092,3.1396,-2.9622,0.1813,0.5,0.7956,10.0142,-0.02
86.25,seguindo,0.7079,0.1094,-3.1409,-2.9579,0.1829,0.5,0.7785,28.9231,-0.0231
86.3,seguindo,0.6963,0.1095,-3.1391,-2.955,0.1841,0.5,0.7671,28.9231,-0.0251
86.35,seguindo,0.6788,0.1097,-3.1364,-2.9505,0.1859,0.5,0.75,28.9231,-0.028
86.4,seguindo,0.6672,0.1097,-3.1346,-2.9474,0.1872,0.5,0.7386,28.9231,-0.03
86.45,seguindo,0.6498,0.1098,-3.1319,-2.9426,0.1893,0.5,0.7215,18.6997,-0.0329
86.5,seguindo,0.6382,0.1098,-3.1301,-2.9394,0.1908,0.5,0.7102,18.6997,-0.0347
86.55,seguindo,0.6207,0.1098,-3.1275,-2.9732,0.1542,0.5,0.6824,18.6997,-0.04
86.6,seguindo,0.6091,0.1098,-3.1257,-2.9704,0.1553,0.5,0.6709,12.9981,-0.0414
86.65,seguindo,0.5917,0.1097,-3.123,-2.9659,0.157,0.5,0.6537,12.9981,-0.0434
86.7,seguindo,0.58,0.1097,-3.1212,-2.9629,0.1583,0.5,0.6423,12.9981,-0.0447
86.75,seguindo,0.5626,0.1095,-3.1185,-2.9582,0.1603,0.5,0.6251,10.0142,-0.0466
86.8,seguindo,0.551,0.1094,-3.1167,-2.955,0.1618,0.5,0.6136,10.0142,-0.0478
86.85,seguindo,0.5336,0.1091,-3.114,-2.9499,0.1641,0.5,0.5965,10.0142,-0.0496
86.9,seguindo,0.5219,0.1089,-3.1122,-2.9465,0.1658,0.5,0.585,10.0142,-0.0508
86.95,seguindo,0.5045,0.1086,-3.1096,-2.9411,0.1685,0.5,0.5679,28.9231,-0.0526
87.0,seguindo,0.4929,0.1084,-3.1078,-2.9373,0.1705,0.5,0.5564,28.9231,-0.0537
87.05,seguindo,0.4755,0.108,-3.1051,-2.9315,0.1736,0.5,0.5393,1.7104,-0.0217
87.1,seguindo,0.4638,0.1077,-3.1033,-2.9274,0.1759,0.5,0.5279,1.4146,-0.0248
87.15,seguindo,0.4464,0.1072,-3.1006,-2.9211,0.1796,0.5,0.5108,1.4146,-0.0295
87.2,seguindo,0.4348,0.1069,-3.0988,-2.9166,0.1822,0.5,0.4994,1.4146,-0.0326
87.25,seguindo,0.4174,0.1063,-3.0961,-2.9097,0.1864,0.5,0.4823,1.4146,-0.0371
87.3,seguindo,0.4057,0.1059,-3.0943,-2.9048,0.1895,0.5,0.4709,1.3089,-0.0401
87.35,seguindo,0.3883,0.1053,-3.0917,-2.8972,0.1945,0.5,0.4538,1.3089,-0.0445
87.4,seguindo,0.3767,0.1049,-3.09,-2.8918,0.1982,0.5,0.4424,1.3089,-0.0473
87.45,seguindo,0.3593,0.1042,-3.0873,-2.8247,0.2626,0.4982,0.4136,1.3722,-0.0519
87.5,seguindo,0.3477,0.1037,-3.0854,-2.8169,0.2685,0.4914,0.4024,1.3722,-0.0553
87.55,seguindo,0.3303,0.1029,-3.0827,-2.8044,0.2783,0.4811,0.3857,1.3722,-0.06
87.6,seguindo,0.3187,0.1024,-3.0808,-2.7955,0.2853,0.4741,0.3746,inf,-0.0631
87.65,seguindo,0.3013,0.1015,-3.0781,-2.7813,0.2968,0.4634,0.358,inf,-0.0677
87.7,seguindo,0.2896,0.1009,-3.0763,-2.7711,0.3052,0.4562,0.3469,inf,-0.0706
87.75,seguindo,0.2722,0.0999,-3.0736,-2.7547,0.3189,0.4452,0.3304,inf,-0.0746
87.8,seguindo,0.2606,0.0993,-3.0718,-2.7429,0.329,0.4378,0.3194,inf,-0.0773
87.85,seguindo,0.2432,0.0983,-3.0692,-2.7237,0.3455,0.4264,0.303,inf,-0.081
87.9,seguindo,0.2316,0.0976,-3.0674,-2.7098,0.3576,0.4187,0.2922,inf,-0.0832
87.95,seguindo,0.2143,0.0965,-3.0645,-2.687,0.3775,0.4069,0.276,inf,-0.0864
88.0,seguindo,0.2027,0.0957,-3.0625,-2.6704,0.3922,0.399,0.2653,inf,-0.0885
88.05,seguindo,0.1879,0.0952,-3.0541,-2.6455,0.4086,0.3888,0.252,inf,-0.0149
